age,annual_income,loan_amount,loan_term_months,credit_score,existing_debt,derogatory_marks,employment_length_years,dti_ratio,loan_to_income,default
59,26446.66,31062.31,24,794,18185.04,0,10,8.8386,1.1745,1
49,28989.68,36171.79,60,461,28321.13,0,6,11.9728,1.2477,1
35,71486.3,17406.84,36,806,13559.37,1,8,2.3573,0.2435,1
63,39560.14,35551.23,60,564,8135.44,0,4,2.6475,0.8987,1
28,135163.48,27286.01,60,409,21824.51,0,1,1.978,0.2019,1
41,118253.16,34279.04,48,618,11309.1,0,11,1.2201,0.2899,1
59,133815.74,42120.0,36,431,23976.52,0,3,2.255,0.3148,1
39,28285.15,10843.0,48,432,11233.51,0,12,4.8617,0.3833,1
43,65810.5,31450.44,48,693,36309.88,1,1,6.7403,0.4779,1
31,36808.55,4501.34,36,334,14084.13,2,14,4.6323,0.1223,1
31,59678.26,6901.52,36,671,36344.29,0,0,7.3466,0.1156,1
44,30231.26,34380.52,48,330,11539.53,2,17,4.8648,1.1373,1
56,102302.95,5405.01,60,473,24375.95,0,22,2.8698,0.0528,1
60,30572.04,30577.17,60,689,5643.63,0,1,2.4152,1.0002,1
44,15239.66,12560.6,24,405,31245.69,0,3,25.0156,0.8242,1
23,166087.24,16596.07,60,574,8408.6,0,20,0.6275,0.0999,0
42,63927.06,8222.55,36,395,34628.81,0,18,6.5432,0.1286,1
22,25810.17,13936.04,36,329,18371.61,0,19,8.7215,0.5399,1
44,44472.99,41422.01,24,460,4234.31,0,9,1.6082,0.9314,1
64,34678.87,32666.16,36,605,14859.77,0,12,5.4559,0.942,1
50,49189.96,47588.47,48,495,31299.17,2,18,7.8774,0.9674,1
58,79353.55,4339.75,24,637,3513.65,1,7,0.5587,0.0547,0
22,72219.65,40035.78,24,437,25216.3,0,9,4.4671,0.5544,1
41,57081.62,35555.7,60,746,20537.02,0,7,4.442,0.6229,1
53,49175.55,14522.83,60,609,12739.85,0,18,3.1679,0.2953,1
32,93639.02,37000.0,48,478,30346.89,0,8,3.9878,0.3951,1
42,15440.13,36394.33,48,636,2571.41,0,8,2.5878,2.3571,1
64,31277.07,24048.57,60,533,20156.85,0,22,7.8873,0.7689,1
45,27249.82,35054.7,60,548,20521.09,0,12,9.2942,1.2864,1
69,89657.73,23339.88,48,431,3913.04,3,0,0.5888,0.2603,1
47,31462.27,18106.19,60,548,5872.9,0,11,2.3551,0.5755,1
62,22661.59,24391.57,24,754,16681.35,2,9,9.3715,1.0763,1
48,68158.87,44966.22,48,798,21692.64,2,18,3.9841,0.6597,1
36,28417.24,20460.02,60,362,2601.22,0,7,1.2424,0.72,1
35,39718.17,21377.03,36,691,964.38,0,21,0.4708,0.5382,1
67,204574.26,31203.35,36,556,8107.87,0,24,0.5264,0.1525,0
64,78612.27,38143.97,48,547,19768.47,0,10,3.1389,0.4852,1
23,43190.49,37261.8,36,563,2091.01,0,10,0.8685,0.8627,1
57,45584.5,2950.34,36,766,29462.8,0,15,7.7776,0.0647,1
27,84498.79,34995.94,24,660,6501.16,0,10,1.1303,0.4142,0
41,72964.06,23626.59,48,692,31018.14,1,24,5.1823,0.3238,1
29,51295.57,27156.32,36,478,8586.97,0,0,2.1853,0.5294,1
59,52163.38,28959.84,60,805,14191.47,0,5,3.3757,0.5552,1
38,20172.81,37122.54,48,798,19424.17,1,12,12.0147,1.8402,1
24,17782.92,41903.98,48,591,14217.2,0,10,10.1829,2.3564,1
45,44086.4,33020.53,36,398,1432.97,1,2,0.6397,0.749,1
34,33524.4,29067.55,36,480,36388.68,2,20,13.3143,0.8671,1
29,69678.52,19940.92,24,702,11815.43,0,0,2.1779,0.2862,1
46,55177.35,8618.15,60,673,5873.42,0,13,1.3086,0.1562,1
22,30832.83,48011.73,24,552,5734.47,0,10,3.0104,1.5572,1
40,54063.74,24168.43,24,421,38997.19,0,13,8.8793,0.447,1
48,38141.58,29178.19,60,741,5360.78,0,22,1.8396,0.765,1
67,169390.3,38051.51,36,544,14188.62,0,21,1.08,0.2246,0
27,61805.36,5283.7,24,790,3171.05,1,9,0.6584,0.0855,0
64,19218.64,43040.53,48,345,29551.18,0,20,19.0115,2.2395,1
28,146138.35,40257.24,24,751,24071.69,1,1,2.1144,0.2755,1
67,33527.14,39172.57,60,595,21575.97,0,23,7.9561,1.1684,1
55,27314.09,3055.17,24,440,34305.69,1,4,15.1276,0.1119,1
34,177408.81,27272.9,24,820,23146.8,0,14,1.6425,0.1537,0
37,60325.01,4604.88,48,365,38243.47,0,17,7.6266,0.0763,1
56,74642.07,28441.88,60,782,25099.81,0,15,4.1114,0.381,1
60,76102.48,36485.52,48,608,14496.45,0,19,2.4057,0.4794,1
24,43321.58,7848.81,36,759,1951.5,0,23,0.601,0.1812,1
22,34771.62,35354.39,60,697,29148.39,0,23,10.2627,1.0168,1
26,38347.53,23577.58,24,768,15258.98,0,2,5.0824,0.6148,1
62,128710.34,40954.54,48,691,24168.49,0,23,2.3328,0.3182,1
24,55396.55,27612.27,48,396,35115.75,0,8,7.7314,0.4984,1
49,107769.4,18133.83,60,489,802.5,1,17,0.123,0.1683,1
38,46823.15,17935.6,48,494,30504.69,0,21,7.9136,0.383,1
46,31156.24,45079.35,60,633,17693.75,0,18,7.1042,1.4469,1
64,20633.48,23737.84,36,382,5400.38,0,4,3.5242,1.1505,1
54,72316.09,21476.19,60,550,23507.08,0,3,3.9601,0.297,1
30,135463.68,3913.93,60,369,21538.29,0,7,1.9137,0.0289,1
56,28808.22,19487.58,36,591,33771.17,0,6,14.2928,0.6765,1
34,66704.22,42782.1,36,639,21101.73,3,22,4.01,0.6414,1
51,21474.7,38527.41,24,684,33180.4,0,10,19.4382,1.7941,1
68,35121.96,12603.83,48,757,22007.33,0,11,7.6089,0.3589,1
35,57570.3,21826.72,36,440,18154.35,0,11,3.9105,0.3791,1
28,17379.1,11435.82,36,439,15161.76,3,15,10.6883,0.658,1
34,48493.55,47802.41,48,374,7361.05,0,15,2.068,0.9857,1
43,29672.61,30709.66,48,399,23569.22,0,14,9.7904,1.0349,1
60,70463.88,38209.03,24,474,21997.89,2,0,4.0174,0.5422,1
41,44389.56,36262.82,24,622,39041.72,0,14,10.9628,0.8169,1
36,86134.34,43937.09,60,776,16790.15,2,21,2.4412,0.5101,1
65,41449.91,47567.73,24,309,17150.17,1,17,5.5389,1.1476,1
38,21645.92,3557.42,36,345,6972.92,0,23,3.9204,0.1643,1
67,20086.92,48814.46,36,815,24104.08,0,5,15.2099,2.4302,1
44,15593.26,43786.04,48,612,33990.16,0,8,26.8596,2.808,1
46,71666.21,20381.48,24,537,10292.97,0,16,1.8657,0.2844,1
45,227439.27,42179.32,60,330,858.58,0,23,0.0824,0.1855,0
65,63649.25,37354.78,60,809,27813.21,1,11,5.3611,0.5869,1
61,133683.2,40069.49,60,429,1739.26,0,1,0.2161,0.2997,0
49,96775.0,12593.17,60,684,16666.41,0,15,2.0926,0.1301,1
35,35918.16,33131.06,48,324,24702.06,3,22,8.4834,0.9224,1
65,104735.1,3244.44,24,560,15747.46,0,14,1.8198,0.031,1
21,36785.36,42715.0,24,697,10792.84,0,11,4.1014,1.1612,1
45,37226.47,47650.06,24,629,32071.03,0,14,10.9781,1.28,1
27,43253.98,33781.93,24,448,12386.86,0,12,3.827,0.781,1
29,44501.63,26608.14,60,708,7611.85,1,11,2.1721,0.5979,0
44,72898.38,36835.09,60,418,15841.67,0,18,2.7088,0.5053,1
21,32776.53,17665.34,48,733,5700.76,1,15,2.2219,0.539,1
64,83571.82,32066.61,48,527,27770.68,0,6,4.0835,0.3837,1
28,82854.92,36510.7,60,539,28548.18,0,16,4.2228,0.4407,1
44,60221.1,8848.68,36,531,1083.75,0,9,0.2649,0.1469,1
31,156963.28,8723.26,24,589,27947.23,0,8,2.1644,0.0556,0
37,106131.65,36374.63,48,453,12310.0,0,5,1.4775,0.3427,1
28,93138.0,22725.56,60,458,26420.04,0,22,3.4528,0.244,1
55,51005.67,44681.67,24,775,28406.12,2,8,7.1211,0.876,1
55,60540.01,16973.07,24,847,11472.37,2,0,2.4142,0.2804,1
53,67123.16,4036.68,60,312,7822.73,3,15,1.4105,0.0601,1
25,49411.81,33194.05,36,806,33141.18,0,13,8.2725,0.6718,1
62,39130.53,34843.48,36,517,29697.78,0,7,9.4041,0.8904,1
59,11574.65,28572.4,48,521,33567.12,1,14,35.4178,2.4685,1
61,75407.29,34799.97,60,587,17710.93,0,15,2.9107,0.4615,1
48,91570.86,27140.21,48,823,18526.57,0,13,2.5019,0.2964,0
27,24424.17,35246.38,36,786,14094.6,0,15,7.4059,1.4431,1
29,70481.19,4109.0,48,623,20212.97,0,6,3.456,0.0583,1
28,34374.97,19683.07,48,475,26039.52,0,17,9.2333,0.5726,1
32,39343.36,12119.21,36,340,32674.52,1,16,10.0686,0.308,1
54,107630.17,6767.65,24,624,7735.24,1,0,0.8939,0.0629,1
53,27054.79,13236.45,24,566,16514.0,0,10,7.5693,0.4892,1
68,27030.23,11182.91,36,692,18717.46,0,19,8.4475,0.4137,1
43,144769.86,48710.31,24,412,19775.78,2,4,1.8075,0.3365,1
44,44921.24,15754.2,60,583,21907.93,0,22,5.9225,0.3507,1
57,103562.17,13086.03,24,502,32169.02,0,12,3.7907,0.1264,1
55,18784.33,42073.98,36,443,35506.9,0,7,23.4295,2.2398,1
64,19709.15,22117.58,60,542,6786.73,0,17,4.3566,1.1222,1
60,28345.78,22230.34,48,334,28650.93,0,12,12.3253,0.7843,1
42,36721.71,23292.34,36,352,19424.78,2,8,6.5591,0.6343,1
47,21121.1,21993.66,36,802,16999.81,0,10,10.0056,1.0413,1
55,61180.14,17675.14,24,655,4977.05,0,22,1.1207,0.2889,0
21,63624.67,15744.29,60,449,3033.36,0,5,0.6216,0.2475,0
55,28598.64,44334.06,36,736,39123.53,0,10,16.933,1.5502,1
57,29996.64,9761.95,60,749,25873.56,0,14,10.4157,0.3254,1
67,32465.43,10690.99,60,824,18370.82,1,13,6.8562,0.3293,1
34,24369.03,29442.52,24,566,30589.66,3,7,15.6673,1.2082,1
23,8627.11,18495.61,36,385,4099.74,0,17,6.4172,2.1439,1
21,46582.3,22233.41,60,608,24494.13,0,0,6.4054,0.4773,1
25,37863.29,40714.24,60,564,26594.16,0,20,8.6435,1.0753,1
46,40259.95,45374.29,48,791,18356.17,0,8,5.7531,1.127,1
34,26713.33,39946.58,24,316,10477.65,0,22,5.4544,1.4954,1
59,79721.81,13276.56,36,488,38206.1,0,6,5.8064,0.1665,1
47,210078.16,49038.62,60,821,12394.83,0,14,0.7547,0.2334,0
29,29719.22,19432.47,24,465,5429.48,0,14,2.5192,0.6539,1
35,113529.46,10115.22,36,644,25403.71,2,8,2.7149,0.0891,1
35,61083.06,25975.84,60,518,23185.76,0,20,4.64,0.4253,1
46,50073.74,36813.72,36,393,30313.52,1,4,7.5096,0.7352,1
62,39875.86,5997.0,36,457,30274.43,1,6,9.1607,0.1504,1
33,46633.29,32445.77,24,333,24999.32,0,11,6.7809,0.6958,1
52,97709.53,43187.74,24,715,8697.64,0,5,1.2892,0.442,1
59,24764.13,14565.51,48,805,35542.25,0,9,17.3698,0.5882,1
69,41564.26,35269.91,48,789,10307.18,2,14,3.1879,0.8486,1
52,103714.8,21195.61,48,823,4212.38,0,21,0.5385,0.2044,0
24,88453.19,21878.49,60,532,12409.22,0,23,1.733,0.2473,1
50,24995.43,15479.07,48,406,19587.67,0,3,9.5586,0.6193,1
57,43934.05,31970.9,36,492,8683.71,0,14,2.6144,0.7277,1
43,75872.13,19327.96,24,767,13680.03,0,17,2.291,0.2547,1
59,72988.48,41883.34,36,821,20790.88,0,2,3.6095,0.5738,1
65,87999.0,48219.46,24,578,13256.11,0,14,2.0816,0.548,1
35,61732.85,46884.21,24,427,4028.04,0,19,1.1627,0.7595,1
63,68266.33,9830.16,36,640,8289.93,2,4,1.5052,0.144,1
49,60215.07,2681.13,36,358,31871.17,3,1,6.3663,0.0445,1
56,126480.05,23046.48,60,481,38196.1,0,14,3.6604,0.1822,1
33,38059.78,36986.42,24,813,6363.26,0,7,2.4922,0.9718,1
52,50458.91,48917.85,48,542,27400.25,0,4,6.7586,0.9695,1
27,26662.64,39604.27,60,527,36270.4,0,22,16.6212,1.4854,1
42,23689.49,29866.37,48,817,12316.14,0,8,6.554,1.2607,1
48,59573.97,3264.94,60,444,33263.74,0,6,6.7113,0.0548,1
22,31744.93,41625.95,24,426,36244.96,0,3,14.3567,1.3113,1
62,47353.15,10502.96,36,634,12330.17,1,18,3.1986,0.2218,1
65,129398.18,4669.11,36,707,2741.26,0,7,0.2662,0.0361,0
26,124986.7,42817.22,24,420,36713.33,0,13,3.6961,0.3426,1
48,186172.11,29180.04,36,584,13554.07,0,8,0.9259,0.1567,1
48,130952.7,8170.48,24,541,1042.65,0,4,0.1267,0.0624,0
64,207276.91,20554.05,24,377,19259.33,1,5,1.1646,0.0992,1
64,63698.6,6106.0,24,749,5077.12,1,9,1.0044,0.0959,1
40,28515.06,32624.52,60,769,36117.22,0,12,15.428,1.1441,1
50,26896.85,15556.51,36,480,6622.32,0,9,3.1473,0.5784,1
31,113300.44,43572.52,60,564,12524.54,0,21,1.4034,0.3846,1
48,50563.03,19174.21,48,594,31722.78,2,12,7.6235,0.3792,1
45,52874.63,25742.43,24,546,32350.71,0,2,7.5855,0.4869,1
59,35261.86,5049.12,36,723,36100.56,1,11,12.3331,0.1432,1
53,37892.01,15228.45,48,358,20147.15,0,3,6.4809,0.4019,1
21,61713.35,34484.83,24,757,39475.46,1,10,7.9553,0.5588,1
47,26026.38,37340.61,48,310,20889.47,0,8,9.9902,1.4347,1
33,57198.51,13655.45,60,646,31732.96,1,5,6.7052,0.2387,1
61,121375.96,26183.36,60,304,14795.15,0,11,1.5059,0.2157,1
23,13627.14,41241.49,36,669,37681.01,0,13,34.1905,3.0264,1
59,19442.43,20235.69,48,757,27558.14,0,20,17.2693,1.0408,1
26,73523.91,8421.02,48,544,3545.38,0,8,0.6073,0.1145,1
28,111121.64,22729.78,60,548,4786.53,0,7,0.5578,0.2045,1
47,36536.4,30830.18,60,734,35687.02,0,8,11.8898,0.8438,1
29,14780.38,2355.13,36,719,32477.56,1,12,26.4212,0.1593,1
57,115746.13,18731.24,24,404,13538.72,1,10,1.4845,0.1618,1
53,30132.54,31156.92,36,541,21103.04,1,8,8.7488,1.034,1
62,39468.26,47691.77,60,571,34183.56,2,19,10.6349,1.2084,1
64,59363.03,21610.34,36,818,4585.53,0,7,1.0483,0.364,0
44,32864.23,9822.67,24,343,5956.51,0,9,2.3244,0.2989,1
35,28978.87,27642.52,60,325,28763.31,2,8,12.1015,0.9539,1
52,29299.33,15716.11,24,480,3747.12,0,20,1.8029,0.5364,1
52,149455.97,12309.41,36,727,14426.38,0,3,1.1858,0.0824,0
44,98298.9,30339.36,24,567,10446.43,0,9,1.4296,0.3086,1
61,69196.84,45962.41,60,450,30531.29,3,16,5.4275,0.6642,1
69,13202.22,42090.76,60,394,596.69,0,18,1.18,3.1882,1
69,69349.56,10750.04,24,681,5057.7,0,9,0.9527,0.155,1
32,67138.98,38762.21,36,814,4410.8,0,17,0.9808,0.5773,0
59,22768.2,13033.69,36,727,13064.04,0,15,7.0762,0.5725,1
22,57252.47,15953.66,36,724,9682.94,1,22,2.1224,0.2787,0
23,92124.44,46162.47,36,498,9517.17,1,3,1.4067,0.5011,1
69,68983.29,45730.41,48,307,15130.53,0,8,2.7978,0.6629,1
57,32594.48,10094.28,48,626,8954.93,0,8,3.3743,0.3097,1
69,49412.5,5081.21,24,320,4695.46,0,1,1.1917,0.1028,1
37,75979.14,16069.67,48,845,23538.42,0,18,3.7705,0.2115,1
69,50801.0,29925.2,48,554,38093.64,0,7,9.1456,0.5891,1
22,104044.18,44090.8,48,732,24483.01,1,18,2.9297,0.4238,1
22,62156.39,7704.19,24,804,30402.32,0,3,5.9315,0.1239,1
48,77014.85,21918.01,48,326,38900.99,0,10,6.1325,0.2846,1
43,80245.05,15043.99,36,819,6549.92,0,2,1.042,0.1875,0
57,25848.05,2716.59,36,829,18662.49,0,17,8.6991,0.1051,1
52,50513.28,39845.42,24,799,23482.97,0,16,5.973,0.7888,1
53,40158.42,41037.64,24,532,13223.46,1,18,4.4623,1.0219,1
21,91702.75,12618.99,24,695,24718.61,0,8,3.3034,0.1376,1
39,64727.4,9259.53,60,606,25140.91,0,15,4.6896,0.1431,1
22,43786.14,8938.92,48,809,33768.05,1,7,9.3055,0.2041,1
64,22717.46,24269.47,24,723,33384.36,1,8,18.1687,1.0683,1
46,18804.57,13831.79,24,449,6129.62,0,4,4.2793,0.7356,1
52,59053.88,26545.07,24,691,7171.23,0,4,1.682,0.4495,1
26,31878.03,20472.88,36,789,9283.69,0,13,3.7088,0.6422,1
52,73106.74,12122.73,24,346,10818.59,0,23,1.8587,0.1658,0
24,18290.11,38057.21,36,611,22797.49,0,13,15.6508,2.0808,1
31,127487.13,9217.47,36,438,13435.87,0,4,1.2888,0.0723,1
37,73007.57,40347.31,60,704,38142.03,0,3,6.3798,0.5526,1
58,52026.63,28949.43,24,313,5172.91,0,24,1.4714,0.5564,1
44,134569.4,41937.78,60,818,10236.16,0,16,0.9751,0.3116,0
25,86599.62,2228.43,24,484,34798.54,0,5,4.8349,0.0257,1
54,36864.27,37961.05,48,414,23581.08,0,6,7.9335,1.0298,1
26,51356.45,4472.75,24,409,22123.42,0,13,5.2129,0.0871,1
42,15084.69,47604.74,24,580,23976.64,0,14,20.6515,3.1558,1
31,92828.98,35731.5,24,842,10464.45,0,5,1.5452,0.3849,0
68,41045.19,17368.27,24,385,30577.17,0,9,9.1511,0.4231,1
36,14967.93,17352.82,24,437,20113.02,3,7,16.7046,1.1593,1
53,24122.42,43351.63,24,765,2182.54,1,7,1.9843,1.7972,1
29,82664.64,45336.33,60,376,7497.75,1,4,1.1981,0.5484,1
26,129092.13,44795.52,48,436,32756.65,1,15,3.1317,0.347,1
36,49625.26,40819.53,60,396,14129.27,1,19,3.5811,0.8226,1
49,27194.48,41313.54,48,830,31051.04,0,10,14.0816,1.5192,1
23,20900.96,29492.86,60,308,26703.38,0,6,15.6136,1.4111,1
40,114550.24,3355.09,60,382,12407.66,0,24,1.3057,0.0293,0
56,64195.0,6165.12,24,346,5517.9,1,1,1.0795,0.096,1
39,40211.82,33178.56,60,811,32374.34,1,6,9.8262,0.8251,1
46,34857.96,21255.93,48,729,25901.95,0,5,9.0693,0.6098,1
23,73357.34,29230.86,36,389,12381.5,2,18,2.1582,0.3985,1
39,72156.39,13091.73,48,812,21169.36,0,17,3.5659,0.1814,1
40,28625.39,33172.02,60,713,24670.17,0,0,10.5737,1.1588,1
52,24700.44,13655.82,36,812,583.68,0,17,0.4679,0.5529,0
27,25459.86,24119.01,24,376,26985.27,0,11,13.1926,0.9473,1
61,37014.51,24978.56,36,380,26415.08,0,20,8.7886,0.6748,1
53,32406.97,10528.08,24,501,3761.85,0,16,1.5554,0.3249,1
60,129424.79,44057.97,48,746,31616.26,0,7,3.0165,0.3404,1
59,36233.22,27239.41,36,406,33091.01,0,19,11.2099,0.7518,1
38,23160.42,43605.62,36,591,11961.42,1,2,6.8251,1.8828,1
60,23954.26,14601.71,36,611,6907.4,0,9,3.6635,0.6096,1
21,43897.69,10272.13,24,816,27616.02,0,15,7.6662,0.234,1
31,16427.72,2864.8,24,725,5372.33,1,17,4.0115,0.1744,1
48,47284.02,6505.5,48,714,34392.68,0,0,8.7628,0.1376,1
45,21988.49,9078.59,48,434,19465.11,0,7,10.7261,0.4129,1
43,98239.75,5785.07,60,818,36437.45,0,24,4.4626,0.0589,1
51,52571.92,45050.21,24,663,25865.69,0,18,6.3325,0.8569,1
50,175012.76,45749.04,48,683,11761.14,1,2,0.8718,0.2614,0
62,42748.08,46993.41,36,331,18987.49,0,15,5.6965,1.0993,1
55,7487.23,48073.32,36,839,21409.21,0,15,36.4534,6.4207,1
27,117548.79,25608.08,36,786,32698.77,0,15,3.4107,0.2179,1
36,66247.56,27441.18,48,664,34543.28,1,24,6.3607,0.4142,1
46,72703.49,8279.86,36,563,27478.97,0,22,4.5735,0.1139,1
68,26861.51,8578.5,36,441,12120.83,1,11,5.5213,0.3194,1
69,47776.6,39092.31,24,329,21378.46,0,8,5.7787,0.8182,1
22,54823.63,43075.0,24,429,5659.56,0,17,1.6316,0.7857,1
21,42502.05,39666.29,48,369,9589.32,0,22,2.9408,0.9333,1
68,17315.93,42059.64,24,418,12470.82,0,23,9.8568,2.429,1
32,258129.13,15275.38,60,626,3374.02,0,10,0.1687,0.0592,0
25,80942.76,24371.16,48,369,35457.05,0,19,5.3319,0.3011,1
57,63092.07,24041.57,60,507,5344.45,1,10,1.0927,0.3811,1
52,107832.18,49773.6,60,390,28025.13,0,19,3.2111,0.4616,1
29,72150.92,47560.54,48,419,20473.64,0,11,3.5699,0.6592,1
61,32652.55,30727.33,24,506,33354.83,0,17,12.7286,0.941,1
55,103763.51,8622.71,24,705,29770.91,1,1,3.4845,0.0831,1
39,81742.52,14412.61,48,846,30509.65,0,3,4.523,0.1763,1
68,33403.92,19460.55,60,423,17024.68,0,3,6.2324,0.5826,1
36,78748.05,43914.16,48,411,33442.06,0,20,5.2355,0.5577,1
23,42432.0,10190.36,48,506,4242.3,0,13,1.2598,0.2402,1
40,55552.67,12547.85,36,685,18054.55,2,12,3.9753,0.2259,1
44,70248.22,18770.47,36,446,39787.26,0,8,6.8856,0.2672,1
53,111424.07,46491.69,60,431,37950.52,0,14,4.1706,0.4172,1
44,33269.7,26182.98,24,403,3747.4,1,24,1.7451,0.787,0
31,61021.24,33048.13,36,541,23132.93,1,22,4.7297,0.5416,1
69,164297.77,20586.72,36,630,12968.2,2,21,0.9889,0.1253,0
28,44106.9,11049.06,60,448,29274.67,0,9,8.0148,0.2505,1
56,55156.73,12694.43,48,468,29563.6,0,4,6.4895,0.2302,1
58,164150.39,40528.22,36,383,503.68,0,3,0.1191,0.2469,0
60,71860.82,44887.14,24,819,33909.86,0,17,5.9749,0.6246,1
40,20243.96,25667.63,60,406,9331.52,2,3,5.785,1.2679,1
55,30415.68,19135.74,36,564,38653.31,0,15,15.4597,0.6291,1
68,74142.75,40776.09,60,330,36264.54,1,10,5.9794,0.55,1
45,63183.78,34308.55,36,846,8031.03,0,6,1.7063,0.543,0
55,54043.68,3961.95,36,546,25635.25,0,0,5.7166,0.0733,1
45,179285.45,18835.56,60,829,12205.88,0,2,0.838,0.1051,1
49,33843.69,34744.3,24,323,4567.87,0,15,2.1329,1.0266,1
38,46880.25,29536.63,24,797,35023.09,1,3,9.2799,0.63,1
66,15095.23,48947.23,48,603,7642.65,0,22,6.8862,3.2426,1
38,98360.63,43573.54,36,697,17128.22,1,2,2.2373,0.443,1
22,30354.15,4867.44,48,702,37005.47,0,19,14.6696,0.1604,1
55,92436.95,36836.91,60,615,3476.5,0,0,0.531,0.3985,0
36,86787.52,18143.68,48,577,22248.09,0,0,3.1285,0.2091,1
61,200678.53,34739.97,60,841,23099.7,0,9,1.4159,0.1731,0
56,72371.32,31626.78,24,442,30641.14,1,11,5.2992,0.437,1
53,39590.64,26146.41,60,709,33171.67,1,2,10.1865,0.6604,1
24,64355.25,42941.58,60,655,17253.68,0,22,3.3507,0.6673,1
53,31083.99,36017.11,48,823,29875.48,0,12,11.8231,1.1587,1
34,59367.14,44698.65,36,502,36462.35,0,5,7.6212,0.7529,1
41,43454.01,15516.98,48,549,35507.51,0,20,9.8948,0.3571,1
68,46995.02,18710.12,24,402,20321.85,0,23,5.3882,0.3981,1
40,28594.8,31853.66,24,767,24477.67,1,23,10.8292,1.114,1
28,58704.26,48390.29,24,334,27075.95,0,19,5.9469,0.8243,1
27,80381.39,19835.94,36,623,32854.8,0,9,4.9871,0.2468,1
23,18192.09,3550.1,48,831,20555.46,1,5,13.6077,0.1951,1
37,32430.17,23402.62,60,567,4920.05,0,0,1.9649,0.7216,1
53,54221.26,28108.62,60,352,15719.42,0,14,3.5826,0.5184,1
68,11987.38,40447.4,36,317,28947.98,1,13,30.1032,3.3742,1
32,139268.45,36972.82,24,403,25140.06,0,11,2.2989,0.2655,1
42,31994.95,48303.81,36,451,30262.93,0,9,11.8536,1.5097,1
42,27921.37,39568.77,60,713,20248.17,1,8,8.9857,1.4172,1
66,43286.44,16334.16,24,383,7388.99,2,20,2.2371,0.3774,1
50,53232.46,32786.25,36,607,5050.7,1,14,1.3439,0.6159,1
58,31135.88,34267.58,60,450,19509.85,0,13,7.7394,1.1006,1
58,88278.18,49904.98,60,848,8626.13,1,23,1.2856,0.5653,0
65,62306.68,8659.42,36,678,39299.54,0,9,7.6153,0.139,1
28,29662.97,11183.62,60,757,8350.74,1,0,3.4537,0.377,1
47,35830.58,9464.65,48,652,22887.98,0,19,7.7314,0.2642,1
47,19730.84,30274.89,48,675,569.83,0,1,0.7302,1.5344,1
54,23109.42,8494.45,24,507,10518.98,2,1,5.646,0.3676,1
41,61855.67,33488.37,48,759,10735.97,2,1,2.2181,0.5414,1
50,29848.24,40581.15,48,703,29650.5,0,1,12.2604,1.3596,1
53,144722.11,22774.06,36,829,20077.23,0,7,1.7172,0.1574,0
48,51151.85,28912.88,24,784,977.63,2,21,0.512,0.5652,0
67,21770.39,45810.66,36,421,15477.25,0,24,9.2326,2.1043,1
53,24686.0,29339.16,36,419,25968.85,0,17,13.0198,1.1885,1
25,92206.12,12013.07,48,550,25649.92,0,12,3.3707,0.1303,1
68,46821.22,18473.3,48,598,2628.6,0,16,0.7723,0.3945,1
39,88893.73,27432.6,60,346,37192.06,0,7,5.0824,0.3086,1
24,39344.33,9435.09,60,598,10256.15,3,9,3.1761,0.2398,1
55,35026.52,31400.95,24,818,35715.28,0,13,12.6842,0.8965,1
69,95958.24,49963.81,48,544,8929.87,0,18,1.2469,0.5207,1
37,29285.67,33321.68,60,517,22930.09,0,18,9.6233,1.1378,1
64,65738.0,19875.73,36,643,16540.17,0,23,3.1201,0.3023,1
48,43171.24,17923.83,48,613,23463.3,0,4,6.6257,0.4152,1
50,83052.98,46716.96,24,589,20165.58,2,23,3.1949,0.5625,1
49,145960.37,43832.69,24,496,580.87,0,17,0.1979,0.3003,0
66,38742.54,24673.21,36,715,14377.63,2,9,4.6656,0.6369,1
26,35302.7,18963.9,60,605,943.08,0,15,0.428,0.5372,0
55,73092.79,36102.29,36,777,27492.98,0,24,4.6783,0.4939,1
61,25611.53,17096.12,60,835,34213.08,0,17,16.1637,0.6675,1
57,129298.54,7731.36,48,519,15696.22,0,8,1.4717,0.0598,1
44,116729.38,16887.31,24,653,21229.68,0,9,2.2548,0.1447,1
49,26917.4,22846.21,60,534,3100.58,0,21,1.552,0.8488,1
69,18960.73,14259.75,36,605,15715.3,0,11,10.1967,0.7521,1
66,24432.11,12407.06,48,409,5984.99,0,4,3.0665,0.5078,1
51,24656.07,2294.73,60,613,3055.72,1,14,1.5058,0.0931,1
55,79304.99,32280.45,48,312,7295.31,0,22,1.2056,0.407,1
53,124181.84,31493.55,48,466,34898.34,0,6,3.4357,0.2536,1
41,78753.32,11025.21,36,352,39297.07,0,19,6.0345,0.14,1
52,42543.6,47295.2,36,485,35228.96,1,6,10.3074,1.1117,1
43,60204.3,21659.4,48,575,38801.98,0,2,7.824,0.3598,1
53,29089.52,3223.01,48,746,29366.87,0,2,12.1421,0.1108,1
23,94686.32,12549.05,60,651,6808.37,0,6,0.8894,0.1325,0
38,63526.81,35219.24,36,309,22745.23,0,0,4.4813,0.5544,1
45,77957.47,11677.76,60,709,29398.04,0,23,4.5552,0.1498,1
62,31681.2,4587.8,24,446,20781.78,0,17,7.944,0.1448,1
51,44304.51,31649.9,60,776,22409.36,0,0,6.2125,0.7144,1
23,75738.65,26881.03,48,727,23654.51,0,5,3.8365,0.3549,1
60,116553.74,38540.76,24,787,18940.43,1,19,2.1154,0.3307,1
66,34034.85,39086.31,60,829,11978.24,0,6,4.453,1.1484,1
44,78297.51,48076.89,24,676,25662.49,0,11,4.2401,0.614,1
52,31976.51,4736.84,36,411,2613.58,0,2,1.0302,0.1481,1
67,174611.06,3871.49,60,514,7251.63,0,1,0.5028,0.0222,1
42,38219.65,49385.46,60,809,37047.83,0,14,11.8905,1.2921,1
43,72121.18,32952.7,36,810,19808.24,0,19,3.4481,0.4569,1
22,54142.01,36337.79,60,325,32956.51,0,3,7.4387,0.6712,1
47,234024.68,6631.14,24,492,29198.36,0,19,1.5114,0.0283,0
62,56271.36,5351.01,36,402,13168.01,0,18,2.8398,0.0951,1
22,35988.92,9692.17,24,504,32244.14,0,22,10.886,0.2693,1
46,71948.36,22505.39,60,710,4107.24,0,20,0.7476,0.3128,0
37,70993.57,7288.46,60,350,35061.64,0,10,5.947,0.1027,1
60,44601.29,23424.02,60,430,27382.12,0,19,7.4722,0.5252,1
53,25416.16,28953.72,60,642,37119.36,0,4,17.7534,1.1392,1
29,35710.52,2015.98,24,699,35872.66,0,22,12.0827,0.0565,1
63,83191.41,7483.79,60,501,15520.35,0,19,2.2567,0.09,1
68,17180.51,20009.37,36,599,34344.88,0,11,24.377,1.1647,1
59,42242.09,4559.83,36,445,22739.13,0,15,6.4956,0.1079,1
49,89046.89,8409.39,48,761,6706.02,0,9,0.9273,0.0944,1
62,46346.56,13126.23,36,803,33267.26,0,20,8.7079,0.2832,1
46,180633.62,22620.87,48,450,36362.83,1,21,2.447,0.1252,1
55,17209.38,36312.19,36,615,3839.61,0,5,3.3807,2.11,1
45,27534.07,8369.05,36,498,37256.84,1,11,16.3387,0.304,1
44,12224.77,37422.01,60,728,24249.96,0,6,24.4163,3.0612,1
33,162139.82,43042.92,36,602,1522.95,1,9,0.2012,0.2655,1
27,27806.02,33270.98,60,797,21900.89,0,15,9.6909,1.1965,1
56,14881.1,4098.83,60,404,31971.59,1,2,25.8367,0.2754,1
65,33956.94,23151.38,36,309,21560.67,0,15,7.8466,0.6818,1
40,21254.3,33683.17,24,326,28436.23,0,11,16.8472,1.5848,1
21,34102.61,48968.63,60,626,35243.52,0,7,12.6886,1.4359,1
28,50248.58,47686.8,36,794,34855.58,0,4,8.6403,0.949,1
66,79455.52,20993.75,24,426,7565.36,0,16,1.2747,0.2642,0
36,44143.4,31564.69,36,415,17371.64,0,19,4.9607,0.715,1
34,49770.34,44759.13,36,470,4891.02,0,19,1.479,0.8993,0
32,34580.42,41890.22,24,511,24006.36,1,13,8.9363,1.2114,1
43,19790.97,25012.25,36,488,38211.71,0,23,23.5905,1.2638,1
35,16188.82,14539.58,60,789,7682.96,0,8,5.8746,0.8981,1
48,39391.63,8580.8,48,686,16443.4,1,18,5.0637,0.2178,1
54,51574.56,25423.05,48,429,38184.06,1,11,9.0076,0.4929,1
22,37677.99,36696.6,36,322,30129.67,0,10,9.9206,0.974,1
52,16554.34,48548.95,48,478,3311.19,1,0,3.1334,2.9327,1
43,55317.25,43367.12,48,700,17422.41,0,10,3.9754,0.784,1
42,130298.46,11803.57,48,804,39521.49,1,7,3.6624,0.0906,1
45,45762.13,36549.35,60,710,18403.08,0,24,4.9855,0.7987,1
42,34623.28,15876.86,60,831,25361.36,0,19,8.8816,0.4586,1
42,47273.42,34806.68,48,628,28188.58,0,20,7.3395,0.7363,1
69,25269.97,33958.66,24,770,26725.29,0,3,13.363,1.3438,1
62,24310.42,15076.67,24,719,20989.38,0,3,10.6708,0.6202,1
26,64270.01,13250.65,24,711,5745.43,1,10,1.1758,0.2062,1
35,88804.53,6989.01,60,328,28482.39,0,18,3.8645,0.0787,1
63,44879.71,4425.9,60,544,37366.45,1,3,10.0108,0.0986,1
57,14999.03,43205.65,60,843,37697.02,0,24,30.7357,2.8806,1
53,60597.53,4392.77,60,359,23938.88,0,22,4.7551,0.0725,1
28,169469.68,6259.58,48,438,19941.8,0,5,1.4213,0.0369,1
64,42347.35,13464.9,60,656,13691.46,0,8,3.9434,0.318,1
64,44059.34,44607.6,48,511,4590.98,0,10,1.5035,1.0124,1
25,29039.72,17981.14,24,438,35383.15,1,11,14.9309,0.6192,1
59,65434.99,11206.38,48,667,5913.61,1,17,1.1273,0.1713,0
24,32774.63,36346.66,24,785,11873.86,0,19,4.902,1.109,1
26,90481.54,17315.35,60,792,29745.74,0,8,3.9833,0.1914,1
65,33039.25,18001.6,24,635,28338.17,0,23,10.565,0.5449,1
52,60178.77,37470.88,24,477,27400.0,1,14,5.7751,0.6227,1
50,47676.48,14079.34,48,812,29797.43,0,16,7.5737,0.2953,1
67,124625.31,45044.48,24,412,21908.11,0,8,2.2902,0.3614,1
55,62673.1,28948.24,36,582,6620.56,1,12,1.4216,0.4619,0
60,112668.41,27815.92,24,415,39935.14,0,1,4.3768,0.2469,1
36,52322.1,14708.11,60,843,35739.51,0,16,8.253,0.2811,1
33,44247.57,42084.53,24,340,17530.51,1,17,5.2299,0.9511,1
62,47910.29,29491.98,36,466,21447.88,1,5,5.5772,0.6156,1
50,30858.1,9464.79,48,520,16045.26,1,1,6.3163,0.3067,1
39,67440.52,11902.32,24,612,25700.14,0,0,4.6612,0.1765,1
37,32395.83,24476.28,36,645,29380.03,0,4,11.1347,0.7555,1
39,52442.77,39422.81,60,770,9646.75,0,13,2.3577,0.7517,1
48,81889.1,47086.17,60,430,17595.46,2,17,2.6934,0.575,1
46,126769.96,33847.93,48,347,25789.27,0,3,2.508,0.267,1
57,54052.77,26294.88,60,433,39526.78,0,13,8.8724,0.4865,1
46,82184.68,14035.13,36,818,13332.53,1,14,2.0036,0.1708,1
43,76506.63,34297.66,24,616,29927.52,0,23,4.9183,0.4483,1
29,38971.03,49147.51,36,737,14193.53,1,21,4.7909,1.2611,1
32,173630.03,24858.68,48,734,4147.42,0,7,0.3224,0.1432,0
21,34691.66,9782.81,24,385,30920.76,0,20,10.8366,0.282,1
21,51771.59,6960.35,36,347,26147.62,0,1,6.1055,0.1344,1
67,117297.87,14924.3,48,789,20816.42,0,16,2.1614,0.1272,0
54,115575.0,29333.22,48,723,27163.92,0,23,2.8838,0.2538,1
52,49443.81,47446.65,24,686,35232.35,2,16,9.0307,0.9596,1
68,88809.6,16359.92,24,539,30382.17,0,24,4.1974,0.1842,1
45,42856.67,16658.78,60,750,34383.79,2,19,9.7053,0.3887,1
60,36563.02,25096.62,60,557,11955.74,2,5,4.0612,0.6864,1
65,23678.59,46090.03,24,343,32119.1,0,5,17.2508,1.9465,1
21,75684.51,22114.64,60,467,14720.37,0,18,2.3924,0.2922,1
36,80622.46,12715.01,24,490,1315.75,3,0,0.2747,0.1577,1
59,34865.97,9830.28,60,575,2205.78,0,5,0.8156,0.2819,0
25,57575.94,23936.74,36,668,29349.01,0,4,6.2555,0.4157,1
42,240528.31,40432.52,48,605,11240.42,0,3,0.6028,0.1681,1
49,97539.18,15984.92,24,404,12649.58,1,24,1.6382,0.1639,1
23,28541.36,26601.09,24,720,25091.83,0,12,11.0157,0.932,1
32,89405.49,30944.4,24,648,29789.62,0,19,4.1714,0.3461,1
46,28620.63,23622.58,36,618,22575.93,0,16,9.7407,0.8254,1
36,8628.87,11201.13,48,719,28401.7,0,12,39.8222,1.2981,1
57,48424.09,46243.79,60,356,37671.59,0,21,9.5264,0.955,1
42,125231.7,29141.56,60,539,34239.32,0,15,3.3274,0.2327,1
49,113376.43,36998.45,48,726,10011.74,0,12,1.1412,0.3263,0
34,61472.25,32530.06,60,439,36318.27,0,22,7.1955,0.5292,1
48,35417.54,49906.31,24,361,12241.94,0,0,4.8523,1.4091,1
25,65635.36,23902.89,48,451,26593.24,1,24,4.953,0.3642,1
67,41710.32,22398.67,36,429,35051.29,0,9,10.2632,0.537,1
69,36019.17,19286.71,48,730,25126.12,0,17,8.5048,0.5355,1
50,92707.19,19358.17,24,739,32344.75,0,22,4.2911,0.2088,1
66,35752.61,15236.97,48,511,37130.21,1,23,12.5689,0.4262,1
25,96407.76,49070.25,36,699,38694.01,0,23,4.986,0.509,1
32,34361.38,43797.54,36,840,16720.0,3,16,6.264,1.2746,1
36,168568.11,17200.3,48,481,39714.34,1,16,2.8527,0.102,1
46,18317.63,16650.99,48,350,11231.41,0,9,7.585,0.909,1
46,27610.14,6969.63,60,825,18756.37,0,19,8.2024,0.2524,1
68,44657.58,44097.48,60,649,30547.87,1,1,8.4061,0.9875,1
41,14906.81,19844.77,24,357,38821.07,0,9,31.9166,1.3313,1
59,10481.93,29485.54,60,718,2591.18,0,19,3.5291,2.813,1
56,14984.26,45218.13,24,436,37852.85,0,5,31.8229,3.0177,1
53,41140.42,21588.83,24,336,39947.68,0,2,11.9145,0.5248,1
50,41771.68,40729.67,48,793,36428.39,0,9,10.7088,0.9751,1
57,59862.15,22653.71,60,658,4781.18,0,18,1.0341,0.3784,0
43,43555.84,35645.17,36,384,33707.66,0,16,9.5595,0.8184,1
30,58671.53,22696.85,36,838,25770.59,0,11,5.3998,0.3868,1
25,37416.62,20852.44,48,643,876.3,0,20,0.4204,0.5573,0
56,75273.95,49554.04,36,470,39382.86,0,11,6.4978,0.6583,1
54,70023.49,31392.79,36,319,6445.69,0,22,1.254,0.4483,1
51,40295.07,19634.78,48,602,16174.45,0,5,4.9386,0.4873,1
30,67494.87,14375.33,36,496,1695.76,0,11,0.3725,0.213,0
39,43722.25,3908.79,48,626,12726.01,0,19,3.5151,0.0894,1
52,19665.17,35915.18,24,311,22948.87,0,5,14.9169,1.8263,1
21,84347.29,19863.56,60,660,37268.7,0,2,5.3493,0.2355,1
25,28450.2,41420.2,36,595,39619.4,0,2,17.1963,1.4559,1
65,83808.89,19465.69,48,702,17222.65,0,22,2.5241,0.2323,1
24,59540.74,19919.8,36,737,17413.26,0,8,3.621,0.3346,1
36,46596.78,39400.69,60,674,6833.57,0,0,1.929,0.8456,1
44,15895.7,25494.4,36,799,20185.18,2,3,15.7728,1.6039,1
36,123481.59,44474.95,24,725,37633.2,0,11,3.8373,0.3602,1
22,39424.06,30326.52,48,343,7033.15,1,4,2.3331,0.7692,1
69,71735.29,13550.95,60,408,11025.69,0,17,1.8822,0.1889,1
48,45780.59,29277.05,24,397,35707.06,0,15,9.6793,0.6395,1
52,41653.42,2192.08,36,744,25244.01,0,9,7.2901,0.0526,1
47,55032.8,16995.07,36,380,13555.04,0,11,3.0586,0.3088,1
40,49808.62,11981.71,36,517,32603.43,0,10,7.9351,0.2406,1
44,41764.6,33401.02,60,448,4804.08,0,18,1.5403,0.7997,1
32,47420.56,8529.85,48,375,34404.88,2,4,8.7513,0.1799,1
55,63337.88,15924.68,60,362,20961.07,0,23,4.0216,0.2514,1
53,66084.63,17902.81,24,693,30398.91,2,2,5.6554,0.2709,1
53,50312.78,2158.07,48,802,20976.47,0,18,5.0138,0.0429,1
63,71151.18,4244.8,60,666,10227.78,0,5,1.7369,0.0597,1
57,38008.23,16934.05,36,777,25813.52,1,23,8.2984,0.4455,1
32,186266.15,12673.11,24,554,6614.25,0,16,0.4601,0.068,0
23,119533.65,7611.52,36,358,9579.88,0,22,0.983,0.0637,1
21,77456.04,9399.76,60,819,22198.36,0,12,3.4634,0.1214,1
53,15291.49,42105.77,24,688,15904.35,0,6,13.8577,2.7535,1
60,70517.17,34799.34,48,725,29935.49,0,18,5.2175,0.4935,1
30,40055.36,25237.64,48,801,23551.11,0,18,7.2131,0.6301,1
63,27249.53,45625.99,60,823,15562.74,0,24,7.1883,1.6744,1
64,39448.15,3418.53,60,579,13405.83,0,11,4.0953,0.0867,1
49,29123.46,18556.88,48,344,36573.09,0,10,15.2288,0.6372,1
33,66441.81,41522.42,48,480,2083.27,0,16,0.5325,0.6249,1
32,129261.97,32157.87,60,700,27795.73,0,16,2.6302,0.2488,1
51,80468.19,49121.0,48,673,15979.99,0,17,2.5357,0.6104,1
66,257175.79,47336.72,24,533,15405.63,0,14,0.8109,0.1841,0
22,19299.46,10157.24,60,485,26249.13,0,5,16.4264,0.5263,1
55,36184.25,48655.38,24,374,34093.36,2,7,11.9789,1.3447,1
43,27838.77,47385.67,36,532,29114.28,0,10,13.1172,1.7021,1
37,102500.3,19933.33,24,467,26969.4,1,12,3.2546,0.1945,1
46,42944.75,49178.25,60,834,20100.0,1,16,5.8455,1.1452,1
28,54924.22,3720.52,36,706,19032.55,2,16,4.1809,0.0677,1
49,71697.51,33716.03,48,529,18698.25,1,17,3.2471,0.4703,1
46,20478.42,14775.09,24,592,6245.17,1,15,4.0203,0.7215,1
30,33765.36,8214.23,24,699,22600.37,0,22,8.1537,0.2433,1
46,89175.32,29721.68,60,337,12960.84,1,15,1.8108,0.3333,1
54,35282.67,16704.81,48,531,24920.0,0,3,8.5939,0.4735,1
61,17532.55,34007.62,60,467,21606.24,0,16,15.1761,1.9397,1
27,28528.03,27919.09,48,584,37627.01,0,7,16.072,0.9787,1
24,41284.37,20844.29,60,402,17679.74,0,19,5.2399,0.5049,1
65,54179.41,10727.46,48,444,26743.69,0,6,5.9729,0.198,1
31,46981.63,30860.01,36,665,23915.7,0,7,6.3275,0.6569,1
49,33910.14,41803.07,60,452,27533.59,0,0,9.99,1.2328,1
56,86127.85,30800.21,36,721,11045.51,0,1,1.6581,0.3576,1
45,45368.05,31305.08,60,618,10661.33,0,12,2.958,0.69,1
41,55583.45,26568.19,60,784,22607.28,0,1,4.9763,0.478,1
56,35011.31,20635.53,60,382,34037.93,0,4,11.7843,0.5894,1
30,121220.22,23957.99,24,832,28940.34,0,4,2.9637,0.1976,1
57,38755.24,49498.0,60,587,19812.92,0,5,6.3902,1.2772,1
29,51267.68,37984.09,48,788,10576.23,0,17,2.6608,0.7409,1
44,91217.28,22666.85,24,567,30494.22,0,15,4.1359,0.2485,1
55,57989.97,23950.23,48,378,37086.72,1,23,7.7777,0.413,1
69,57128.24,25982.34,48,675,8914.3,0,16,1.9862,0.4548,1
55,15000.02,33647.08,48,450,32064.2,0,8,26.2121,2.2431,1
68,73745.92,24366.0,48,314,7311.6,0,20,1.2724,0.3304,1
56,50683.32,34936.6,48,400,36080.93,0,7,8.715,0.6893,1
38,67842.16,17801.01,36,687,25860.97,0,7,4.6618,0.2624,1
69,54716.9,21710.7,24,334,7649.9,0,1,1.8761,0.3968,1
59,35049.11,43474.55,48,650,1932.25,0,8,0.9717,1.2404,1
52,83833.19,17787.47,36,582,27937.34,0,5,4.0697,0.2122,1
44,55208.71,48292.96,36,824,24441.02,0,18,5.604,0.8747,1
43,22614.99,10280.24,48,464,24647.05,0,0,13.1919,0.4546,1
52,107485.4,13600.63,60,727,19549.35,1,24,2.2079,0.1265,0
57,20779.29,24256.63,48,557,24770.5,0,18,14.5968,1.1673,1
32,84166.94,40275.62,36,742,34992.31,0,0,5.1485,0.4785,1
69,119630.02,37115.62,48,419,38104.06,0,20,3.8998,0.3103,1
33,25240.94,10374.37,36,368,14108.06,0,23,6.8442,0.411,1
43,45539.84,13360.88,48,573,19770.94,0,12,5.2831,0.2934,1
45,43063.5,29612.62,36,621,11284.6,0,6,3.3738,0.6877,1
55,44241.45,16167.91,48,661,16757.62,0,20,4.6367,0.3654,1
61,146993.41,22271.62,60,798,31937.6,2,12,2.6376,0.1515,1
50,25416.88,25356.52,60,503,17287.07,2,17,8.3612,0.9976,1
37,40784.6,30523.81,36,805,15969.8,2,1,4.9482,0.7484,1
69,120812.31,14050.46,60,408,34079.39,0,2,3.4083,0.1163,1
40,40385.69,9830.73,60,564,550.26,0,5,0.2122,0.2434,0
68,27960.06,21131.04,24,687,34161.43,0,12,15.0394,0.7558,1
45,57400.53,5937.26,48,715,7665.61,0,19,1.6284,0.1034,0
42,79489.83,27284.73,48,611,11343.22,0,8,1.7982,0.3432,1
33,38727.12,42301.05,60,551,14783.56,3,2,4.7993,1.0923,1
39,68365.33,7710.83,60,687,35285.76,0,21,6.2162,0.1128,1
69,21461.82,7411.07,36,502,36392.92,0,14,20.4636,0.3453,1
56,22189.71,5850.45,48,409,26616.55,0,3,14.4599,0.2637,1
32,37644.73,42697.34,24,381,17857.99,0,16,6.2597,1.1342,1
61,69843.37,5873.83,24,492,20887.05,0,16,3.6307,0.0841,1
39,77412.13,49206.18,60,438,23425.86,0,12,3.7585,0.6356,1
32,24119.85,19199.9,36,520,38182.64,0,10,19.2618,0.796,1
29,75709.01,17780.58,36,488,38782.1,1,7,6.2253,0.2349,1
27,54171.18,6398.32,48,639,33969.65,0,2,7.5545,0.1181,1
48,28925.45,30110.78,60,777,23557.28,0,17,9.9812,1.041,1
34,22015.17,30122.35,60,721,15934.01,0,0,8.9589,1.3683,1
51,56268.71,25702.68,36,496,9596.06,1,7,2.1987,0.4568,1
39,106269.96,16928.97,24,497,21611.01,1,8,2.52,0.1593,1
67,50076.82,19691.88,24,623,14152.42,0,16,3.588,0.3932,1
36,27974.47,17384.16,48,559,3373.41,0,7,1.6024,0.6214,1
25,15981.49,22455.03,60,498,19310.72,0,10,14.7808,1.4051,1
55,122724.16,18405.83,60,436,23057.9,1,0,2.2846,0.15,1
32,91593.02,34424.83,24,645,24646.95,1,1,3.417,0.3758,1
45,58761.73,16197.75,60,799,3415.65,0,14,0.7527,0.2757,0
41,118990.2,18840.24,60,474,19582.85,0,16,2.0066,0.1583,1
56,56069.73,22902.07,36,788,26408.57,0,14,5.7881,0.4085,1
43,35645.49,2190.17,48,768,38462.03,0,17,12.9635,0.0614,1
36,68396.67,25619.96,48,615,1489.31,0,11,0.3549,0.3746,0
59,29797.05,14279.35,48,679,27213.15,0,13,11.0792,0.4792,1
65,26973.53,4695.22,36,741,2962.33,0,11,1.3759,0.1741,0
62,77883.1,45729.02,48,432,6774.32,0,1,1.1906,0.5871,1
59,81916.46,17476.1,48,326,7345.66,1,20,1.1294,0.2133,1
34,22828.32,22452.09,24,556,13490.46,1,15,7.5832,0.9835,1
51,23339.94,41712.47,24,655,33336.31,1,18,18.0331,1.7872,1
25,37532.79,10005.87,48,535,34321.37,0,0,11.0399,0.2666,1
55,31991.23,42814.82,36,658,15310.6,0,1,6.1892,1.3383,1
43,65244.25,13598.62,36,570,17536.46,0,11,3.2949,0.2084,1
49,50454.64,30273.82,36,848,9072.71,0,3,2.3578,0.6,1
63,98611.56,34912.56,60,809,17584.29,1,6,2.2106,0.354,1
31,59299.41,45440.67,60,738,11355.96,0,16,2.4513,0.7663,1
38,33298.04,31166.62,36,770,7407.86,0,4,2.9817,0.936,1
67,15761.46,23755.13,24,610,6759.49,0,1,5.8999,1.5072,1
32,54593.69,29468.93,60,516,31138.06,0,12,6.9523,0.5398,1
29,17567.45,11699.96,36,611,5119.38,0,7,3.719,0.666,1
30,33051.65,35075.57,60,529,24833.36,0,17,9.2284,1.0612,1
64,31791.81,10970.27,60,639,7115.54,0,3,2.7548,0.3451,1
37,36132.35,28747.89,60,794,33594.66,3,5,11.3163,0.7956,1
58,22256.28,33084.98,60,463,11341.45,1,8,6.4123,1.4865,1
27,31724.17,45131.99,36,415,2273.29,0,9,1.3341,1.4226,1
66,97493.67,23609.11,60,370,18356.89,0,3,2.3079,0.2422,1
33,97332.58,39215.99,48,352,39991.99,0,3,5.0313,0.4029,1
60,122945.92,10041.46,36,641,32618.92,3,6,3.211,0.0817,1
62,49320.15,9497.43,36,631,23025.37,0,13,5.6665,0.1926,1
29,57683.79,27190.3,36,378,7982.83,2,11,1.8178,0.4714,1
47,98357.77,30624.36,60,406,5141.45,0,14,0.6895,0.3114,0
22,20284.32,32352.37,36,381,33622.75,1,16,20.4225,1.5949,1
25,79489.25,37792.35,24,501,31614.44,1,20,5.0104,0.4754,1
49,107088.07,16156.71,48,691,18756.45,1,20,2.1395,0.1509,1
57,28756.64,31885.17,24,529,17145.68,1,12,7.7092,1.1088,1
58,112373.51,11030.68,48,319,30072.58,0,0,3.2359,0.0982,1
39,168489.66,12511.89,48,622,21673.49,1,21,1.5622,0.0743,0
28,78175.22,5230.83,60,767,16464.69,0,12,2.5407,0.0669,1
68,70031.65,37856.03,48,609,10442.97,1,15,1.9246,0.5406,0
65,25037.61,26335.66,48,771,5341.26,0,12,2.8229,1.0518,1
21,93108.65,13432.91,24,373,23994.34,0,8,3.1646,0.1443,1
42,26493.26,28699.41,48,735,33128.93,0,22,15.2764,1.0833,1
37,61196.45,19003.53,36,761,29974.23,0,17,5.9812,0.3105,1
27,65033.45,42186.08,36,449,28004.58,1,15,5.3836,0.6487,1
45,6783.5,27351.1,48,614,37189.66,0,19,66.7965,4.032,1
65,62535.02,3430.91,36,549,16083.41,0,11,3.1046,0.0549,1
24,236306.48,49284.57,60,573,5920.09,0,7,0.3423,0.2086,1
56,13973.06,5566.33,36,781,4526.99,1,0,4.0205,0.3984,1
26,47461.06,35405.99,60,381,38222.98,0,12,9.8135,0.746,1
51,15240.79,22988.28,48,531,23764.09,3,21,19.088,1.5083,1
39,28667.38,13967.25,60,330,32526.33,0,18,13.7128,0.4872,1
64,15400.17,34470.0,60,383,21654.61,0,12,17.3212,2.2383,1
59,53945.28,8043.07,48,341,16240.53,0,2,3.6499,0.1491,1
47,78917.86,43195.84,48,550,8410.65,0,0,1.4157,0.5474,0
30,62682.85,14029.38,60,809,34328.13,0,13,6.6165,0.2238,1
46,28054.11,19349.78,24,686,3008.85,0,23,1.6319,0.6897,1
39,34008.41,32366.89,48,565,36059.2,0,20,12.9616,0.9517,1
59,57720.27,2049.41,48,321,8598.0,1,0,1.7964,0.0355,1
23,28585.24,24691.93,24,706,876.48,0,4,0.7998,0.8638,1
65,22086.52,44923.95,36,375,4603.94,0,4,3.1794,2.034,1
33,42468.75,34659.95,24,786,35398.59,0,10,10.4103,0.8161,1
48,27810.67,20619.22,36,650,3411.43,0,24,1.7191,0.7414,1
40,62751.31,33700.37,24,539,14532.0,0,18,3.0475,0.537,1
48,106853.97,46955.33,60,350,10387.5,0,11,1.2544,0.4394,1
28,232943.23,11014.66,48,775,1955.76,0,24,0.1126,0.0473,0
61,60044.43,27526.78,24,824,21492.94,0,7,4.5246,0.4584,1
59,72228.02,13267.4,48,456,39934.15,3,9,6.6806,0.1837,1
21,34214.66,43002.78,36,498,34193.8,0,17,12.4116,1.2569,1
23,35510.15,36610.41,60,730,7171.26,0,8,2.6296,1.031,1
33,105919.4,40451.64,48,417,35430.48,0,10,4.1095,0.3819,1
48,41531.33,47264.57,24,374,18345.84,0,4,5.8698,1.138,1
69,51214.01,13150.82,24,666,11293.4,0,23,2.7746,0.2568,0
45,102107.9,4338.52,60,477,25792.08,0,12,3.0397,0.0425,1
53,41723.66,15963.38,36,407,9059.45,0,12,2.7331,0.3826,1
58,120602.13,21158.69,60,778,35246.25,0,23,3.5421,0.1754,1
26,69135.08,32007.67,60,392,25155.28,0,3,4.4589,0.463,1
64,64423.83,40289.82,48,399,5872.86,0,16,1.2503,0.6254,1
65,33225.95,18790.56,36,480,23040.63,1,13,8.5099,0.5655,1
52,66534.48,24727.86,60,395,20659.66,0,8,3.8005,0.3717,1
65,37894.92,39702.43,48,531,19122.49,1,21,6.3174,1.0477,1
67,64967.69,12815.78,48,550,14916.55,0,1,2.8045,0.1973,1
41,46115.53,12422.33,36,318,19231.12,0,3,5.094,0.2694,1
36,87560.54,30283.18,36,586,23647.45,0,10,3.3561,0.3459,1
41,48095.18,22930.73,48,506,29475.99,0,9,7.4736,0.4768,1
31,166494.0,47547.05,36,610,36756.09,2,4,2.7444,0.2856,1
57,41550.79,19137.47,48,402,2253.17,0,15,0.7659,0.4606,1
56,35569.9,38458.67,36,458,22989.09,0,5,8.1161,1.0812,1
55,60335.04,29988.45,36,677,30202.97,0,4,6.1727,0.497,1
39,93594.1,4619.65,36,523,5064.39,0,12,0.6658,0.0494,0
40,93158.64,6050.51,24,391,36504.16,0,8,4.7347,0.0649,1
38,54180.09,11751.51,36,475,10177.1,1,9,2.3264,0.2169,1
67,60081.27,8871.33,24,409,33416.61,0,1,6.7481,0.1477,1
61,60133.53,17809.83,48,478,26649.26,1,14,5.3921,0.2962,1
69,25675.08,29791.47,60,752,22602.09,0,11,10.7958,1.1603,1
34,90621.25,30913.4,60,374,34835.07,0,11,4.6811,0.3411,1
35,23046.89,30212.85,60,791,38784.76,2,2,20.4565,1.3109,1
51,25703.97,7645.21,48,402,39886.67,1,14,18.6956,0.2974,1
21,50666.3,30810.82,36,340,27489.6,1,18,6.7134,0.6081,1
23,40460.61,21667.85,24,734,13895.68,0,12,4.389,0.5355,1
36,79038.82,45346.53,48,633,35050.62,0,2,5.465,0.5737,1
43,64113.59,45775.24,60,579,26346.76,1,12,5.0741,0.714,1
31,53258.93,38872.34,60,841,13271.5,0,21,3.1362,0.7299,1
32,24951.26,35749.14,60,805,37328.4,1,23,18.2392,1.4328,1
30,49808.26,7517.73,60,542,30032.19,1,4,7.2657,0.1509,1
52,47500.39,6065.32,24,378,18386.7,1,10,4.7089,0.1277,1
36,56011.49,42360.02,60,736,18452.38,0,21,4.1045,0.7563,1
28,37872.37,22496.76,24,760,39839.18,0,16,12.9202,0.594,1
58,67083.31,23665.39,60,496,15261.51,0,18,2.8006,0.3528,1
32,39817.56,42694.07,48,330,4216.19,3,19,1.5387,1.0722,1
44,63415.78,31828.69,24,329,21773.18,1,22,4.371,0.5019,1
48,79033.61,10611.55,24,412,35451.73,1,11,5.4499,0.1343,1
28,35569.46,12128.63,48,689,23588.53,0,4,8.0433,0.341,1
48,30844.23,2306.1,60,575,31826.96,0,16,12.3973,0.0748,1
56,65239.45,36112.16,60,519,2667.16,1,18,0.6013,0.5535,1
46,22188.74,25309.36,36,575,27099.09,0,10,15.0358,1.1406,1
28,95511.21,47598.27,36,311,3628.17,0,1,0.622,0.4984,1
48,49344.3,36272.61,24,792,22476.09,1,5,5.8335,0.7351,1
48,45759.05,6951.33,36,348,20161.81,0,20,5.3379,0.1519,1
57,68023.57,9753.99,48,309,37851.37,0,2,6.7132,0.1434,1
61,65537.17,26082.78,48,560,5732.34,0,14,1.1491,0.398,0
56,49212.89,46393.96,48,619,874.91,1,17,0.449,0.9427,0
47,83047.65,13868.05,24,485,5925.51,2,16,0.9397,0.167,1
37,32747.01,41627.85,48,528,7242.89,0,14,2.9719,1.2712,1
29,75162.96,16989.08,24,320,10411.0,1,1,1.7752,0.226,1
53,25663.52,14955.07,24,315,32696.01,0,4,15.5797,0.5827,1
40,66595.31,45266.85,48,779,15386.79,0,4,2.9425,0.6797,1
33,40266.54,4267.6,48,305,33709.92,1,8,10.0725,0.106,1
48,22322.45,33715.57,24,597,11241.39,0,5,6.7983,1.5104,1
68,57181.5,4072.04,48,558,34491.37,0,18,7.2561,0.0712,1
49,48018.62,40436.66,36,339,819.57,0,9,0.4855,0.8421,1
33,19425.94,41811.41,24,575,37414.15,0,18,24.188,2.1523,1
66,13791.4,44881.12,60,818,29968.94,0,18,26.7271,3.2543,1
55,44740.83,10932.32,24,810,16802.85,0,15,4.6289,0.2443,1
26,129435.19,7975.91,48,607,23304.73,1,11,2.176,0.0616,1
38,59433.24,26169.68,48,832,37354.16,0,23,7.6522,0.4403,1
25,32827.38,15038.37,24,779,23511.13,0,8,8.8235,0.4581,1
67,93818.91,31102.28,24,713,9528.46,0,2,1.3845,0.3315,0
45,84485.41,26659.87,60,822,23128.52,0,16,3.3482,0.3156,1
22,105129.42,8952.9,60,764,34922.17,2,23,4.0032,0.0852,1
30,73890.43,37484.98,24,708,39504.27,0,9,6.6693,0.5073,1
50,83411.49,40581.65,48,349,23571.29,0,17,3.5127,0.4865,1
65,76013.42,48226.07,24,344,6647.98,1,6,1.3667,0.6344,1
25,36808.98,20985.87,36,570,30984.22,1,6,10.2911,0.5701,1
53,18354.53,18211.28,36,574,39878.0,0,8,26.4026,0.9922,1
21,35857.88,11228.61,48,722,19208.62,0,15,6.5065,0.3131,1
38,95126.44,10681.52,24,334,15657.44,1,23,2.0313,0.1123,1
52,39002.99,17410.56,24,803,22323.78,0,10,7.0915,0.4464,1
67,44923.87,49127.2,36,787,7008.26,0,8,2.2366,1.0936,1
69,24355.89,6428.42,24,443,38865.69,0,0,19.2809,0.2639,1
31,35219.19,14449.58,48,492,33614.22,0,11,11.5557,0.4103,1
41,48754.19,6126.96,48,846,4963.13,1,2,1.253,0.1257,1
46,65876.52,15134.31,60,477,37830.72,0,19,6.9372,0.2297,1
45,37227.52,6435.27,48,617,37741.37,0,18,12.2089,0.1729,1
42,35698.99,26398.83,24,690,12996.01,0,7,4.7383,0.7395,1
47,81251.56,23041.07,24,450,24956.11,0,6,3.8275,0.2836,1
69,59585.05,10354.42,36,746,4874.79,0,4,1.0397,0.1738,0
33,64164.38,10390.78,36,840,3825.56,1,4,0.7694,0.1619,0
53,122638.02,32053.24,48,449,20320.89,1,19,2.0537,0.2614,1
54,36205.1,20581.82,60,507,2462.28,1,4,0.9298,0.5685,1
61,47600.02,4697.36,24,648,35058.22,0,11,8.8875,0.0987,1
55,68233.84,46169.24,60,561,37159.77,0,20,6.6705,0.6766,1
21,29059.35,21437.72,24,712,3158.6,0,19,1.6732,0.7377,1
41,56242.6,30370.28,48,388,2367.75,2,4,0.6402,0.54,1
68,49678.02,44499.77,48,557,9246.0,0,22,2.4574,0.8958,1
26,259465.66,21303.63,36,791,37233.36,1,24,1.7494,0.0821,0
48,52048.0,41391.68,60,847,30876.08,0,6,7.2777,0.7953,1
37,98141.33,45908.11,36,395,27221.66,1,0,3.4844,0.4678,1
25,80657.41,10355.23,48,703,31165.71,0,24,4.6689,0.1284,1
51,24491.05,44839.64,60,738,8379.33,0,18,4.4718,1.8309,1
25,19354.99,7751.96,24,336,10635.24,0,1,6.7941,0.4005,1
58,56852.12,15206.12,36,780,13046.33,0,11,2.8429,0.2675,1
23,104234.74,40794.15,48,479,24400.1,1,9,2.9069,0.3914,1
43,58264.54,45232.86,24,624,24524.69,3,24,5.4392,0.7763,1
57,51395.77,34838.66,48,705,8740.01,0,15,2.2101,0.6779,1
57,41338.44,7031.64,24,768,17750.72,0,10,5.2378,0.1701,1
30,22150.68,27103.63,36,570,27755.79,1,17,15.4444,1.2236,1
30,27548.06,29486.44,24,653,12729.96,0,11,6.0804,1.0704,1
39,18520.1,15529.27,60,764,3481.34,0,8,2.4234,0.8385,1
37,25290.19,49582.2,24,663,8296.9,1,20,4.9171,1.9605,1
41,35753.2,18110.14,48,368,7007.06,0,21,2.4784,0.5065,1
34,78089.4,12092.23,24,607,25461.74,0,6,3.9901,0.1549,1
29,37532.39,7286.53,36,722,3207.68,0,6,1.0903,0.1941,0
66,57146.62,20168.06,48,813,35447.61,0,12,7.5317,0.3529,1
21,53164.04,35245.7,48,518,3833.29,3,19,1.031,0.663,1
65,66133.41,13108.02,48,344,24117.43,2,12,4.4257,0.1982,1
33,26347.04,38938.12,48,532,37216.54,0,19,17.3201,1.4779,1
24,92551.1,8499.26,60,666,2965.71,1,4,0.4029,0.0918,0
21,21071.86,23142.46,48,421,15632.64,0,24,9.177,1.0983,1
69,37470.61,35713.94,48,794,13453.86,0,13,4.5469,0.9531,1
60,48409.76,8494.85,48,448,14096.25,1,15,3.5381,0.1755,1
52,77349.31,30696.43,36,775,24212.3,0,12,3.8886,0.3969,1
54,112149.22,40349.72,36,649,10853.07,0,11,1.2812,0.3598,0
48,77716.19,30586.35,48,414,1579.26,1,0,0.3422,0.3936,1
51,114639.74,26550.27,60,536,38509.86,0,7,4.0774,0.2316,1
28,29806.88,42238.38,24,346,30076.65,0,7,12.8171,1.4171,1
59,100129.77,49300.18,60,573,5837.54,0,22,0.7981,0.4924,1
46,90327.21,10703.02,48,412,18478.7,3,21,2.4845,0.1185,1
54,11640.38,35184.62,48,844,2977.51,3,14,3.8252,3.0226,1
23,42946.97,5871.56,60,698,1600.33,0,2,0.4745,0.1367,0
32,70348.9,4056.37,48,591,2376.71,1,7,0.4198,0.0577,0
21,35981.19,15479.31,24,615,30353.22,0,22,10.3381,0.4302,1
64,25552.87,48604.15,36,461,18074.5,0,23,9.1221,1.9021,1
25,174295.1,28505.39,24,389,33853.68,0,17,2.4126,0.1635,1
50,52398.02,14877.02,24,350,12556.0,0,23,3.0175,0.2839,1
50,53265.45,8364.13,24,723,31125.21,0,6,7.0906,0.157,1
37,22350.49,46168.8,60,705,3578.42,0,21,2.3344,2.0657,1
68,33947.94,19393.6,60,443,25586.77,0,24,9.1587,0.5713,1
67,28603.82,16721.47,24,827,14743.78,3,11,6.4777,0.5846,1
43,93656.13,43182.24,60,432,11430.63,0,14,1.5568,0.4611,1
35,66355.38,31011.34,48,798,32696.81,0,7,6.0299,0.4674,1
57,34810.06,10094.53,36,689,2550.92,0,15,0.976,0.29,0
41,68617.31,22232.51,60,469,38006.49,0,4,6.7115,0.324,1
34,42103.57,46555.09,60,841,31529.05,1,4,9.2073,1.1057,1
22,56426.51,45257.77,24,459,14546.57,0,8,3.4946,0.8021,1
31,56266.71,5365.27,36,711,39657.65,2,12,8.4896,0.0954,1
59,63080.08,14893.43,48,683,8498.32,2,14,1.6757,0.2361,1
58,58676.3,9417.89,48,484,16395.35,1,7,3.3932,0.1605,1
54,63109.7,27622.96,36,513,35452.74,0,11,6.8871,0.4377,1
58,104139.33,37999.2,48,393,39873.88,2,19,4.6859,0.3649,1
54,71993.97,16186.07,36,518,9944.96,0,8,1.7326,0.2248,0
38,40049.0,38383.81,24,518,29852.98,2,14,9.4241,0.9584,1
50,46222.79,34098.35,48,312,12576.31,0,14,3.4494,0.7377,1
35,102549.65,36954.67,48,722,30775.67,0,12,3.6914,0.3604,1
47,52441.5,47515.7,36,722,5448.72,0,14,1.5488,0.9061,1
54,39166.97,22381.37,48,785,13778.71,0,21,4.3644,0.5714,1
58,33567.61,18443.27,60,676,3462.48,1,4,1.3477,0.5494,1
53,57746.78,34824.67,24,707,19929.93,0,9,4.443,0.6031,1
44,29351.12,40762.74,48,418,28209.27,0,22,11.8804,1.3888,1
35,105966.39,11189.37,48,570,15455.34,0,24,1.7766,0.1056,0
50,26299.6,42646.38,48,396,24781.32,0,11,11.7126,1.6216,1
62,118995.46,4776.92,36,346,22978.93,0,16,2.3307,0.0401,1
37,41310.08,2306.9,24,472,12136.56,0,8,3.5534,0.0558,1
25,25692.58,9604.5,24,646,19727.74,0,4,9.401,0.3738,1
49,54913.0,48976.02,48,536,3226.25,0,8,0.928,0.8919,1
24,27672.0,27131.14,48,842,18666.57,0,4,8.3399,0.9805,1
30,50042.26,4235.24,36,512,18598.49,0,22,4.4881,0.0846,1
37,34664.59,49864.43,24,571,1634.36,1,13,1.285,1.4385,1
30,86426.01,37755.74,60,706,20797.99,1,6,2.9751,0.4369,1
37,53212.56,42224.24,48,377,29638.9,3,8,6.8823,0.7935,1
40,24026.18,12221.15,60,445,18363.96,0,11,9.2737,0.5087,1
44,34261.52,7061.57,60,311,26018.01,0,4,9.154,0.2061,1
25,74829.57,26724.08,24,528,21530.63,0,6,3.6313,0.3571,1
54,106112.51,39064.43,60,640,31514.56,1,4,3.6375,0.3681,1
26,47707.08,32613.47,48,463,20820.98,0,19,5.4081,0.6836,1
22,26196.0,32290.85,48,681,13598.56,0,16,6.5375,1.2327,1
33,92265.15,38340.61,36,721,33188.97,1,10,4.4551,0.4155,1
63,74633.01,12897.0,24,737,3171.05,0,4,0.5963,0.1728,0
63,107357.94,33752.93,24,362,11933.52,0,3,1.4911,0.3144,1
68,58344.8,20821.31,60,545,23863.64,0,0,4.9795,0.3569,1
31,35869.47,5348.17,48,349,34313.05,0,0,11.5166,0.1491,1
67,66845.09,11702.85,48,533,3349.6,0,13,0.6451,0.1751,1
43,59623.05,40112.18,36,827,4294.09,0,20,1.0885,0.6728,0
36,34720.16,45004.67,60,815,11654.21,0,8,4.2872,1.2962,1
51,55225.67,15575.45,48,581,14110.59,0,0,3.1366,0.282,1
31,43607.5,11137.33,24,519,33819.76,0,7,9.4343,0.2554,1
36,76582.41,3282.78,36,647,38376.68,1,12,6.0277,0.0429,1
28,65854.57,47489.47,24,663,1180.53,0,8,0.5757,0.7211,0
24,26083.16,34825.04,36,341,1106.57,2,14,0.9541,1.3352,1
60,24551.95,47937.45,24,722,34660.01,1,10,17.9167,1.9525,1
24,46449.14,43464.76,60,434,5856.87,1,3,1.7003,0.9357,1
45,49995.66,18342.4,48,558,13903.78,0,7,3.4289,0.3669,1
23,77387.93,7408.79,24,490,11370.93,0,12,1.8111,0.0957,1
52,66701.48,25954.73,60,555,11633.79,0,16,2.1708,0.3891,1
23,117619.65,3287.06,24,793,13479.38,0,3,1.3892,0.0279,0
47,37037.42,9196.0,60,372,13773.82,0,9,4.5123,0.2483,1
49,35790.16,13204.77,36,373,24996.16,0,1,8.5039,0.3689,1
52,27559.75,33951.04,60,700,25336.97,0,14,11.2785,1.2319,1
39,76852.58,26474.12,24,378,21154.23,0,19,3.4753,0.3445,1
41,49664.78,16516.14,48,547,34412.39,0,17,8.3979,0.3326,1
25,16120.35,29108.88,36,486,33904.04,2,13,25.8401,1.8057,1
38,55342.65,8009.73,36,769,9080.09,2,2,2.0171,0.1447,1
48,57502.41,38273.99,60,755,21973.76,0,0,4.7188,0.6656,1
62,44953.86,36177.69,24,575,31461.57,0,2,8.8007,0.8048,1
42,58570.88,12392.13,60,478,34741.54,0,22,7.1602,0.2116,1
41,23573.03,31106.79,36,428,10579.84,0,12,5.8256,1.3196,1
26,131218.49,26158.53,48,678,20016.96,0,7,1.8804,0.1994,0
21,61583.89,4919.18,60,414,21238.58,3,21,4.1544,0.0799,1
25,16912.03,15351.39,24,621,28135.71,3,16,20.4177,0.9077,1
61,48847.66,49975.17,60,688,13545.24,0,22,3.5322,1.0231,1
32,62569.43,6777.71,60,763,12091.35,1,15,2.3406,0.1083,0
46,25140.64,26307.74,60,501,28371.1,0,15,13.7512,1.0464,1
66,67519.94,42768.02,48,846,16273.75,0,11,3.0506,0.6334,1
54,134397.27,16431.29,24,708,658.95,0,18,0.12,0.1223,0
69,33302.19,14514.01,24,451,37544.94,0,15,13.7467,0.4358,1
34,63390.12,44758.07,36,704,6411.0,1,14,1.449,0.7061,0
46,55556.69,16631.84,36,790,6371.05,3,8,1.4759,0.2994,0
65,87638.35,33271.68,60,461,32825.45,0,15,4.5706,0.3796,1
47,45921.78,37535.02,36,446,13752.36,2,1,3.8661,0.8174,1
29,25847.52,39853.65,24,711,13462.92,0,24,7.0213,1.5419,1
46,84331.38,49748.46,60,555,25084.62,0,9,3.6874,0.5899,1
67,26786.24,40553.22,36,669,2832.03,0,11,1.7734,1.514,1
42,145120.08,33536.58,48,590,9859.99,1,17,0.8731,0.2311,1
67,68628.39,44982.25,36,639,2604.21,1,17,0.6738,0.6554,0
50,34223.38,45475.74,48,375,12014.63,1,3,4.545,1.3288,1
63,95338.69,48711.99,36,839,34862.24,0,1,4.5583,0.5109,1
68,48751.27,39270.33,24,804,36418.64,0,6,9.3671,0.8055,1
37,42922.72,11356.51,36,620,12722.75,0,18,3.6451,0.2646,1
46,32580.8,36070.69,48,606,7909.67,0,10,3.19,1.1071,1
56,15884.4,5606.17,48,646,5843.4,0,12,4.5027,0.3529,1
21,70448.38,17262.22,36,692,16079.56,0,19,2.8206,0.245,1
28,18455.62,7558.76,60,498,33143.05,0,16,21.6318,0.4096,1
69,30455.55,47597.25,48,481,34180.21,0,9,13.8583,1.5628,1
55,63557.91,18260.2,24,539,2314.16,0,15,0.5806,0.2873,0
35,36300.77,36234.35,36,365,8764.54,0,19,3.23,0.9982,1
67,53867.96,29423.28,48,470,8525.23,1,15,2.0357,0.5462,1
42,23665.72,7160.55,36,464,33222.99,1,19,16.947,0.3026,1
34,39772.24,28944.53,36,362,18523.55,0,19,5.8315,0.7278,1
46,54069.82,33729.13,60,654,15051.61,1,15,3.4652,0.6238,1
48,27698.03,44312.83,36,350,38285.93,0,24,17.1204,1.5999,1
43,134836.48,5364.11,36,342,37051.61,0,18,3.3107,0.0398,1
34,33441.26,16190.43,36,620,17884.21,0,12,6.5789,0.4841,1
44,112089.18,35232.37,24,617,5569.11,0,22,0.7534,0.3143,0
22,44325.56,3647.92,36,515,7254.64,0,19,1.9914,0.0823,1
65,19128.12,11770.57,24,490,4927.31,1,10,3.3988,0.6154,1
46,24781.67,12496.18,36,789,27379.9,0,11,13.4262,0.5043,1
34,54483.19,34127.67,60,389,22410.14,0,16,5.0611,0.6264,1
27,91095.66,15726.11,60,721,22487.46,0,14,2.9968,0.1726,1
23,141756.53,30780.59,48,790,4385.93,0,2,0.4256,0.2171,0
67,52940.89,48336.73,36,553,31834.36,1,8,7.5202,0.913,1
43,24189.01,40075.66,60,406,21655.13,1,9,11.0743,1.6568,1
66,57935.82,17979.33,60,593,4093.28,0,11,0.9099,0.3103,1
63,29877.81,24675.2,36,810,30011.67,2,21,12.3291,0.8259,1
67,62026.37,11632.35,48,535,39261.28,0,23,7.6426,0.1875,1
65,27864.68,2754.56,24,797,17926.63,0,8,7.7696,0.0989,1
38,13992.24,15906.34,60,655,5068.36,1,23,4.5741,1.1368,1
58,108024.51,19731.61,60,603,4505.27,2,4,0.537,0.1827,1
55,42793.86,29089.62,24,831,1522.24,2,21,0.7667,0.6798,1
35,50503.41,47315.2,60,791,30930.73,0,1,7.5368,0.9369,1
45,89145.11,47496.9,24,416,27913.04,0,12,4.0238,0.5328,1
57,151343.6,5364.72,24,666,23577.45,0,10,1.8872,0.0354,1
48,75512.12,31502.99,48,758,30742.36,0,8,4.9897,0.4172,1
30,52145.91,4032.93,24,419,39972.26,1,21,9.2372,0.0773,1
59,64713.41,33107.89,24,512,16372.99,1,7,3.2919,0.5116,1
37,41073.98,7649.75,24,482,28379.5,0,22,8.3844,0.1862,1
59,50094.61,47427.34,24,638,15397.88,1,14,4.1619,0.9468,1
42,53472.25,43488.26,60,777,14406.29,2,15,3.3957,0.8133,1
46,30577.66,3071.78,24,793,34111.34,0,9,13.437,0.1005,1
64,49647.54,39542.32,60,530,23203.14,0,1,5.7676,0.7965,1
45,61099.63,32523.06,36,663,5264.22,0,14,1.2113,0.5323,1
37,66850.24,25777.72,36,745,16438.88,0,17,3.0794,0.3856,1
33,63728.95,30926.46,24,783,31963.9,1,12,6.2614,0.4853,1
40,21951.37,34556.0,48,545,37629.93,0,4,20.9644,1.5742,1
45,102493.57,44453.96,48,524,24769.91,0,18,3.0085,0.4337,1
24,97515.71,38833.17,60,456,16071.44,0,0,2.0573,0.3982,1
30,46272.86,29618.14,60,664,10453.3,0,2,2.8389,0.6401,1
23,64428.1,41581.55,36,485,17169.94,0,22,3.4131,0.6454,1
61,43047.86,49372.3,60,794,22843.35,0,9,6.5972,1.1469,1
65,76970.28,16408.74,48,484,674.46,0,14,0.1584,0.2132,0
38,30074.62,7684.19,36,686,11112.77,0,24,4.5192,0.2555,1
67,109696.9,37109.52,24,579,27024.88,2,15,3.1255,0.3383,1
56,74706.66,48972.62,60,781,27092.57,0,3,4.4829,0.6555,1
67,75755.04,7601.88,24,564,26293.77,0,23,4.2152,0.1003,1
42,46026.3,22721.95,60,651,38022.72,0,21,10.012,0.4937,1
54,21003.18,4988.85,48,381,22957.55,0,19,13.176,0.2375,1
67,83313.08,39273.53,60,480,11154.26,0,2,1.7009,0.4714,0
28,21423.92,47538.02,48,641,32558.7,0,4,18.7916,2.2189,1
60,83917.01,25951.72,48,495,15880.41,0,2,2.3482,0.3093,1
69,30844.81,21657.02,24,359,9951.98,0,7,4.2228,0.7021,1
64,18916.14,45570.51,60,450,22491.59,0,5,14.75,2.4091,1
39,49050.21,8402.64,24,360,11916.86,0,14,3.0011,0.1713,1
62,99676.01,44796.05,48,727,16148.32,0,5,2.0565,0.4494,0
61,27464.18,20822.05,48,630,27879.72,2,22,12.3711,0.7582,1
57,127953.32,28851.51,48,338,39839.95,0,6,3.7927,0.2255,1
26,72696.2,27358.02,48,552,25966.9,0,7,4.3805,0.3763,1
46,53855.28,31567.0,36,532,11420.96,0,15,2.7402,0.5861,1
54,37745.65,47221.92,48,653,4073.39,1,20,1.6078,1.2511,1
65,39358.28,47654.1,60,469,14797.72,0,12,4.7539,1.2108,1
26,63455.89,41895.12,48,516,1262.77,0,4,0.4039,0.6602,1
57,81440.22,11194.12,36,647,18857.81,0,21,2.8245,0.1375,1
53,34334.37,18008.78,60,825,26569.36,1,19,9.391,0.5245,1
42,30214.95,25415.59,36,710,20715.94,0,1,8.5078,0.8412,1
41,43118.35,45462.13,36,827,34678.65,0,13,10.0027,1.0544,1
26,113116.91,27001.51,60,825,20014.98,1,17,2.171,0.2387,0
26,23620.42,48916.91,36,542,18764.01,0,17,10.2231,2.071,1
68,97293.41,49224.38,48,307,12732.25,0,17,1.6969,0.5059,1
24,50280.26,30732.04,24,582,33585.74,1,14,8.3213,0.6112,1
50,18185.08,44119.78,24,465,36192.15,2,4,25.0956,2.4262,1
31,37161.2,49962.69,24,502,39127.79,0,1,13.3073,1.3445,1
50,70671.73,42786.39,60,663,39257.76,0,22,6.787,0.6054,1
51,144507.74,33531.73,60,451,39226.73,0,10,3.3038,0.232,1
44,22105.38,42566.41,60,724,28622.38,0,19,15.9229,1.9256,1
29,9031.68,5967.44,24,768,22724.79,0,9,30.5238,0.6607,1
23,22343.0,32471.42,24,709,7307.61,0,4,4.6514,1.4533,1
51,96591.82,12393.06,60,814,30799.0,0,1,3.8519,0.1283,1
60,16709.87,7571.06,24,550,29527.77,0,11,21.4316,0.4531,1
57,120373.22,44857.82,36,376,33774.89,0,16,3.4912,0.3727,1
56,101608.79,32702.96,36,721,18766.82,0,24,2.3236,0.3219,1
44,54974.34,13690.23,24,684,35750.65,0,21,7.9283,0.249,1
51,33663.88,20565.55,60,678,28887.64,0,4,10.4196,0.6109,1
26,50673.4,48717.27,48,527,7259.45,0,20,1.9595,0.9614,1
22,70731.93,43384.74,48,417,8672.69,0,17,1.6247,0.6134,1
40,64542.93,2747.93,24,566,32663.49,1,15,6.0942,0.0426,1
48,139217.9,49030.45,48,534,17314.89,0,7,1.5805,0.3522,0
31,41937.62,19689.41,60,467,10336.01,1,3,3.0514,0.4695,1
24,22460.07,35380.07,36,821,17191.77,0,3,9.7103,1.5752,1
35,20203.91,36208.48,36,636,6874.42,0,23,4.6804,1.7922,1
26,17919.15,45760.85,60,626,35723.6,0,3,24.4339,2.5537,1
69,55147.54,44482.92,48,658,3325.81,0,16,0.9253,0.8066,0
50,42590.17,15523.02,24,747,14453.04,0,19,4.2545,0.3645,1
58,49990.72,32889.7,36,833,22498.69,0,9,5.62,0.6579,1
22,35516.91,20897.86,48,396,35009.0,0,0,11.9755,0.5884,1
35,25182.38,27226.1,48,849,31371.18,0,21,15.2194,1.0812,1
31,70869.93,28624.57,36,555,1385.73,1,17,0.3693,0.4039,1
28,11183.13,21024.49,36,741,33097.3,0,14,36.1416,1.88,1
46,30304.23,24266.91,24,708,25705.74,1,24,10.5795,0.8008,1
65,78581.7,12000.43,60,384,5767.26,1,9,0.9112,0.1527,1
64,28552.42,31167.03,48,716,24890.36,0,15,10.7338,1.0916,1
25,62007.17,38430.07,24,848,32806.82,0,3,6.6589,0.6198,1
26,30328.54,22627.58,36,801,24283.42,0,23,9.8568,0.7461,1
46,37290.47,48928.64,60,397,39966.3,2,17,13.1235,1.3121,1
24,69213.58,4746.87,60,841,20526.64,0,20,3.5726,0.0686,1
39,22772.09,30279.71,48,802,27088.68,0,10,14.6071,1.3297,1
40,76662.43,30012.84,60,750,3279.75,0,7,0.5917,0.3915,0
53,50390.22,3742.22,36,490,32621.33,0,0,7.7932,0.0743,1
40,104178.74,12779.37,36,500,25152.07,0,21,2.9381,0.1227,1
69,55541.73,45466.04,36,621,22669.09,0,1,5.1706,0.8186,1
32,25804.6,28136.67,24,557,28497.94,0,20,13.7977,1.0904,1
67,138246.92,22946.52,36,454,22640.14,2,16,2.0205,0.166,1
21,27131.05,21943.83,24,786,30774.83,2,19,14.016,0.8088,1
46,42774.88,44631.72,36,527,23548.87,0,18,6.9542,1.0434,1
34,87068.06,19617.5,36,816,21042.13,1,9,2.9752,0.2253,1
58,15867.74,43240.01,60,810,5833.27,3,20,4.9564,2.725,1
57,116285.24,16841.24,48,373,19137.32,0,7,2.0111,0.1448,1
31,24574.62,27512.19,36,664,21760.27,0,24,10.9989,1.1195,1
56,37309.39,8903.35,60,323,25170.67,0,20,8.1435,0.2386,1
33,58297.51,41601.45,60,762,18507.74,0,8,3.9524,0.7136,1
63,47809.35,37326.79,48,780,6292.42,2,9,1.7746,0.7807,0
23,78708.44,27444.47,60,388,6439.32,3,19,1.0515,0.3487,1
53,18760.62,3243.26,60,833,28979.02,2,4,18.5706,0.1729,1
26,75846.8,25100.35,48,599,26627.17,0,8,4.2955,0.3309,1
30,79566.26,12809.43,24,343,10750.22,1,10,1.7018,0.161,0
25,90901.84,21841.97,48,336,18111.37,1,24,2.451,0.2403,1
43,18886.52,43108.47,48,818,12624.83,0,17,8.5921,2.2825,1
30,20305.33,38940.96,36,773,7650.4,0,20,5.1605,1.9178,1
64,39917.68,13613.74,36,579,13383.46,2,23,4.137,0.341,1
22,21666.11,49277.76,24,760,10876.22,3,0,7.1611,2.2744,1
33,16607.66,45354.1,48,468,3755.89,0,15,3.3966,2.7309,1
60,38898.91,27376.33,48,369,20427.22,0,19,6.4776,0.7038,1
22,56412.99,27447.22,24,512,18309.92,2,23,4.1381,0.4865,1
40,262862.86,45260.77,36,371,28727.03,0,9,1.3688,0.1722,1
21,68132.19,32534.95,48,479,25002.07,0,17,4.523,0.4775,1
57,140275.27,27761.04,24,507,14063.44,0,0,1.302,0.1979,1
29,47739.26,37959.13,36,476,20104.02,0,5,5.3185,0.7951,1
37,68578.86,13284.66,60,600,21675.28,0,21,3.8315,0.1937,1
29,44905.58,44162.12,24,453,36743.17,1,0,10.3105,0.9834,1
31,245210.9,27507.93,24,453,39276.93,0,2,1.9782,0.1122,1
35,32488.63,30967.97,48,329,32713.94,0,12,12.3215,0.9532,1
44,35242.76,6317.31,60,326,22703.13,3,11,7.7662,0.1793,1
58,79057.0,16856.43,36,539,37160.22,1,23,5.7116,0.2132,1
55,55519.18,22483.3,60,397,7535.45,1,13,1.7097,0.405,1
50,38006.13,21867.66,48,625,28011.6,0,24,8.9882,0.5754,1
51,87223.26,39357.65,48,536,18688.47,1,23,2.6839,0.4512,1
69,47825.38,15551.48,36,437,6217.58,0,16,1.6685,0.3252,1
25,47623.52,10741.24,36,847,3470.79,0,15,0.9497,0.2255,0
64,56294.35,29965.63,36,345,19489.3,1,12,4.3319,0.5323,1
34,17318.45,31520.71,48,689,9939.28,0,3,7.342,1.8201,1
31,18845.84,7836.0,36,663,10395.0,0,14,6.7576,0.4158,1
29,94102.26,2118.49,36,659,13148.57,1,8,1.6842,0.0225,1
54,32657.28,46047.16,36,506,28875.39,0,16,11.0803,1.41,1
32,45262.28,5822.58,24,814,6981.54,0,10,1.9153,0.1286,1
55,128986.52,45097.61,36,665,28843.46,0,19,2.7999,0.3496,1
55,46503.35,21162.31,48,737,31417.04,0,6,8.2208,0.4551,1
21,43215.16,33346.68,24,530,23981.96,0,6,7.0451,0.7716,1
60,83922.29,10909.51,48,722,10278.52,0,22,1.5022,0.13,1
42,34236.28,41548.02,60,768,2535.53,0,3,1.1314,1.2136,1
49,100887.12,10649.28,24,610,16613.83,0,7,2.0289,0.1056,1
28,82895.39,20552.44,36,694,33974.09,0,18,5.0008,0.2479,1
31,147001.77,13425.24,24,413,4523.88,1,13,0.415,0.0913,1
61,32396.13,42200.29,48,501,29920.82,0,24,11.4088,1.3026,1
57,111322.29,43200.12,24,762,18981.65,0,21,2.2402,0.3881,1
34,68353.99,19857.39,60,841,36003.91,0,22,6.3788,0.2905,1
50,22132.01,16754.17,36,663,14569.82,0,24,8.1521,0.757,1
55,10324.7,39131.14,36,546,28337.58,1,3,34.199,3.7901,1
41,30369.19,44168.57,60,545,29734.72,1,20,12.0402,1.4544,1
57,58419.71,31952.96,48,483,8350.3,0,16,1.852,0.547,1
25,63729.88,46515.38,24,712,6746.8,0,23,1.6353,0.7299,1
39,47313.52,20386.1,48,572,4162.88,0,17,1.1635,0.4309,1
34,47568.33,9290.55,48,844,28212.5,0,20,7.166,0.1953,1
46,45451.63,10622.86,48,576,22151.94,0,14,5.9069,0.2337,1
24,91010.51,34151.93,36,798,3925.39,0,4,0.6427,0.3753,0
45,20706.98,21561.27,24,789,12679.2,0,14,7.8684,1.0413,1
65,57582.5,9503.1,36,514,6122.68,0,3,1.331,0.165,1
62,29922.0,16026.89,36,402,4160.9,1,3,1.8472,0.5356,1
45,28454.89,27469.04,36,474,12301.46,0,11,5.5096,0.9654,1
38,99283.86,7829.37,24,351,4303.69,0,17,0.5596,0.0789,1
60,27174.71,2165.24,60,596,10777.35,0,18,4.7751,0.0797,1
28,45084.29,46030.31,36,474,22332.41,0,17,6.2845,1.021,1
59,158752.08,16633.34,36,642,22655.72,0,0,1.7475,0.1048,1
60,81052.0,12631.91,36,470,7136.09,0,3,1.1085,0.1558,1
34,37310.04,35527.08,24,336,8045.03,1,24,3.0636,0.9522,1
52,39205.65,42963.33,24,500,34271.38,2,14,11.0376,1.0958,1
58,23474.69,32349.38,48,363,7093.93,0,5,3.9708,1.3781,1
53,106978.93,14215.17,36,785,2306.79,0,23,0.303,0.1329,0
43,89932.18,43358.56,36,754,10170.42,0,1,1.5178,0.4821,1
35,74010.43,26500.51,24,708,23268.84,0,1,3.9518,0.3581,1
53,79070.87,20297.16,24,449,785.37,0,1,0.2475,0.2567,0
45,30800.47,31026.85,36,801,39406.99,0,10,15.6889,1.0074,1
37,19365.58,35629.39,60,847,9600.39,1,7,6.3169,1.8398,1
53,68618.97,30503.83,48,577,9905.64,0,16,1.8434,0.4445,1
67,83544.5,46171.78,48,334,29675.39,0,20,4.4006,0.5527,1
22,128569.9,32144.85,36,474,10303.07,0,11,1.045,0.25,1
34,43454.33,44171.87,48,332,16147.98,1,3,4.7134,1.0165,1
60,39813.02,30174.0,48,696,21984.79,0,0,6.8159,0.7579,1
60,42465.36,17824.62,36,553,1363.96,0,9,0.5253,0.4197,0
59,73309.56,27550.25,48,622,33573.06,0,6,5.5895,0.3758,1
26,41388.01,6144.16,24,312,20726.01,2,15,6.0835,0.1485,1
26,47508.15,13048.38,36,349,12860.3,1,16,3.3399,0.2747,1
23,80711.13,38779.12,24,532,16291.57,0,5,2.6624,0.4805,1
27,33674.57,33750.83,36,839,2705.08,0,0,1.298,1.0023,0
28,112949.08,9992.9,24,395,28860.25,0,10,3.1104,0.0885,1
62,71671.85,23024.73,48,642,21810.42,1,12,3.732,0.3213,1
35,16081.55,8815.63,60,492,36602.66,0,12,27.4224,0.5482,1
67,35982.48,43079.26,24,810,18835.38,0,8,6.8801,1.1972,1
49,14550.69,7240.15,24,750,33221.86,0,2,27.647,0.4976,1
53,43564.26,33403.28,60,424,7938.98,2,1,2.3402,0.7668,1
50,36352.32,31136.0,60,380,2732.12,0,22,1.0732,0.8565,1
59,80895.45,24693.28,24,306,37963.38,0,0,5.7841,0.3052,1
47,28893.99,15355.26,24,629,10649.84,0,6,4.6887,0.5314,1
56,61860.74,21389.91,24,382,33426.56,0,24,6.6571,0.3458,1
49,68961.84,40706.78,36,835,10664.68,0,19,2.0525,0.5903,1
58,57200.44,38554.44,24,826,6655.75,0,9,1.7333,0.674,1
53,97156.09,37462.84,24,412,29434.97,0,1,3.8284,0.3856,1
57,169561.9,37991.53,60,739,31247.04,0,3,2.2562,0.2241,1
47,52426.38,8906.55,60,318,33822.7,2,24,7.7757,0.1699,1
53,62511.62,6756.63,36,308,34662.31,0,15,6.69,0.1081,1
24,28906.85,43351.93,36,484,19583.68,2,7,8.6296,1.4997,1
42,26589.88,42184.38,48,337,16308.57,2,11,7.7567,1.5865,1
22,91153.28,34703.28,24,433,30163.27,0,4,4.1612,0.3807,1
30,84197.06,31083.48,24,401,22990.76,0,23,3.4613,0.3692,1
25,26429.29,19609.84,60,448,38628.72,0,22,17.6874,0.742,1
30,22360.87,12755.96,48,392,15345.52,0,19,8.3778,0.5705,1
53,33215.04,34047.51,24,439,2193.58,0,2,1.305,1.0251,1
58,45034.01,45825.66,48,594,23777.53,0,0,6.5903,1.0176,1
33,38350.55,22975.84,36,843,14462.05,0,13,4.7249,0.5991,1
51,53976.76,16554.2,24,487,14035.61,0,18,3.2737,0.3067,1
67,84985.63,14995.61,24,435,22798.5,1,23,3.3074,0.1764,1
56,64683.58,3137.85,36,465,36910.36,0,24,6.8637,0.0485,1
65,67620.91,26975.2,24,776,11044.85,0,15,2.1595,0.3989,1
44,11260.75,49435.33,36,446,15493.94,0,8,17.9744,4.3901,1
35,18613.79,41131.41,36,544,35704.36,0,4,23.7546,2.2097,1
49,30397.81,45078.79,48,482,35861.16,0,3,14.5275,1.483,1
28,33562.47,31815.88,60,308,9766.27,0,5,3.6814,0.948,1
25,81137.19,25109.43,60,735,28400.06,0,11,4.2622,0.3095,1
49,28930.72,49541.94,36,455,16914.66,0,13,7.5867,1.7124,1
67,73141.89,23463.78,48,413,37472.02,0,22,6.228,0.3208,1
24,30605.55,46007.87,36,466,29423.69,1,13,12.0377,1.5033,1
32,23848.33,38568.55,48,787,20026.95,0,5,10.4815,1.6172,1
65,24522.1,17886.96,48,736,32787.75,1,4,16.2272,0.7294,1
22,190034.31,26146.98,60,522,39916.2,0,1,2.5481,0.1376,1
47,30199.51,20447.8,60,490,18158.21,0,2,7.3507,0.6771,1
51,74205.41,8538.72,48,472,15253.74,0,8,2.4955,0.1151,1
56,19246.43,19124.8,60,556,24477.93,0,6,15.4605,0.9937,1
56,114847.15,44670.7,48,749,27481.76,2,11,2.9687,0.389,1
46,60441.1,38126.51,24,800,28325.72,0,17,5.9392,0.6308,1
63,57779.38,15323.89,36,376,19206.52,0,12,4.0773,0.2652,1
47,62836.81,19659.84,60,525,13625.56,0,0,2.6647,0.3129,1
25,67130.91,31588.83,36,525,32966.03,0,0,6.0497,0.4706,1
40,79653.43,21974.71,60,375,38351.28,0,0,5.8329,0.2759,1
31,34219.18,26146.12,36,332,34627.28,0,21,12.3978,0.7641,1
30,33039.1,35512.08,36,368,27452.99,0,20,10.3294,1.0749,1
60,50490.19,24428.04,60,714,14725.93,0,6,3.5967,0.4838,1
58,73913.94,11166.55,60,747,25088.08,0,20,4.1033,0.1511,1
26,47098.98,26987.55,60,661,4495.82,0,8,1.2601,0.573,1
28,77990.4,19093.68,60,669,21589.56,0,0,3.3708,0.2448,1
43,71018.95,15955.24,48,698,31358.08,3,14,5.3547,0.2247,1
67,43036.77,17749.21,60,419,10416.84,0,24,2.987,0.4124,1
46,17183.28,23072.11,60,347,20310.6,0,11,14.4525,1.3427,1
66,36238.71,44557.43,60,367,3394.33,1,3,1.3699,1.2296,1
63,139480.26,37234.74,24,638,33620.63,2,9,3.026,0.267,1
32,60116.27,34058.33,36,384,14334.16,0,22,3.0501,0.5665,1
46,33398.62,24620.49,60,676,23497.21,0,17,8.5899,0.7372,1
33,56976.32,2087.84,60,684,15452.13,1,18,3.2618,0.0366,1
60,73569.55,18346.43,36,575,24105.21,0,19,4.015,0.2494,1
38,33408.33,41033.22,36,504,29895.82,0,4,11.1477,1.2282,1
45,102870.93,20632.2,48,364,13409.18,0,1,1.6143,0.2006,1
53,66000.58,29063.32,36,378,21010.82,0,6,3.9669,0.4403,1
67,25337.85,11827.51,36,825,31897.54,1,5,15.2623,0.4668,1
60,81946.33,45961.17,24,624,27670.13,0,15,4.3324,0.5609,1
63,38339.35,46312.18,48,677,2754.38,1,14,1.1641,1.208,1
32,44025.39,9011.38,24,645,22965.97,0,8,6.3622,0.2047,1
64,26646.65,36759.63,36,734,15365.18,0,6,7.3794,1.3795,1
56,71601.25,5611.45,60,677,28496.82,0,9,4.7916,0.0784,1
68,44832.15,30730.29,48,314,1158.38,3,1,0.4814,0.6855,1
24,73442.21,10575.38,36,753,13558.57,1,2,2.2634,0.144,1
25,35221.45,8993.85,36,492,3916.48,0,18,1.4195,0.2554,1
57,32884.54,2197.75,60,532,36859.43,0,23,13.4639,0.0668,1
28,31323.93,47161.14,60,562,35121.73,0,23,13.756,1.5056,1
62,62169.47,41804.12,60,745,38739.5,1,2,7.612,0.6724,1
69,32590.96,5718.83,48,353,25917.0,1,7,9.5865,0.1755,1
48,43396.43,30770.03,24,303,32378.43,1,4,9.3078,0.709,1
51,35916.2,13179.12,48,556,24668.82,0,19,8.3339,0.3669,1
29,63834.58,14672.76,60,660,19935.73,1,11,3.7936,0.2299,1
49,17306.17,43960.18,48,539,33435.91,0,10,23.8193,2.5401,1
34,56852.74,7487.64,60,781,31158.57,0,3,6.603,0.1317,1
60,138524.98,30871.53,24,760,29464.43,2,3,2.6638,0.2229,1
61,102910.57,21260.27,48,437,35809.48,0,0,4.2273,0.2066,1
42,33860.63,11158.43,24,750,37185.39,1,6,13.343,0.3295,1
31,65957.18,23692.07,24,623,18088.85,0,19,3.4706,0.3592,1
43,58708.47,47143.49,60,772,11671.44,0,1,2.5462,0.803,1
21,118377.65,39517.28,48,776,20715.53,0,0,2.1834,0.3338,0
66,10871.84,8341.35,48,492,4176.11,0,18,4.8013,0.7672,1
57,95580.15,42772.63,24,606,37557.34,1,16,4.939,0.4475,1
41,41751.45,46997.15,60,841,39362.21,0,10,11.5384,1.1256,1
46,31384.29,15294.29,24,520,26281.84,1,4,10.2927,0.4873,1
66,30850.83,18004.15,24,471,29973.39,0,5,11.9505,0.5836,1
56,22472.69,8062.88,24,459,13285.05,2,21,7.2734,0.3588,1
43,33912.16,18557.13,24,471,34717.56,0,5,12.5586,0.5472,1
21,25646.43,34310.76,48,362,36061.95,0,22,17.2079,1.3378,1
60,54618.63,15063.44,36,364,3537.64,2,16,0.8692,0.2758,1
35,69840.03,2327.6,48,468,5692.03,2,19,0.9863,0.0333,1
41,42026.51,18250.14,60,380,10803.69,0,9,3.1717,0.4343,1
67,120551.69,23752.35,36,567,28295.14,3,9,2.8822,0.197,1
29,35275.62,29185.09,24,679,7742.9,0,8,3.0476,0.8273,1
29,40728.47,34823.61,48,372,9193.16,2,17,2.9224,0.855,1
30,36909.92,4965.65,36,631,15583.61,0,12,5.1113,0.1345,1
46,70204.76,24548.09,24,487,24659.64,0,7,4.3899,0.3497,1
61,74588.69,14785.4,48,324,39064.22,1,10,6.3343,0.1982,1
55,65987.47,47502.54,36,527,31463.84,1,6,5.9617,0.7199,1
45,45503.06,19275.13,48,417,22552.99,0,6,6.0535,0.4236,1
46,21930.34,6805.94,36,744,2450.76,0,2,1.4445,0.3103,1
31,40470.79,3991.59,60,407,20915.18,1,15,6.2213,0.0986,1
58,119000.6,14739.48,48,541,8561.36,0,12,0.8943,0.1239,0
22,90034.01,10586.18,48,833,12352.73,1,17,1.6758,0.1176,0
27,58479.42,33190.38,36,780,10409.0,0,17,2.3251,0.5676,0
38,38922.54,42654.39,60,802,14224.2,0,11,4.6046,1.0959,1
47,48621.88,17002.82,48,797,2959.26,2,12,0.8178,0.3497,1
54,39026.55,29733.99,60,355,23285.09,0,2,7.3121,0.7619,1
47,100290.98,37054.65,60,448,2307.25,1,2,0.35,0.3695,1
37,29632.29,21127.41,48,610,26593.05,0,1,10.9475,0.713,1
63,85323.19,5183.63,24,420,29366.69,0,6,4.1606,0.0608,1
64,35684.74,13000.88,36,325,19699.53,0,1,6.746,0.3643,1
44,108288.7,44387.16,48,411,31359.66,1,5,3.5776,0.4099,1
45,63326.9,41575.05,60,810,38711.93,0,12,7.4669,0.6565,1
27,31268.53,6153.56,36,322,13932.08,0,10,5.4123,0.1968,1
26,40717.47,12749.54,48,563,24946.82,3,4,7.4305,0.3131,1
44,75130.69,38919.93,36,415,13287.4,0,6,2.295,0.518,1
53,36334.18,25323.12,36,779,18013.73,1,10,6.1817,0.697,1
69,49676.23,38478.42,60,606,1322.61,0,6,0.4744,0.7746,0
49,36034.55,12132.44,24,530,3436.82,0,7,1.3129,0.3367,1
63,140852.75,47729.51,24,791,32002.38,0,3,2.8959,0.3389,1
42,156161.05,39613.16,36,419,6026.36,0,9,0.5476,0.2537,1
46,117933.29,11477.71,60,585,28116.48,0,20,2.8804,0.0973,1
48,45495.81,28805.56,60,706,28500.25,2,19,7.6439,0.6331,1
41,38497.49,7428.66,48,657,39850.93,1,14,12.4701,0.193,1
69,30714.86,19348.87,36,451,27976.04,3,22,11.14,0.63,1
27,123183.79,33661.83,48,624,5585.45,0,14,0.6124,0.2733,0
37,85685.1,17846.13,60,545,25248.4,0,18,3.5776,0.2083,1
40,88190.68,33524.4,36,614,21203.64,0,9,3.0119,0.3801,1
61,42194.42,13749.41,24,461,36736.93,0,1,10.6108,0.3259,1
69,17073.14,36617.93,24,668,27760.93,0,15,20.5844,2.1448,1
40,19598.84,19260.3,48,484,20979.9,1,19,13.0913,0.9827,1
42,50745.61,39943.1,36,575,25156.45,0,4,6.2112,0.7871,1
48,35824.79,8561.12,60,828,18016.67,0,16,6.0827,0.239,1
60,33435.69,19374.94,48,735,20582.09,0,2,7.5317,0.5795,1
69,60300.1,24268.76,24,559,29032.63,0,7,5.9789,0.4025,1
27,90056.8,22344.59,60,544,3594.68,2,10,0.5286,0.2481,0
21,32185.26,22788.54,36,637,24805.76,1,4,9.4846,0.708,1
52,22395.92,23350.56,24,349,3984.59,0,16,2.6563,1.0426,1
33,32647.3,49462.57,60,571,34275.53,2,3,12.9015,1.5151,1
50,26202.8,11271.54,24,534,37727.3,0,23,17.4929,0.4302,1
43,69961.44,38895.86,36,605,31318.0,1,7,5.5571,0.556,1
39,48900.1,28485.86,48,776,28862.25,0,1,7.2284,0.5825,1
52,151492.82,21854.16,60,787,37778.02,2,15,3.0213,0.1443,1
50,76176.71,32409.38,60,379,9131.87,0,8,1.5236,0.4254,1
49,145555.64,42969.51,36,585,9538.9,0,16,0.8848,0.2952,0
69,21113.64,24398.64,24,397,19500.11,0,9,11.6607,1.1556,1
65,6962.44,43510.47,24,777,794.79,0,23,4.4945,6.2493,1
49,56715.07,6502.32,24,705,38620.26,0,23,8.2288,0.1146,1
50,52782.35,33348.04,60,836,1773.97,0,12,0.5297,0.6318,0
36,45539.2,17992.64,60,554,24046.42,0,21,6.4155,0.3951,1
60,51920.97,20562.34,24,786,14481.97,1,16,3.5451,0.396,1
39,24973.84,29408.95,60,493,4567.15,0,11,2.43,1.1776,1
38,68727.67,25036.01,48,815,1472.29,1,8,0.3481,0.3643,0
21,76245.67,20325.41,36,763,10865.53,1,14,1.7989,0.2666,1
34,23864.58,16799.52,36,803,4714.02,0,9,2.605,0.704,1
67,39648.89,31679.13,60,335,37642.98,0,18,11.5527,0.799,1
22,41145.99,26267.82,48,315,10168.07,0,16,3.1251,0.6384,1
48,32778.02,17518.84,48,372,4218.21,0,6,1.6779,0.5345,1
69,24424.27,11838.13,24,619,30902.44,0,13,15.4252,0.4847,1
50,49389.99,39174.47,36,544,16862.96,0,12,4.3615,0.7932,1
58,57324.5,40386.32,36,494,33824.81,0,20,7.3155,0.7045,1
24,33992.35,12261.83,36,388,33618.02,0,1,11.9881,0.3607,1
21,25476.88,14559.15,60,438,39699.04,1,15,18.8131,0.5715,1
28,62713.65,13478.87,48,696,32251.2,0,16,6.2249,0.2149,1
49,30933.89,44459.35,24,783,8959.0,0,5,4.194,1.4372,1
59,40720.08,39158.26,60,686,23664.71,1,0,7.1662,0.9616,1
23,37735.4,5579.53,24,667,21286.88,1,5,6.8432,0.1479,1
52,103510.18,41967.97,60,757,20573.49,0,0,2.4662,0.4054,1
30,31797.46,3768.89,36,721,12223.89,0,22,4.6527,0.1185,1
30,138042.37,14153.59,24,531,8800.56,0,22,0.8163,0.1025,0
39,76986.18,46111.59,48,838,28817.35,0,9,4.6416,0.599,1
66,146171.99,43487.9,48,643,4519.59,0,19,0.4454,0.2975,0
54,73041.52,39508.86,60,437,2459.83,0,22,0.5123,0.5409,0
53,42932.03,23962.27,36,673,15559.12,1,23,4.535,0.5581,1
43,28270.67,17427.88,60,736,29885.06,0,7,12.8085,0.6165,1
48,39606.68,44314.2,24,454,34807.05,0,15,11.1052,1.1189,1
52,119655.09,33539.56,48,818,21835.01,0,11,2.2599,0.2803,1
27,47630.89,16184.43,48,414,33677.33,0,18,8.5695,0.3398,1
49,72878.7,24233.4,48,391,1499.0,0,13,0.33,0.3325,1
28,55502.47,44312.01,48,645,18487.09,1,7,4.1966,0.7984,1
21,56942.47,45365.86,24,824,5768.85,0,18,1.6141,0.7967,0
23,58273.1,33646.5,48,390,23517.34,2,14,4.9872,0.5774,1
44,65986.46,37162.68,60,697,36879.04,0,4,6.8193,0.5632,1
43,30077.59,3886.3,48,404,784.02,0,16,0.3451,0.1292,1
28,41566.82,31020.82,24,839,26894.73,1,22,8.1374,0.7463,1
67,59017.42,35071.64,36,578,31797.81,2,13,6.6635,0.5943,1
57,54073.11,2978.1,36,311,29907.01,0,14,6.6554,0.0551,1
23,37170.74,42505.23,48,606,1280.88,0,7,0.6994,1.1435,1
53,62941.47,46557.68,36,663,7368.4,0,3,1.6514,0.7397,1
48,30863.06,13420.95,24,617,4228.77,0,6,1.8616,0.4349,1
67,23533.88,42598.2,48,837,3875.44,0,6,2.4286,1.8101,0
28,58512.25,33944.6,24,513,29342.27,0,21,6.3077,0.5801,1
54,23882.59,29873.4,36,613,17279.18,0,4,9.099,1.2508,1
55,57992.81,42470.05,36,754,29130.45,0,9,6.2718,0.7323,1
52,15171.76,15709.31,48,698,14749.72,0,19,11.925,1.0354,1
44,31729.66,39961.1,36,521,5123.45,0,4,2.3575,1.2594,1
34,40273.7,17097.0,48,561,28878.86,0,22,8.7109,0.4245,1
52,18695.14,39797.91,48,795,25229.26,0,23,16.7263,2.1288,1
66,39198.61,23650.59,60,429,4962.56,0,3,1.6399,0.6034,1
63,99808.81,7613.38,60,458,37012.39,0,20,4.4653,0.0763,1
36,22875.34,20312.95,60,590,12702.37,2,10,6.841,0.888,1
24,39845.95,13207.68,24,842,26361.84,0,5,8.1049,0.3315,1
57,136160.12,6825.51,36,388,1763.25,0,14,0.1721,0.0501,1
41,25922.94,7293.78,36,631,18000.18,0,10,8.4263,0.2814,1
34,113361.15,39443.43,60,805,38592.39,1,24,4.1548,0.3479,1
51,41464.66,44307.1,48,429,35517.09,2,21,10.5459,1.0686,1
68,52111.83,46502.2,48,506,9243.22,0,6,2.3516,0.8924,1
38,106392.39,42989.42,48,659,35225.65,0,23,4.0741,0.4041,1
27,36641.66,41850.76,48,358,12076.27,1,18,4.2405,1.1422,1
30,71583.18,5304.12,24,395,34163.26,0,4,5.7641,0.0741,1
27,83346.2,39925.93,36,545,29304.46,2,3,4.3789,0.479,1
53,33173.66,39597.57,60,758,14406.08,0,0,5.4499,1.1936,1
43,31043.41,8301.94,24,444,36476.24,3,15,14.2338,0.2674,1
41,42737.76,33776.44,36,609,19668.53,0,11,5.786,0.7903,1
39,43547.64,23720.35,24,833,13048.92,2,19,3.8681,0.5447,1
68,25658.53,45200.65,48,680,11547.59,1,17,5.841,1.7616,1
39,33357.56,35379.6,24,652,37593.15,1,19,14.054,1.0606,1
56,6123.31,47647.4,24,584,30463.95,0,1,63.5916,7.7813,1
49,40112.22,7036.29,48,801,14321.01,0,12,4.3281,0.1754,1
38,83837.57,3949.15,48,557,10539.65,0,11,1.5204,0.0471,1
22,18033.5,48731.81,60,351,8858.87,0,3,6.4354,2.7023,1
21,37127.5,5849.22,60,849,10157.46,3,3,3.3145,0.1575,1
67,212224.44,20537.4,36,515,4883.69,0,12,0.3084,0.0968,0
25,48361.73,33198.59,60,745,19647.03,0,2,5.0123,0.6865,1
40,110644.39,44242.72,60,522,2122.35,0,20,0.3102,0.3999,0
31,26711.54,14219.71,36,404,954.83,0,24,0.6064,0.5323,1
62,64170.0,3394.79,24,821,24913.87,0,16,4.6854,0.0529,1
22,24116.92,27021.77,24,682,3994.93,0,6,2.548,1.1204,1
23,62357.47,24613.38,24,413,33885.78,0,12,6.7183,0.3947,1
43,81255.11,16730.87,48,368,4715.79,0,14,0.7479,0.2059,1
32,70473.04,43947.17,36,664,21935.43,0,13,3.943,0.6236,1
40,39856.37,37967.46,24,343,27182.39,0,15,8.6604,0.9526,1
25,57812.49,43189.59,60,510,9551.64,1,16,2.132,0.7471,1
57,58145.0,9766.83,60,575,35586.43,0,15,7.3779,0.168,1
58,73100.74,35235.77,60,406,19514.78,0,15,3.2999,0.482,1
50,45512.39,48804.88,36,778,12955.1,0,0,3.7732,1.0723,1
29,85706.44,31371.87,36,504,36094.58,1,13,5.1757,0.366,1
54,115932.48,10225.49,60,418,34404.44,0,1,3.5788,0.0882,1
64,40509.0,49797.46,48,785,28530.28,1,21,8.7589,1.2293,1
55,50405.92,27359.53,48,408,11974.06,0,8,2.9863,0.5428,1
42,28484.38,42322.83,24,753,15913.15,0,18,7.4469,1.4858,1
64,60123.4,9169.35,24,538,27744.47,0,4,5.6138,0.1525,1
44,60354.01,33972.62,24,307,7818.73,1,23,1.836,0.5629,1
37,50756.34,45805.65,24,811,20056.94,0,9,5.1932,0.9025,1
30,53105.71,27536.86,24,342,29640.03,0,5,6.9569,0.5185,1
50,155297.18,15855.68,36,693,26479.66,0,2,2.0801,0.1021,1
66,8672.97,8116.25,36,431,28937.36,0,1,40.3499,0.9358,1
43,36388.42,16205.34,48,693,35730.81,1,18,11.8945,0.4453,1
52,39885.41,19034.44,48,497,38747.32,2,5,11.7769,0.4772,1
37,117494.59,36077.85,36,763,18606.15,0,20,2.0026,0.3071,0
37,65197.3,10573.83,48,420,2869.28,0,23,0.5687,0.1622,0
34,66158.69,7093.03,60,599,33456.84,0,9,6.0899,0.1072,1
29,104392.56,20573.1,48,519,5159.65,2,17,0.6424,0.1971,1
60,44003.57,24015.37,60,393,9168.05,0,13,2.6093,0.5458,1
22,72503.92,32162.48,60,591,26300.11,0,1,4.4416,0.4436,1
65,35651.28,35961.5,24,452,29956.54,0,3,10.5875,1.0087,1
45,26056.34,44685.33,48,824,27938.57,0,14,13.2956,1.715,1
59,143846.23,15869.77,60,721,17820.44,0,24,1.5087,0.1103,0
29,61170.42,27373.18,48,457,36763.65,2,20,7.3239,0.4475,1
42,72171.29,19569.95,48,569,33371.75,1,22,5.6165,0.2712,1
63,25639.65,2068.24,36,556,26715.46,2,22,12.5304,0.0807,1
66,66583.47,29812.73,36,814,17922.49,0,5,3.3793,0.4477,1
24,142477.54,41158.21,24,536,18821.12,0,5,1.7296,0.2889,1
46,41503.37,3749.1,48,744,7450.68,0,8,2.1768,0.0903,1
49,23075.35,2167.6,36,470,31298.35,0,19,16.3076,0.0939,1
65,54741.96,36935.28,60,569,34705.55,0,17,7.7428,0.6747,1
54,26329.94,34825.27,60,366,33177.63,0,22,15.3854,1.3226,1
43,19251.05,21480.9,24,307,22110.37,0,21,14.3403,1.1158,1
57,31544.06,33757.03,60,747,33598.68,0,3,12.9956,1.0702,1
31,36477.15,47762.53,48,434,31721.15,0,0,10.7627,1.3094,1
26,27109.79,13897.41,60,324,33378.19,2,3,14.8772,0.5126,1
38,108649.25,13804.48,24,764,39286.37,0,21,4.4026,0.1271,1
41,152324.14,10939.15,24,673,32495.0,0,2,2.5958,0.0718,1
62,71029.66,36751.36,60,495,11192.25,0,12,1.9943,0.5174,1
56,61729.5,18953.08,48,701,32924.09,0,14,6.4771,0.307,1
61,45015.9,49457.27,36,421,15337.59,3,0,4.4548,1.0987,1
58,28629.71,36303.15,48,508,20889.59,0,15,9.0728,1.268,1
54,128251.2,19634.09,48,600,31957.78,0,1,3.0284,0.1531,1
37,47206.55,9160.93,48,814,13010.39,0,5,3.3558,0.1941,1
57,37139.96,30417.19,60,833,1530.28,0,0,0.6582,0.819,0
45,90116.09,16155.36,36,338,28866.71,0,21,3.9037,0.1793,1
58,46903.59,45464.44,48,505,36135.88,0,16,9.4875,0.9693,1
32,88113.1,23187.41,36,711,37151.59,0,16,5.1473,0.2632,1
43,38336.23,16047.2,24,632,32056.95,3,21,10.2438,0.4186,1
62,90271.96,30250.49,36,507,37438.14,0,0,5.0884,0.3351,1
42,88243.94,8574.78,60,704,32915.92,0,15,4.4956,0.0972,1
41,108542.5,28954.36,24,687,1688.91,0,8,0.3201,0.2668,0
47,32027.34,4693.35,24,786,14311.39,0,1,5.4355,0.1465,1
51,46638.25,31130.66,48,681,13776.2,3,24,3.7115,0.6675,1
26,157733.48,27447.86,36,570,9156.99,0,20,0.7546,0.174,0
47,42283.52,26996.77,24,736,32018.51,0,4,9.406,0.6385,1
60,79747.09,34839.89,24,729,21043.55,0,7,3.385,0.4369,1
54,193752.92,4133.92,36,644,33533.43,0,0,2.084,0.0213,1
32,16164.54,24067.11,36,448,24253.3,0,8,18.5011,1.4889,1
65,41450.97,23313.86,24,691,23829.07,1,13,7.1797,0.5624,1
27,49075.84,24069.56,24,486,15673.86,0,16,4.0778,0.4905,1
30,16658.45,49034.77,36,319,31689.32,0,4,23.8087,2.9435,1
65,37287.64,8685.37,60,637,27482.12,0,7,8.8909,0.2329,1
37,27369.14,35140.63,36,672,13880.7,0,16,6.514,1.284,1
46,82011.21,21295.81,60,366,39746.15,0,20,5.8676,0.2597,1
41,17333.76,26562.87,24,738,18780.17,0,11,13.7676,1.5324,1
48,152297.87,38594.91,48,361,13005.31,1,18,1.0881,0.2534,1
66,74156.9,9554.02,36,785,27667.83,0,7,4.5201,0.1288,1
22,26048.28,38652.09,24,384,9300.89,1,18,5.0267,1.4839,1
63,90748.9,5375.88,24,705,33310.44,0,11,4.4344,0.0592,1
21,70135.74,25198.86,48,694,27374.36,0,7,4.7735,0.3593,1
56,47893.71,37619.4,36,823,34867.58,0,10,8.9981,0.7855,1
46,31796.96,11242.47,24,475,13497.53,0,10,5.2707,0.3536,1
49,68090.84,39003.95,60,658,34249.81,0,14,6.1506,0.5728,1
41,52772.85,10007.0,48,838,20286.78,0,1,4.6604,0.1896,1
31,32417.57,40363.46,60,590,2836.67,0,2,1.2991,1.2451,1
60,21895.73,24508.91,36,429,8169.69,0,0,4.8505,1.1193,1
31,29426.37,34862.64,60,778,9097.14,0,0,3.9467,1.1847,1
56,36243.72,46035.51,48,831,30835.64,0,3,10.527,1.2702,1
69,98468.54,21604.23,24,563,8523.45,0,20,1.1484,0.2194,0
59,82162.59,13181.96,48,802,22695.73,0,18,3.3549,0.1604,1
60,37419.96,43623.88,24,459,26275.41,0,17,9.009,1.1658,1
55,38303.0,9757.6,24,837,31067.37,0,0,9.8605,0.2547,1
54,88859.47,32310.85,60,380,31463.27,1,18,4.3217,0.3636,1
67,57549.92,46316.16,48,712,28845.35,1,0,6.2159,0.8048,1
44,57070.86,34371.04,48,774,8920.76,3,9,2.0263,0.6023,0
42,32143.8,11392.69,24,317,21967.04,0,21,8.378,0.3544,1
25,45521.89,9309.63,48,368,11961.7,0,12,3.2043,0.2045,1
53,49146.31,14110.67,36,429,31116.35,0,18,7.6934,0.2871,1
56,46410.68,20787.53,36,609,30049.67,0,19,7.919,0.4479,1
67,76148.51,9639.63,60,786,9571.08,0,7,1.5336,0.1266,0
40,77591.43,40295.08,60,314,25833.04,0,4,4.0991,0.5193,1
39,28243.69,19137.7,48,795,2807.9,0,10,1.3624,0.6776,0
55,36310.83,46932.16,60,485,30857.66,0,20,10.4563,1.2925,1
63,32453.9,42439.56,48,716,31317.98,0,7,11.9069,1.3077,1
37,112771.11,45623.28,60,731,14206.97,0,13,1.5927,0.4046,1
65,189490.53,16135.65,36,365,32347.13,0,11,2.0769,0.0852,1
63,37116.88,29539.11,24,380,34402.75,0,10,11.5204,0.7958,1
54,44344.45,17429.58,24,335,8007.28,0,12,2.3634,0.393,1
29,81258.35,14333.53,36,316,14360.36,1,9,2.1795,0.1764,1
46,32069.91,31140.17,24,813,10812.69,0,19,4.5314,0.971,1
22,82367.4,41263.78,48,332,15287.15,1,7,2.3524,0.501,1
29,48410.81,6492.69,48,648,18152.71,0,9,4.5332,0.1341,1
29,17218.78,15236.9,36,679,20643.77,0,20,14.6819,0.8849,1
60,22465.58,11846.44,36,807,1886.6,1,5,1.1835,0.5273,0
37,40026.12,40320.81,36,566,2679.07,0,0,1.139,1.0074,1
21,102106.24,46801.86,36,816,26381.77,0,8,3.2533,0.4584,0
45,28695.03,5837.25,24,784,17988.28,2,3,7.6242,0.2034,1
63,35580.02,20202.24,24,646,4044.64,0,0,1.648,0.5678,1
60,55640.94,45896.43,24,742,15756.08,0,22,3.8105,0.8249,1
62,18011.06,18542.63,48,677,19282.05,1,9,13.1042,1.0295,1
45,58637.63,36207.75,60,657,25605.81,2,19,5.3636,0.6175,1
59,19414.12,6831.99,48,837,5174.04,1,20,3.2861,0.3519,1
55,68893.05,23330.6,60,509,39794.77,0,6,6.9993,0.3386,1
23,30173.92,26158.44,36,341,19250.87,0,22,7.9449,0.8669,1
57,27855.08,38367.88,36,312,27391.23,0,24,12.2593,1.3774,1
64,57738.41,15863.58,24,788,36374.62,0,24,7.6973,0.2747,1
64,78936.13,14681.05,24,486,1757.02,2,6,0.3601,0.186,1
50,61436.29,16542.45,60,362,24253.68,3,24,4.7912,0.2693,1
58,55524.86,28673.43,60,635,21844.05,0,4,4.8242,0.5164,1
54,55998.56,44048.21,24,374,2767.57,0,1,0.9864,0.7866,1
32,61660.15,41885.19,36,448,27874.6,0,8,5.6512,0.6793,1
39,64139.89,4781.39,24,506,9220.9,0,5,1.7624,0.0745,1
57,38693.67,44189.85,36,540,28224.32,1,21,9.1338,1.142,1
64,72598.66,6565.25,36,534,14823.85,0,8,2.4804,0.0904,1
69,30366.21,21936.71,48,424,30919.98,1,14,12.3994,0.7224,1
37,94356.55,38739.41,48,556,37699.58,0,12,4.8972,0.4106,1
30,78391.14,5912.53,60,391,34490.25,2,14,5.2948,0.0754,1
69,181414.66,3939.18,36,506,19561.66,0,0,1.3012,0.0217,1
67,66723.27,17839.8,24,716,9398.28,0,14,1.8239,0.2674,1
32,84580.57,37036.43,36,587,39700.73,2,17,5.7786,0.4379,1
36,19219.43,27044.31,60,514,26550.2,0,10,16.8585,1.4071,1
44,86251.1,22016.09,36,811,16140.13,2,2,2.3306,0.2553,1
39,99297.3,41027.52,36,667,19520.19,0,0,2.4967,0.4132,1
28,120913.75,38802.04,60,700,5558.18,0,3,0.6158,0.3209,0
51,52695.21,39730.07,36,500,20459.04,0,1,4.9103,0.754,1
41,39929.23,24066.89,48,584,7340.0,0,15,2.3566,0.6027,1
37,25496.36,2933.56,60,362,14946.95,0,18,7.0579,0.1151,1
43,26934.91,10262.57,48,660,19924.79,0,15,8.9721,0.381,1
57,48273.4,37582.42,60,486,37938.05,3,11,9.5865,0.7785,1
36,17139.43,38152.33,36,782,25175.38,1,7,18.3683,2.226,1
26,30917.23,48670.33,48,670,15189.66,1,3,6.2892,1.5742,1
28,51725.87,11128.95,48,320,4967.03,3,15,1.2061,0.2152,1
45,51037.81,7900.49,24,607,30013.95,0,8,7.1343,0.1548,1
38,27401.79,8661.9,48,345,18940.69,0,21,8.3737,0.3161,1
45,23381.07,10869.83,48,493,3192.13,1,14,1.7545,0.4649,1
32,25573.0,27366.48,36,356,26446.55,0,11,12.7666,1.0701,1
35,42936.98,48810.15,48,756,14329.16,0,16,4.2889,1.1368,1
46,175936.48,30292.71,48,632,16453.71,0,21,1.1653,0.1722,0
61,92614.73,27089.03,48,315,33634.73,0,22,4.4311,0.2925,1
65,55743.53,34321.1,36,812,5923.68,0,14,1.4804,0.6157,0
46,68345.74,5548.66,60,449,13944.81,0,3,2.4646,0.0812,1
67,90176.03,41137.0,36,512,14864.89,0,7,2.1302,0.4562,1
52,73524.3,33050.22,48,690,631.51,0,2,0.2154,0.4495,0
30,40744.41,10217.2,60,580,33890.49,1,6,10.0315,0.2508,1
36,29514.8,32274.34,36,838,33494.85,0,6,13.9827,1.0935,1
27,45471.25,30617.98,36,641,26642.53,0,14,7.2555,0.6733,1
37,89549.34,5112.94,60,636,36008.17,2,19,4.8367,0.0571,1
43,41679.53,14812.75,24,374,11279.02,0,16,3.4251,0.3554,1
46,25265.49,20765.2,48,392,9214.9,0,9,4.5821,0.8219,1
41,17429.7,13754.65,24,845,3206.57,0,15,2.6022,0.7891,0
42,45587.17,13671.76,48,414,23884.51,0,15,6.3621,0.2999,1
27,26492.44,29501.53,48,720,20106.04,0,21,9.3856,1.1136,1
34,37725.46,24601.23,24,412,32510.65,0,14,10.6673,0.6521,1
35,117446.66,34030.02,24,667,19510.84,0,11,2.1384,0.2897,1
27,47462.26,47907.54,48,359,8527.83,1,6,2.4085,1.0094,1
29,31248.4,33706.69,60,581,32479.08,0,2,12.6883,1.0787,1
68,58997.52,29940.6,60,536,18490.46,0,20,3.8624,0.5075,1
28,155215.97,42682.86,24,344,38255.29,0,23,3.0951,0.275,1
43,45596.32,32339.51,24,496,21611.62,1,22,6.0424,0.7093,1
49,11928.48,9946.94,36,798,5111.19,0,1,5.4198,0.8339,1
38,72406.11,17107.94,60,748,34115.47,2,3,5.7013,0.2363,1
51,60346.49,37201.29,60,494,35197.21,1,22,7.1223,0.6165,1
50,51744.5,37442.35,48,494,18094.55,0,24,4.3772,0.7236,1
59,42980.15,49376.42,36,609,1526.72,0,22,0.8092,1.1488,1
55,30201.19,32094.79,48,847,1674.08,0,7,0.9308,1.0627,0
38,121659.88,45178.17,36,688,14370.4,0,9,1.5412,0.3713,0
62,16268.96,4619.85,60,734,28791.17,3,11,21.2932,0.284,1
59,40726.06,29178.67,48,795,13576.55,1,11,4.1795,0.7165,1
37,40158.76,46152.71,36,500,805.33,0,8,0.6237,1.1493,1
34,81802.66,15787.72,48,833,34018.56,2,10,5.0386,0.193,1
51,102888.01,9434.08,36,596,38764.93,1,12,4.5518,0.0917,1
44,42785.72,18824.49,24,793,14181.59,0,0,4.1975,0.44,1
55,55038.02,40027.34,48,630,3386.45,0,2,0.9202,0.7273,1
64,57918.5,6065.64,24,560,12010.76,3,21,2.5408,0.1047,1
65,92225.85,30816.26,36,354,32060.73,0,23,4.283,0.3341,1
54,91093.18,8510.32,48,581,21919.21,0,10,2.9108,0.0934,0
23,35488.07,22905.56,36,741,15667.43,0,14,5.513,0.6454,1
57,63751.04,48366.9,36,558,13701.96,0,6,2.832,0.7587,1
63,61694.56,11366.92,24,445,5058.1,0,15,1.076,0.1842,1
60,45727.45,3632.79,48,690,13910.79,0,5,3.6704,0.0794,1
46,61345.01,22505.76,60,672,19069.28,0,19,3.8036,0.3669,1
43,49618.18,29729.39,36,344,27089.07,1,23,6.7511,0.5992,1
64,53891.84,16280.85,24,696,10852.1,1,9,2.5675,0.3021,1
59,21728.85,28004.86,60,561,35946.47,0,3,20.1096,1.2888,1
35,28260.58,47763.29,24,778,19649.59,1,5,9.1887,1.6901,1
69,80069.74,16965.0,24,784,16503.87,0,11,2.5794,0.2119,1
24,23709.88,16852.5,24,815,23961.17,3,2,12.4826,0.7108,1
49,64994.99,25172.86,36,785,7121.14,0,11,1.4439,0.3873,0
42,46683.42,26735.18,60,765,4710.12,0,22,1.3253,0.5727,0
45,90979.8,2065.56,36,765,14188.34,0,15,1.879,0.0227,0
33,72350.69,31562.01,36,321,2077.37,0,11,0.49,0.4362,1
38,37347.92,49873.15,48,695,15414.54,0,14,5.2866,1.3354,1
53,42875.29,16016.39,60,508,27023.67,2,21,7.6381,0.3736,1
36,14893.46,32278.88,48,444,32578.83,0,22,26.7913,2.1673,1
65,45331.67,2221.84,24,719,23400.64,2,20,6.219,0.049,1
62,22877.54,31007.68,60,648,27807.5,0,20,14.857,1.3554,1
64,42992.29,23459.28,60,604,33408.63,0,17,9.4341,0.5457,1
22,33431.34,27454.07,36,343,31038.64,0,15,11.4149,0.8212,1
55,28970.19,28107.44,24,406,13139.29,0,5,5.9277,0.9702,1
62,99970.93,10493.74,36,449,23150.2,3,16,2.8138,0.105,1
54,22794.48,38958.47,48,563,10961.7,1,22,6.198,1.7091,1
50,27506.04,28662.54,24,409,23265.18,1,2,10.6709,1.042,1
33,32243.55,14969.33,36,317,17327.05,0,17,6.6033,0.4643,1
33,36729.27,46994.31,36,635,15225.57,0,10,5.4009,1.2795,1
38,28967.59,2613.14,36,538,7750.78,0,22,3.2409,0.0902,1
52,39517.97,36844.99,24,627,22689.25,1,24,7.356,0.9324,1
52,58764.46,20299.29,48,593,29307.98,0,16,6.0712,0.3454,1
55,73270.64,27082.15,60,712,23065.55,0,5,3.8515,0.3696,1
59,71167.02,15992.47,36,760,3234.45,0,23,0.6203,0.2247,1
66,15600.82,17420.1,24,380,37010.92,0,17,29.0268,1.1166,1
49,61581.55,2727.98,60,554,716.9,0,4,0.1486,0.0443,0
69,63904.12,37032.56,36,662,35459.79,0,15,6.8519,0.5795,1
49,32943.87,36118.32,24,756,30759.9,0,19,11.7527,1.0964,1
64,133333.73,33409.19,48,742,4314.01,0,9,0.4509,0.2506,0
36,94145.78,44141.63,36,832,9844.29,1,15,1.4111,0.4689,1
64,43922.65,45260.84,24,537,14284.2,0,2,4.4178,1.0305,1
67,34283.48,28709.33,36,560,36456.89,0,9,13.0399,0.8374,1
30,132040.86,34871.53,24,572,39207.09,0,23,3.6952,0.2641,1
50,48464.74,2527.92,48,579,3943.15,3,17,0.9894,0.0522,1
45,51586.86,42624.47,48,449,16178.82,0,15,3.97,0.8263,1
59,51198.93,41187.84,24,451,6396.63,0,16,1.9015,0.8045,1
40,195216.15,2971.93,60,311,11498.24,0,16,0.7098,0.0152,0
25,43048.85,28055.61,48,313,39252.28,0,9,11.1046,0.6517,1
21,48330.34,45519.47,36,810,39384.83,1,4,10.0929,0.9418,1
50,29773.15,10706.62,48,841,19149.45,1,24,7.808,0.3596,1
69,38804.84,18926.96,36,744,7733.98,0,3,2.5542,0.4877,1
23,26401.2,17890.58,48,617,22107.23,1,14,10.2177,0.6776,1
65,30138.54,19085.14,48,537,13167.07,1,15,5.4009,0.6332,1
34,16548.14,4010.53,36,838,37188.82,0,22,27.0485,0.2424,1
50,83192.69,15392.85,48,373,32819.47,0,17,4.7802,0.185,1
24,53854.85,16153.1,36,733,12699.21,1,18,2.9296,0.2999,1
38,56583.1,43561.86,36,597,1223.21,1,9,0.516,0.7699,0
57,47502.47,18901.57,48,595,39922.92,0,10,10.1847,0.3979,1
45,51177.72,23466.4,48,313,27492.09,0,8,6.5609,0.4585,1
68,129506.12,20275.43,36,694,17316.24,2,4,1.6567,0.1566,0
21,30906.95,7792.33,24,490,11894.0,0,5,4.7441,0.2521,1
66,57931.36,49537.12,48,720,674.77,3,2,0.3535,0.8551,0
35,57745.15,41639.61,60,405,6581.4,1,12,1.5119,0.7211,1
29,97264.91,27964.17,48,693,731.92,0,5,0.1622,0.2875,0
35,63779.87,24865.5,24,737,24104.58,0,10,4.7301,0.3899,1
69,65732.67,33164.23,24,306,26702.06,0,15,5.1269,0.5045,1
44,23041.18,17668.7,48,380,30788.45,0,10,16.2265,0.7668,1
24,30171.67,4413.58,48,784,7886.47,0,9,3.1732,0.1463,1
32,24339.77,21407.21,60,656,4290.85,2,15,2.2914,0.8795,1
57,11097.52,49230.92,48,610,26193.13,0,23,29.4323,4.4362,1
57,62213.02,10752.65,24,805,20245.82,1,13,3.9915,0.1728,1
63,41899.23,27329.85,60,818,35089.59,0,15,10.1802,0.6523,1
26,62282.95,2409.03,48,748,21564.01,1,16,4.1644,0.0387,1
59,50075.82,7857.51,60,584,18070.44,0,23,4.3617,0.1569,1
66,56628.17,30185.2,60,581,19777.1,2,7,4.2975,0.533,1
44,109411.28,16275.87,24,373,31401.71,0,22,3.5185,0.1488,1
31,49235.84,45472.86,24,344,1223.06,0,3,0.7599,0.9236,1
33,73232.42,21496.15,36,828,36769.35,0,16,6.1229,0.2935,1
54,40890.53,11985.61,24,756,28710.47,1,9,8.5721,0.2931,1
45,80408.32,28188.4,36,706,35468.94,0,1,5.4102,0.3506,1
27,23300.2,40158.73,24,392,38404.16,0,11,20.6406,1.7235,1
24,16276.32,2932.15,24,621,9427.15,0,18,7.0404,0.1801,1
28,173511.0,26264.97,36,765,23344.46,2,20,1.665,0.1514,0
40,147529.36,39124.47,36,626,19698.73,0,18,1.6907,0.2652,1
49,15255.44,6972.26,36,714,21735.95,0,7,17.25,0.457,1
65,47970.04,45334.33,60,798,2367.92,0,5,0.7814,0.9451,1
66,53634.61,14696.84,36,739,36602.44,2,18,8.2806,0.274,1
30,75643.21,10188.97,60,731,38210.03,0,17,6.0886,0.1347,1
63,139180.28,30284.29,60,627,27562.41,0,13,2.4199,0.2176,1
54,25929.95,10401.49,36,556,10701.97,0,2,5.0864,0.4011,1
46,26779.47,34625.67,36,373,31594.65,0,17,14.5887,1.293,1
61,48986.37,25524.9,36,533,29368.44,0,18,7.368,0.5211,1
69,27497.58,7277.89,24,820,23196.32,0,24,10.2553,0.2647,1
23,9619.21,45799.53,24,842,7224.46,0,14,11.3932,4.7613,1
26,42772.73,34313.86,36,557,8446.57,0,15,2.6371,0.8022,1
25,82004.25,28207.67,48,528,23781.49,1,16,3.566,0.344,1
25,48422.49,19968.35,36,544,5588.58,1,2,1.5224,0.4124,1
67,71284.0,8473.28,48,726,29095.22,0,22,4.9276,0.1189,1
43,65421.34,35960.88,24,755,8897.7,0,17,1.9069,0.5497,0
69,26471.09,41055.48,24,772,36463.95,0,12,17.3055,1.551,1
29,51062.87,8039.3,48,473,36039.14,0,11,8.5087,0.1574,1
55,19631.75,25739.25,24,374,12097.35,1,18,8.0501,1.3111,1
40,36056.9,25272.62,36,398,3793.78,1,21,1.4962,0.7009,1
69,50527.44,18795.76,48,812,24650.92,0,1,5.9475,0.372,1
62,48986.91,39888.41,48,423,18212.37,0,0,4.6649,0.8143,1
55,22593.99,6777.43,60,416,6176.5,0,9,3.3404,0.3,1
38,25504.31,11840.92,24,642,21493.52,0,17,10.345,0.4643,1
37,58371.08,2076.93,48,532,39712.61,0,11,8.1731,0.0356,1
44,80534.11,19903.3,48,428,3224.83,0,12,0.5423,0.2471,0
23,43296.17,15976.55,48,673,10923.87,0,3,3.1199,0.369,1
52,42015.08,43615.71,24,535,21775.26,0,20,6.7383,1.0381,1
55,85713.5,37798.89,48,489,31837.77,0,0,4.5676,0.441,1
58,30845.94,6054.67,48,467,1241.06,0,3,0.5319,0.1963,1
33,138166.91,37565.88,36,590,29444.02,0,20,2.6479,0.2719,1
67,21869.24,34419.21,36,640,6025.4,1,19,3.8309,1.5739,1
45,91958.97,15522.77,60,694,33311.84,0,17,4.3807,0.1688,1
29,67744.65,2742.12,48,773,27840.95,0,16,4.9417,0.0405,1
24,208162.09,7527.8,24,438,18532.2,0,19,1.0864,0.0362,1
34,25016.69,13997.17,60,490,32952.54,2,13,15.9186,0.5595,1
57,12083.38,41197.87,60,818,29455.42,0,1,29.9341,3.4095,1
54,103742.57,24335.02,60,350,30487.77,0,13,3.5735,0.2346,1
31,20276.14,46082.99,48,597,11957.91,2,9,7.6452,2.2728,1
61,70931.22,39879.13,60,371,24967.04,1,24,4.3363,0.5622,1
23,99637.18,15781.19,24,555,6073.69,0,19,0.8107,0.1584,0
48,61565.47,42577.38,36,608,32924.0,0,2,6.6479,0.6916,1
49,56348.37,7602.79,36,390,21306.31,1,14,4.5824,0.1349,1
29,62352.81,3733.64,48,448,33082.9,0,6,6.3819,0.0599,1
23,81020.15,31209.83,24,329,8840.7,0,14,1.502,0.3852,1
45,69719.9,18403.67,24,761,5648.49,1,18,1.1042,0.264,0
54,23624.74,17812.43,24,684,27714.27,0,11,14.4542,0.754,1
32,146532.11,34985.99,48,817,2806.7,1,23,0.2895,0.2388,0
62,50547.3,42804.98,24,672,10137.44,0,20,2.8301,0.8468,1
29,66903.39,17464.42,36,496,36394.19,0,3,6.6148,0.261,1
35,75101.32,17600.66,24,489,5743.94,0,0,1.035,0.2344,1
60,98081.76,27624.85,24,378,15334.46,1,4,2.0169,0.2817,1
45,92158.4,33352.81,48,846,37850.52,0,8,5.019,0.3619,1
25,53052.76,11739.48,60,371,1290.13,0,7,0.3361,0.2213,1
31,51045.87,45808.6,60,342,18089.95,0,13,4.4321,0.8974,1
54,62640.45,33411.99,48,432,31565.14,0,13,6.1803,0.5334,1
44,94848.54,32007.77,48,405,36404.73,0,3,4.6902,0.3375,1
35,25145.32,45401.39,48,656,29555.29,0,24,14.5559,1.8056,1
58,72146.73,45548.72,48,307,35591.47,0,6,6.0777,0.6313,1
28,28802.18,8506.41,24,642,1857.55,0,1,0.9216,0.2953,0
25,148855.02,8963.62,24,736,4445.11,0,10,0.3885,0.0602,0
68,61107.42,38573.54,60,379,29640.2,0,6,5.9469,0.6312,1
46,38192.08,47930.24,48,691,30256.47,0,19,9.8204,1.255,1
38,63400.69,33992.66,48,587,24408.22,0,20,4.7538,0.5362,1
26,49292.19,21743.22,24,412,29345.92,0,16,7.3647,0.4411,1
57,44528.64,34806.71,48,525,34393.1,0,14,9.464,0.7817,1
68,16555.35,12982.96,36,632,22046.56,1,3,16.2417,0.7842,1
33,26515.49,49902.38,24,716,37919.31,0,1,18.102,1.882,1
48,45059.01,22692.09,36,577,27922.39,0,8,7.6041,0.5036,1
25,17800.6,46720.93,24,302,19143.29,0,11,14.2175,2.6247,1
33,34464.81,22678.31,24,844,17149.97,0,23,6.3003,0.658,1
37,36318.23,46550.71,24,777,30131.59,0,18,10.5967,1.2817,1
60,30709.72,18112.9,60,709,25403.53,0,22,10.0445,0.5898,1
65,77918.05,38506.06,60,606,32789.01,0,22,5.1486,0.4942,1
52,28908.72,47648.1,24,513,31348.96,0,21,13.8371,1.6482,1
49,51691.33,33007.07,24,329,21206.01,0,18,5.2422,0.6385,1
23,39660.13,34523.13,24,718,37855.22,3,24,11.8891,0.8705,1
60,45648.3,6938.54,24,836,28318.16,1,24,7.5203,0.152,1
54,128520.08,24762.56,48,327,8433.16,0,21,0.8356,0.1927,1
60,54601.24,44564.26,48,386,24930.24,0,2,5.6831,0.8162,1
47,61317.45,13563.67,48,325,8471.62,0,19,1.7132,0.2212,1
33,30969.24,39841.42,60,419,22574.55,0,4,9.0045,1.2865,1
65,71374.06,34434.07,36,691,31702.41,0,8,5.4909,0.4824,1
53,69590.4,12703.33,24,656,32593.96,0,18,5.7117,0.1825,1
26,65681.02,15573.98,48,652,26207.59,0,8,4.8474,0.2371,1
44,23729.97,22522.92,48,314,31440.59,0,20,16.1365,0.9491,1
39,34504.73,8006.2,48,604,19153.31,0,21,6.7191,0.232,1
36,115861.18,45841.82,24,553,22250.91,1,17,2.5024,0.3957,1
60,32446.68,37489.17,24,819,35244.48,0,15,13.6124,1.1554,1
48,125742.67,19518.28,36,485,19976.69,0,1,1.9582,0.1552,1
53,35318.5,16383.94,60,686,14361.7,0,11,4.9724,0.4639,1
68,53579.92,35099.79,36,799,31981.21,0,17,7.381,0.6551,1
61,43813.55,22362.6,24,313,2493.71,0,22,0.9382,0.5104,1
33,29528.67,13008.16,36,529,38355.1,2,10,15.7338,0.4405,1
63,29784.83,22647.24,48,390,13932.58,0,21,5.8034,0.7604,1
65,32127.07,43822.26,36,703,25369.84,0,22,9.9307,1.364,1
45,53575.04,5293.12,48,804,27575.48,1,2,6.2012,0.0988,1
62,83637.77,19681.2,36,303,5914.59,0,19,0.927,0.2353,1
56,51528.69,48192.29,48,518,33002.98,1,21,7.9195,0.9353,1
47,48048.83,2711.93,36,515,23098.46,0,2,5.7876,0.0564,1
58,101339.02,44750.74,60,458,13453.18,0,14,1.6814,0.4416,1
27,50251.86,19992.02,36,672,34102.09,0,11,8.2761,0.3978,1
25,35393.44,11096.87,24,316,25190.67,0,0,8.6976,0.3135,1
63,26939.67,2719.03,24,794,31538.24,0,21,14.0988,0.1009,1
65,105058.05,5385.09,48,765,39696.24,0,10,4.547,0.0513,1
51,40229.73,10248.48,24,743,5645.92,0,1,1.8115,0.2547,1
43,34643.16,3219.64,48,380,30109.06,0,22,10.4527,0.0929,1
62,32891.65,18120.79,60,465,30428.0,0,20,11.2114,0.5509,1
30,101571.1,4154.87,24,656,35050.24,0,13,4.1614,0.0409,1
52,34759.76,35226.37,24,533,16618.59,0,0,6.2439,1.0134,1
63,88812.05,41307.54,48,461,34851.23,0,24,4.8253,0.4651,1
50,42691.51,44598.27,60,474,25775.39,0,17,7.454,1.0447,1
59,23741.31,28358.15,60,662,3216.5,2,17,1.8647,1.1945,0
51,40155.11,47432.46,36,675,1744.91,0,14,0.9152,1.1812,1
38,48065.7,2270.98,48,473,19518.67,0,3,4.8848,0.0472,1
56,45747.73,8432.88,48,537,31540.37,0,1,8.3194,0.1843,1
22,45071.7,16071.97,60,462,15677.15,3,14,4.2452,0.3566,1
34,40410.02,39873.17,48,537,34147.37,1,12,10.3869,0.9867,1
33,30607.31,44498.68,24,531,19938.82,1,9,8.5442,1.4539,1
49,49337.64,31670.45,24,816,1538.39,0,14,0.6951,0.6419,1
32,67817.06,20395.34,24,535,38959.77,1,5,7.0442,0.3007,1
59,20382.72,33960.59,48,622,19839.66,0,20,12.0968,1.6661,1
22,106877.36,10683.17,36,843,26180.37,0,9,2.9728,0.1,1
52,5334.91,23977.95,36,706,8371.92,0,2,20.3295,4.4945,1
33,51284.77,26362.12,60,476,12244.56,0,12,2.9679,0.514,1
66,64838.33,7033.82,48,799,19629.24,2,17,3.66,0.1085,1
47,34131.92,3625.89,60,418,34319.47,0,5,12.0872,0.1062,1
69,13691.07,38005.06,48,489,4527.19,0,13,4.662,2.7759,1
61,46256.88,27665.91,36,664,31323.42,0,17,8.3253,0.5981,1
37,54274.92,17947.46,24,785,23384.36,0,10,5.3355,0.3307,1
60,24606.57,22986.97,48,378,20236.78,0,19,10.1025,0.9342,1
51,29789.76,47969.76,36,621,35125.22,0,14,14.686,1.6103,1
54,87345.54,20475.86,36,438,5165.75,1,20,0.7878,0.2344,0
44,52607.24,6967.0,36,635,39634.79,0,12,9.0851,0.1324,1
65,19826.88,24252.9,24,701,34258.02,0,15,21.3459,1.2232,1
55,64208.95,33106.32,36,525,13366.61,0,23,2.67,0.5156,1
68,28048.45,2581.43,60,565,18337.27,2,11,7.8637,0.092,1
26,30796.08,17952.35,36,632,1487.63,1,0,0.774,0.5829,1
39,55193.17,20888.69,36,523,21340.4,0,22,4.7659,0.3785,1
50,52192.5,24258.31,48,819,22134.92,0,13,5.2054,0.4648,1
27,38500.87,16480.84,48,548,37099.74,3,21,11.6703,0.4281,1
30,36223.9,34012.27,48,720,15823.06,0,2,5.4765,0.9389,1
61,42172.37,47346.04,36,486,23039.41,0,9,6.93,1.1227,1
52,30688.52,45871.91,36,548,29754.39,0,9,12.133,1.4948,1
54,94221.85,33890.88,60,426,24536.4,0,0,3.1969,0.3597,1
48,19119.88,26330.44,24,387,6668.87,2,17,4.8741,1.3771,1
35,42424.14,41639.13,36,344,7286.7,0,16,2.3883,0.9815,1
50,20421.77,42124.99,24,545,5964.41,0,18,4.5361,2.0627,1
57,85956.88,41819.51,36,710,9100.29,2,0,1.4326,0.4865,1
49,42387.71,9576.61,24,517,13469.03,0,4,3.9261,0.2259,1
42,26003.82,3220.75,48,726,29716.86,0,5,13.7444,0.1239,1
24,73941.43,49193.28,36,314,2906.57,1,0,0.6935,0.6653,1
40,12392.44,48063.4,60,634,32907.58,0,16,32.6412,3.8784,1
52,58019.27,29090.17,24,836,10867.27,0,11,2.4983,0.5014,1
56,97809.16,49667.06,48,791,24730.24,0,3,3.161,0.5078,1
24,54596.56,38986.26,60,591,22334.35,0,3,5.0518,0.7141,1
47,36173.92,26834.25,48,416,6583.88,3,23,2.3695,0.7418,1
37,23264.66,20687.89,36,768,11848.24,0,9,6.4078,0.8892,1
32,93855.23,30457.43,60,686,12188.88,1,22,1.6233,0.3245,1
42,85515.52,26758.5,24,492,25141.3,0,22,3.6844,0.3129,1
37,33282.36,49702.52,24,400,31645.77,0,24,12.1566,1.4934,1
30,33820.33,25542.1,60,369,39853.4,0,7,14.2917,0.7552,1
21,99913.52,42124.21,24,473,4287.94,2,11,0.7258,0.4216,1
42,67438.27,41053.94,48,743,37577.34,0,11,6.8387,0.6088,1
46,16781.79,5427.5,60,732,22680.28,1,2,16.2825,0.3234,1
38,43589.8,6176.32,24,514,14592.33,0,15,4.088,0.1417,1
34,42636.51,33670.89,48,836,11740.7,0,3,3.5018,0.7897,1
67,56873.27,14437.18,24,618,8757.1,0,23,1.9746,0.2538,0
49,49198.95,33561.3,48,585,22504.45,0,4,5.6595,0.6822,1
32,36039.59,8942.04,36,524,37867.67,0,14,12.6914,0.2481,1
56,54557.79,21059.27,48,648,7695.16,0,20,1.7891,0.386,1
55,37471.41,6918.57,24,687,17728.6,0,23,5.7698,0.1846,1
32,380222.63,15540.47,48,640,8552.0,0,7,0.2801,0.0409,1
27,52766.76,6238.33,24,803,7437.4,3,21,1.7505,0.1182,1
49,48590.35,48587.78,60,370,34736.3,0,24,8.7786,0.9999,1
31,148106.15,20962.8,60,428,10847.52,0,19,0.9072,0.1415,1
53,21620.43,45257.06,36,743,10294.89,0,9,6.4117,2.0933,1
26,45890.63,48616.24,48,589,36436.8,0,0,9.7928,1.0594,1
67,27729.11,45659.01,36,686,15748.59,0,9,7.3642,1.6466,1
35,71754.51,23838.06,60,317,844.31,0,17,0.2076,0.3322,0
52,36438.83,39387.07,48,375,28986.83,0,16,9.8161,1.0809,1
31,69428.74,9377.58,48,664,20921.97,2,3,3.6499,0.1351,1
43,66491.58,6551.97,36,579,31078.19,0,24,5.6417,0.0985,1
46,78293.77,44091.27,36,579,23026.64,0,21,3.717,0.5632,1
54,67151.82,3493.77,48,742,14375.05,0,12,2.5818,0.052,1
66,42854.95,48671.71,48,628,3129.29,0,21,1.1602,1.1357,1
54,21192.62,34262.43,48,835,34704.5,0,5,20.0551,1.6167,1
49,89809.94,22141.43,36,807,8679.84,2,0,1.2419,0.2465,1
24,114166.87,8786.02,24,749,38868.25,0,0,4.1239,0.077,1
37,27925.04,36715.1,60,674,10210.49,0,2,4.6506,1.3148,1
55,76231.22,29029.36,60,595,33167.91,0,4,5.2973,0.3808,1
33,24289.08,36134.1,36,775,31655.55,0,17,16.1353,1.4877,1
61,55384.74,22060.27,48,692,18778.51,0,11,4.1682,0.3983,1
59,62670.89,5180.48,60,408,16367.3,2,0,3.1505,0.0827,1
35,37959.24,17118.67,60,658,28278.76,0,8,9.0299,0.451,1
49,51898.38,17121.0,60,588,21377.82,0,16,5.009,0.3299,1
49,81545.95,2416.6,60,717,25462.35,0,12,3.7529,0.0296,1
31,45905.95,2459.89,48,617,19073.51,0,13,4.9993,0.0536,1
52,32693.04,17876.4,36,640,22507.61,0,10,8.4437,0.5468,1
22,23522.97,36925.92,48,616,7971.43,0,10,4.459,1.5698,1
67,38775.4,31954.1,48,648,2688.16,0,3,1.0379,0.8241,0
34,24225.64,13472.85,60,326,14558.99,0,8,7.3229,0.5561,1
40,39087.95,30932.61,60,700,18901.55,0,17,5.961,0.7914,1
42,37080.8,33074.12,48,615,36288.17,0,18,11.9665,0.8919,1
31,79416.62,27083.36,48,667,16850.61,0,3,2.6314,0.341,1
47,51230.23,27024.99,48,642,17639.79,0,11,4.2638,0.5275,1
23,226014.81,19747.9,24,664,27155.84,0,17,1.4855,0.0874,0
37,14644.89,7922.93,60,372,8668.05,0,17,7.2108,0.541,1
64,59161.3,20503.22,36,421,34929.76,0,5,7.2005,0.3466,1
48,37386.55,18576.05,36,485,17391.82,0,10,5.7479,0.4969,1
49,27622.22,30414.68,36,618,37266.09,0,4,16.5566,1.1011,1
41,48152.98,43100.49,24,841,11215.1,1,15,3.2424,0.8951,1
67,46038.34,20018.01,24,652,18890.9,0,10,5.1414,0.4348,1
36,93590.83,36067.29,36,654,31237.37,1,4,4.1336,0.3854,1
57,51779.78,40967.86,36,405,22459.11,0,8,5.4686,0.7912,1
40,32348.37,12164.07,36,717,26619.2,0,22,10.0,0.376,1
26,59905.66,45279.21,48,504,11587.5,0,10,2.5101,0.7558,1
39,42710.88,5381.36,60,681,13474.14,0,14,3.8109,0.126,1
25,24952.09,45282.53,24,596,20550.73,2,24,10.7907,1.8148,1
23,42229.44,9854.38,24,578,8497.95,1,16,2.5315,0.2334,1
21,56306.5,18184.14,48,488,5489.09,0,17,1.2506,0.3229,0
58,51193.58,31051.29,24,842,33830.19,0,20,8.2332,0.6065,1
35,59765.74,45472.8,36,749,31106.75,0,13,6.4994,0.7609,1
54,35742.97,14273.67,24,557,37316.25,1,6,12.7279,0.3993,1
55,59312.01,38651.55,48,752,23668.8,0,23,4.9516,0.6517,1
69,52684.13,36100.92,60,377,17100.48,2,22,4.0321,0.6852,1
45,52941.23,9666.02,36,322,4569.33,1,15,1.0966,0.1826,0
44,49981.79,25014.27,24,802,34093.46,0,8,8.4356,0.5005,1
32,180892.09,25112.24,36,484,18522.24,0,2,1.275,0.1388,0
38,95423.08,16621.37,60,846,22664.79,0,20,2.8851,0.1742,0
35,58526.51,39436.22,24,812,12884.17,0,15,2.9786,0.6738,1
64,30329.49,46444.82,36,348,21192.98,0,21,8.8955,1.5313,1
36,41134.42,36395.48,48,467,31379.22,0,6,9.3753,0.8848,1
47,129246.01,48701.83,48,320,28634.26,0,6,2.7528,0.3768,1
28,34969.71,4422.49,60,691,39562.44,0,19,13.6013,0.1265,1
66,44380.8,3786.69,60,404,20078.13,0,0,5.4459,0.0853,1
45,42922.78,44905.22,60,589,21423.14,1,7,6.1985,1.0462,1
37,61128.43,45094.42,24,725,2582.68,0,0,0.8759,0.7377,0
49,37722.5,7141.8,60,528,15880.62,1,11,5.0897,0.1893,1
28,54508.66,19157.41,24,480,36923.12,1,16,8.3043,0.3515,1
35,38231.3,42098.94,36,651,14343.81,0,24,4.8693,1.1012,1
47,107872.63,8169.95,48,524,30761.42,1,9,3.4409,0.0757,1
66,32475.25,14836.55,36,533,39115.18,0,18,14.6058,0.4569,1
27,88131.64,34687.81,48,565,5510.52,0,8,0.8487,0.3936,0
23,34507.03,49131.15,60,613,13692.73,0,9,5.0465,1.4238,1
49,29370.68,40262.66,36,798,19237.78,0,10,8.3169,1.3708,1
64,32193.65,39311.25,36,517,9876.31,0,9,4.0884,1.2211,1
44,17555.78,18447.81,60,510,991.24,1,16,0.8877,1.0508,0
23,63777.71,33744.47,36,398,19009.86,2,6,3.7531,0.5291,1
40,24382.34,7428.24,24,687,21696.34,0,4,10.8304,0.3047,1
66,39547.13,49628.82,48,644,25204.66,0,19,7.9617,1.2549,1
35,77417.87,25068.05,60,552,33175.0,0,11,5.207,0.3238,1
45,75933.38,32662.78,24,823,10495.18,0,4,1.8737,0.4302,1
50,20764.59,44056.25,24,417,2910.92,0,0,2.7431,2.1217,1
34,59061.0,2046.32,60,508,4048.48,2,9,0.8295,0.0346,0
27,97177.69,48847.16,36,708,20147.68,0,6,2.6555,0.5027,1
37,33452.92,19239.65,48,780,36928.34,0,11,13.3905,0.5751,1
64,66712.26,18300.36,24,628,39297.33,0,1,7.2058,0.2743,1
40,24687.0,8963.04,36,482,8599.53,1,8,4.3011,0.3631,1
56,61783.66,43192.85,60,716,6502.71,0,4,1.4028,0.6991,1
29,53037.94,43800.3,60,382,14462.14,1,4,3.4373,0.8258,1
58,72888.65,2959.47,48,553,18823.64,0,13,3.1092,0.0406,1
68,70226.97,4674.81,60,304,32418.58,2,18,5.5528,0.0666,1
42,21761.77,46080.4,48,602,31096.97,0,17,17.677,2.1175,1
22,53206.29,7897.67,60,835,36945.31,0,7,8.3622,0.1484,1
44,117213.01,31804.52,60,727,34394.98,0,24,3.5755,0.2713,1
28,13211.13,31743.22,24,526,17832.3,2,2,17.3989,2.4028,1
31,87566.67,43747.06,36,689,1251.4,0,13,0.338,0.4996,0
33,128158.5,29487.4,24,311,9845.29,0,10,1.0369,0.2301,1
37,20114.95,22832.55,48,636,24597.15,0,7,14.9577,1.1351,1
28,32780.22,48770.28,24,428,20309.03,0,21,8.1785,1.4878,1
41,66879.38,12983.14,60,310,9986.33,0,11,1.8306,0.1941,1
38,28805.6,14610.46,60,789,5698.17,0,10,2.4752,0.5072,1
50,111162.4,6068.94,36,571,9032.48,0,8,0.9933,0.0546,0
38,92534.59,48815.21,48,656,10759.92,1,3,1.5272,0.5275,1
66,21354.59,35905.29,60,391,34757.98,0,18,19.8682,1.6814,1
67,31387.5,2580.66,36,308,28555.35,0,6,10.9446,0.0822,1
51,77800.42,35807.07,36,422,22317.13,0,16,3.5956,0.4602,1
58,75992.93,21398.53,60,580,1327.17,0,15,0.2659,0.2816,0
52,185547.1,48442.39,60,757,32937.26,1,18,2.1824,0.2611,0
31,28913.7,15314.6,48,750,22322.31,0,22,9.3968,0.5297,1
65,117657.21,36093.74,36,706,25279.95,0,11,2.6806,0.3068,1
45,28329.29,32116.84,36,355,3093.04,0,6,1.6881,1.1337,1
53,66183.9,2578.4,36,678,32686.58,1,24,5.9395,0.039,1
58,83734.43,44490.41,48,801,33365.11,2,13,4.9144,0.5313,1
61,8132.8,8701.41,36,322,35392.01,0,24,52.5778,1.0699,1
28,84687.54,33852.26,24,544,21359.53,0,10,3.2265,0.3997,1
31,112503.75,39226.33,24,717,16064.76,1,10,1.8879,0.3487,1
42,94611.0,32284.53,36,530,3385.33,0,6,0.5431,0.3412,0
44,168047.72,6661.47,24,509,8158.46,0,10,0.6024,0.0396,1
61,87474.83,48808.6,24,461,9409.97,0,2,1.5699,0.558,1
37,35513.81,13367.26,48,676,2976.25,0,14,1.0998,0.3764,1
32,103095.05,32137.51,36,469,6597.82,0,2,0.8719,0.3117,1
66,34324.69,40264.55,48,638,35528.74,0,20,12.7142,1.173,1
52,51505.85,47083.33,36,773,22043.4,0,8,5.4405,0.9141,1
35,80746.51,30992.51,60,526,30697.41,0,16,4.6388,0.3838,1
36,64141.6,14434.6,24,662,11363.44,0,16,2.2385,0.225,1
42,110269.12,42158.67,48,778,5816.63,0,24,0.7286,0.3823,0
48,218208.18,9834.56,48,774,15243.53,1,11,0.8496,0.0451,0
40,24774.78,3069.56,60,494,31822.92,0,6,15.4386,0.1239,1
53,40255.36,45591.15,60,311,12244.59,0,10,3.8766,1.1325,1
30,59268.13,29618.67,24,794,8579.13,2,13,1.9869,0.4997,1
60,37126.47,5342.79,24,361,1384.69,0,19,0.5195,0.1439,0
52,46843.91,29827.01,36,828,25148.44,0,0,6.6545,0.6367,1
53,78080.2,8960.68,36,570,17714.96,1,5,2.7608,0.1148,1
22,72095.36,3506.53,60,837,10720.89,0,24,1.7942,0.0486,1
53,56862.97,7593.15,24,364,21030.29,0,21,4.5049,0.1335,1
53,53564.31,39205.16,24,779,28174.65,2,20,6.6779,0.7319,1
61,42859.3,38271.72,60,789,10274.94,0,16,3.0554,0.893,1
33,113858.72,31007.27,60,367,24546.44,0,24,2.6415,0.2723,1
50,132990.54,12047.76,48,661,10776.04,3,8,0.995,0.0906,0
53,90335.74,37470.42,60,318,39473.1,0,0,5.3265,0.4148,1
33,24596.86,21586.17,48,844,29429.42,0,11,14.577,0.8776,1
46,41884.61,26516.17,36,390,24305.0,3,19,7.1744,0.6331,1
42,55259.72,45086.75,60,537,7307.07,0,16,1.75,0.8159,1
59,27877.73,23977.16,60,761,23662.56,0,3,10.3576,0.8601,1
22,51402.92,32065.58,60,323,32118.02,0,22,7.6227,0.6238,1
58,49678.78,48164.07,48,526,29615.74,1,7,7.3961,0.9695,1
59,93946.7,23666.72,60,680,31232.0,0,18,4.0397,0.2519,1
46,36352.77,28914.94,60,305,13053.08,0,18,4.4679,0.7954,1
66,98516.74,30051.9,24,656,13466.41,0,4,1.7928,0.305,1
35,27600.22,13554.15,24,456,21785.92,0,10,9.7176,0.4911,1
54,30010.32,37372.26,24,500,11506.99,0,5,5.2239,1.2453,1
62,39041.58,36878.58,60,524,4964.02,0,12,1.7147,0.9446,1
64,50449.25,12250.72,24,762,18714.31,2,18,4.5729,0.2428,1
69,11499.89,2640.23,36,556,576.0,0,5,0.6776,0.2296,0
60,64574.74,49949.2,24,730,30549.95,1,22,6.0639,0.7735,1
31,136708.41,29916.21,60,724,30112.63,0,12,2.687,0.2188,1
23,72457.95,10689.54,24,706,22300.68,0,5,3.7671,0.1475,1
26,43200.1,15611.14,24,404,30030.95,0,15,8.5226,0.3614,1
29,25571.8,31654.02,24,551,25168.87,0,21,12.4298,1.2378,1
26,16517.68,8605.55,36,398,28049.48,0,17,20.5515,0.521,1
29,18291.39,3789.47,36,477,3053.91,0,10,2.0726,0.2072,1
59,45319.65,40327.03,48,564,35309.99,2,19,9.572,0.8898,1
51,173536.98,36360.62,60,431,25935.28,0,16,1.8353,0.2095,1
52,9602.28,16860.88,36,498,24619.92,0,9,31.3529,1.7559,1
61,74617.53,4807.59,36,356,15796.02,0,15,2.5618,0.0644,1
32,32642.51,25341.0,36,708,1611.35,1,4,0.8511,0.7763,0
28,40082.82,15256.94,60,561,36107.74,0,9,10.8861,0.3806,1
28,27927.88,21093.4,48,417,39433.78,0,2,17.1327,0.7553,1
48,21580.31,15150.53,60,784,32407.57,0,18,18.161,0.7021,1
40,52858.95,10412.85,24,620,36644.05,0,3,8.4174,0.197,1
67,57393.26,20575.51,48,607,5277.82,1,11,1.1931,0.3585,0
27,73203.9,48314.92,24,789,5582.67,0,24,1.2451,0.66,0
31,17833.85,14778.94,36,620,35244.45,0,21,23.9914,0.8287,1
40,82816.57,18126.4,60,655,2771.48,1,9,0.4454,0.2189,0
36,83707.56,17803.62,24,819,4181.54,0,10,0.7058,0.2127,0
24,63240.25,25053.86,48,825,32765.47,0,7,6.3164,0.3962,1
26,38079.18,42488.27,24,323,22500.5,0,11,7.6485,1.1158,1
42,58986.18,21301.88,24,491,15973.22,3,13,3.4301,0.3611,1
46,44521.64,40695.1,36,648,22361.21,0,20,6.3317,0.9141,1
23,87650.25,7520.58,24,324,35210.53,0,21,4.8635,0.0858,1
61,39343.0,44955.55,24,689,30406.73,0,2,9.8457,1.1427,1
62,52303.3,10894.6,36,489,27818.49,0,10,6.4519,0.2083,1
34,17274.85,3881.67,48,327,39086.98,0,6,27.208,0.2247,1
31,58875.47,9601.02,36,840,21091.62,0,14,4.3533,0.1631,1
38,31265.4,11155.99,24,790,749.8,0,10,0.4662,0.3568,0
32,66667.96,26408.2,60,787,17446.8,0,24,3.2196,0.3961,1
43,78672.97,23597.04,36,471,4314.59,0,24,0.7581,0.2999,0
32,33996.61,36361.97,36,337,5099.92,0,6,2.1567,1.0696,1
33,49946.76,4445.65,24,598,10568.59,2,18,2.5837,0.089,1
45,54431.43,25889.9,60,565,15564.0,3,15,3.5264,0.4756,1
65,61134.9,17958.62,48,326,19523.18,0,20,3.9056,0.2938,1
39,78740.64,32273.9,60,751,7207.89,1,24,1.1805,0.4099,1
66,72795.3,4097.59,36,768,12812.95,2,24,2.1309,0.0563,1
56,39029.22,3676.87,60,384,11423.31,1,18,3.5311,0.0942,1
65,127898.61,22508.08,48,312,14927.27,0,12,1.4445,0.176,1
28,76971.65,40944.3,60,558,4765.63,0,20,0.8494,0.5319,1
49,113901.19,34212.52,60,399,16194.97,0,16,1.7663,0.3004,1
52,60356.51,2801.89,60,560,22396.84,0,13,4.4622,0.0464,1
64,62535.1,10566.66,36,577,4329.45,0,22,0.8871,0.169,0
38,45692.31,12883.11,24,365,21070.42,0,1,5.6746,0.282,1
26,37561.52,22306.83,24,677,30358.56,0,21,9.9958,0.5939,1
38,88009.75,30162.35,60,816,825.47,0,9,0.1811,0.3427,0
39,57454.83,12390.09,36,416,2377.36,1,5,0.5684,0.2156,1
42,45299.97,20360.68,36,798,18925.73,0,15,5.1633,0.4495,1
57,26540.44,30029.28,36,504,34974.71,0,6,16.1906,1.1315,1
52,124625.6,20404.89,24,379,39912.65,0,18,3.925,0.1637,1
61,52447.88,8872.13,36,317,4189.06,0,23,1.0148,0.1692,1
23,23481.46,25599.73,60,357,1224.51,2,20,0.8438,1.0902,1
48,51475.1,17551.72,24,411,9536.41,0,9,2.3936,0.341,1
30,43453.55,43481.04,36,614,18965.07,0,19,5.5709,1.0006,1
55,42396.97,39230.0,60,461,23085.94,0,14,6.7193,0.9253,1
49,69269.22,11133.2,24,623,38952.65,0,11,6.8284,0.1607,1
35,43489.56,9326.52,36,630,35594.32,0,24,9.893,0.2145,1
53,40810.74,18688.48,48,801,22702.9,0,8,6.79,0.4579,1
27,111017.47,21784.38,60,356,14787.7,0,17,1.6377,0.1962,1
32,17261.95,46736.87,48,464,13191.24,0,16,9.847,2.7075,1
69,47532.58,16477.8,24,465,23118.67,1,18,6.0098,0.3467,1
50,85588.92,43644.05,36,596,28993.44,0,9,4.235,0.5099,1
41,71407.59,26254.85,60,303,19525.8,3,7,3.3548,0.3677,1
51,90402.68,44509.94,60,709,12523.75,1,19,1.7609,0.4924,1
44,164875.04,35693.78,60,405,24720.03,0,4,1.8425,0.2165,1
40,135858.75,36002.67,48,465,22538.71,3,12,2.057,0.265,1
57,24506.14,26902.28,36,553,17381.05,1,20,8.877,1.0978,1
24,18649.56,42334.59,36,427,30060.05,0,1,20.0987,2.27,1
48,59641.77,14212.39,36,785,11647.73,0,0,2.423,0.2383,1
64,21753.49,45552.86,48,375,19654.54,0,7,11.3657,2.094,1
40,15430.76,32565.24,24,520,37643.41,3,9,30.3293,2.1104,1
44,59263.31,23058.03,48,733,29051.73,0,4,5.9798,0.3891,1
69,68887.31,49145.12,24,836,15824.89,0,17,3.1134,0.7134,1
52,136855.98,43376.68,48,738,22074.02,0,22,2.0148,0.317,1
61,77734.83,39057.01,36,734,16516.53,0,1,2.7172,0.5024,1
56,155086.15,15147.32,36,825,4945.65,0,21,0.4152,0.0977,0
54,60677.76,48739.55,36,432,13730.02,0,8,2.9831,0.8033,0
56,24791.05,37663.4,48,740,34487.5,0,15,17.0733,1.5192,1
22,80282.92,31050.43,60,833,18717.48,0,19,2.8751,0.3868,1
35,109161.95,46246.36,48,690,23593.18,0,20,2.6995,0.4236,1
54,61985.18,9784.72,24,543,7667.15,0,16,1.5632,0.1579,1
56,117046.93,8672.77,48,445,14571.14,0,15,1.5124,0.0741,1
26,45526.49,29058.24,24,714,37203.6,0,0,10.1254,0.6383,1
59,68018.8,4722.25,48,726,12912.7,0,24,2.2954,0.0694,0
62,44152.32,33871.37,60,511,10397.16,0,4,2.9792,0.7671,1
32,204316.63,13555.57,60,548,2708.04,0,18,0.1723,0.0663,0
23,81206.97,7713.28,36,334,4340.62,1,17,0.6731,0.095,1
65,25083.79,21655.8,60,552,23599.18,1,22,11.4624,0.8633,1
38,148978.68,24365.58,48,585,26571.3,0,19,2.1812,0.1636,1
60,31574.09,10183.27,60,509,25842.43,0,2,9.8861,0.3225,1
41,49425.29,3993.69,36,409,21823.26,1,17,5.3254,0.0808,1
35,64924.51,21874.67,48,629,19893.37,0,10,3.7611,0.3369,1
53,68186.04,38457.26,24,441,3349.57,0,10,0.8715,0.564,1
55,65528.03,43961.59,48,386,33707.47,0,10,6.3405,0.6709,1
46,24839.06,6682.32,36,439,20766.69,0,9,10.1223,0.269,1
28,65658.4,27184.42,60,631,5710.63,0,9,1.1265,0.414,1
56,94881.84,14643.34,60,325,5866.05,0,3,0.7728,0.1543,1
68,93257.37,19982.43,48,661,20761.78,0,8,2.7251,0.2143,1
50,22447.0,46805.21,24,659,10160.78,0,9,6.4744,2.0851,1
43,33077.49,18899.59,24,514,36917.62,0,12,13.6788,0.5714,1
62,26194.04,19536.6,24,376,20208.48,0,22,9.6308,0.7458,1
64,60107.37,12051.0,24,394,39147.53,0,0,7.9158,0.2005,1
34,19322.23,48080.88,48,517,29499.27,0,15,18.9425,2.4884,1
34,24993.08,23911.39,60,667,32522.61,0,18,15.8065,0.9567,1
22,32889.84,29378.82,24,351,15860.71,0,11,6.2335,0.8932,1
57,16679.34,23752.07,48,573,5793.82,0,4,4.5244,1.424,1
25,48209.94,14140.12,48,743,27743.01,1,22,6.9789,0.2933,1
58,13850.86,40899.81,48,332,16579.31,0,4,15.1021,2.9529,1
65,65591.86,3366.62,24,715,37980.83,2,24,6.9742,0.0513,1
61,38630.1,35131.68,24,724,8148.47,0,6,2.9859,0.9094,1
67,33712.03,30525.09,48,306,25246.89,0,11,9.2131,0.9055,1
34,37180.91,8925.47,48,794,34709.42,0,13,11.2623,0.2401,1
59,47276.49,9963.44,48,653,16411.75,0,0,4.2184,0.2107,1
45,69962.85,33642.83,60,498,38169.87,0,5,6.6431,0.4809,1
40,108040.17,16982.66,60,734,3526.36,1,17,0.4231,0.1572,1
22,90070.1,14755.43,36,435,23683.57,0,5,3.21,0.1638,1
59,187027.88,4839.49,36,587,31206.78,0,18,2.0109,0.0259,1
26,73510.12,38791.19,24,707,8471.37,0,11,1.6467,0.5277,1
37,53326.52,44368.25,60,635,2785.37,0,17,0.7932,0.832,0
45,37263.92,41352.53,36,301,3655.96,0,2,1.5472,1.1097,1
48,38014.41,24369.64,48,484,13109.55,0,10,4.2986,0.6411,1
22,67739.37,27629.91,48,737,9315.28,0,3,1.7522,0.4079,0
55,26912.16,13629.26,24,321,9343.66,1,12,4.4195,0.5064,1
57,56240.12,10297.03,24,511,18611.58,0,0,4.0627,0.1831,1
25,48469.07,41504.06,36,776,3854.88,0,19,1.2398,0.8563,0
21,31670.53,40320.52,48,765,39822.27,0,5,15.407,1.2731,1
60,26089.44,39313.27,24,533,27984.4,0,20,13.625,1.5069,1
32,222978.47,24241.25,24,471,1696.59,0,13,0.1457,0.1087,0
56,21206.38,43496.37,60,817,27830.21,1,20,16.1584,2.0511,1
65,47067.82,46459.14,36,543,31777.2,0,8,8.4307,0.9871,1
43,102083.9,17760.53,24,720,8035.11,0,8,1.0315,0.174,0
67,67334.91,12785.34,36,678,33690.93,0,24,6.0675,0.1899,1
51,36896.75,24284.63,48,772,24664.72,0,6,8.1863,0.6582,1
31,23973.68,10607.67,36,640,32923.8,0,14,16.6275,0.4425,1
30,52990.71,44432.14,24,422,28809.4,0,9,6.9433,0.8385,1
23,10059.68,18223.54,60,733,28332.83,0,8,34.16,1.8115,1
34,54280.5,29656.25,36,487,6750.52,0,23,1.6745,0.5464,1
36,50055.91,30546.54,36,313,12973.98,0,23,3.3137,0.6102,1
30,93159.95,26719.42,48,369,21168.19,0,14,2.7984,0.2868,1
49,24686.11,9513.23,60,710,4945.59,0,20,2.4811,0.3854,1
30,40373.03,49568.03,36,617,19400.48,0,8,6.1756,1.2278,1
32,63712.81,10284.96,60,736,18090.15,0,23,3.4395,0.1614,1
50,55455.75,38072.35,24,445,9660.97,0,6,2.4338,0.6865,1
61,21903.73,39985.42,60,526,8388.85,1,23,4.961,1.8255,1
21,33239.66,8967.86,24,681,10271.28,0,24,3.843,0.2698,1
25,113544.14,46791.85,48,479,24401.72,1,22,2.6819,0.4121,1
40,57273.64,25412.42,48,835,16890.62,0,24,3.6499,0.4437,0
28,18061.36,32186.38,48,398,16851.38,0,7,11.6416,1.7821,1
63,83277.97,32824.93,24,690,7678.46,0,1,1.3035,0.3942,0
32,18778.0,26237.85,36,569,31600.96,0,2,20.6602,1.3973,1
21,40773.5,8817.06,24,393,28164.99,1,21,8.3973,0.2162,1
40,68731.71,38084.16,60,762,17448.46,1,21,3.1572,0.5541,1
48,101541.57,29925.72,60,584,6116.98,0,22,0.7818,0.2947,1
63,12055.13,7696.67,24,321,28730.68,0,1,28.9185,0.6385,1
57,75128.41,35615.45,48,301,36004.35,1,0,5.8694,0.4741,1
67,82210.21,35732.64,48,402,7541.35,0,11,1.2095,0.4346,1
57,35094.18,28327.35,60,335,24305.09,2,4,8.4722,0.8072,1
32,51768.93,6346.34,60,573,17260.2,0,17,4.0254,0.1226,1
57,7854.3,18926.91,36,350,3962.19,0,24,6.8568,2.4098,1
69,9425.86,4444.36,36,442,29170.17,0,18,37.2935,0.4715,1
69,95331.89,24924.61,36,782,3310.32,0,1,0.5038,0.2615,1
64,35477.82,45509.46,60,316,28238.14,0,15,9.8078,1.2828,1
48,39825.9,2108.14,36,577,11605.54,3,22,3.5145,0.0529,1
67,56432.8,14798.66,60,737,22843.56,0,5,4.91,0.2622,1
35,39357.45,40393.24,60,735,6837.93,0,23,2.2901,1.0263,1
26,37226.82,2473.32,24,683,15150.43,0,24,4.9169,0.0664,1
64,62111.93,2488.32,36,431,4611.53,1,2,0.9043,0.0401,1
40,19983.82,31319.29,24,562,18958.49,0,7,12.1679,1.5672,1
34,98316.84,39881.59,24,693,8924.98,0,3,1.2922,0.4056,1
22,42695.55,39272.26,36,507,7923.25,0,17,2.5335,0.9198,1
29,26812.0,39419.74,60,525,4732.52,1,19,2.4121,1.4702,1
57,24732.52,19328.3,60,764,30734.64,0,3,15.0685,0.7815,1
40,50291.49,44370.76,60,657,25761.04,0,7,6.3233,0.8823,1
46,40789.72,2616.11,36,443,6697.71,0,23,1.9918,0.0641,1
49,19354.8,16985.06,60,653,19160.96,0,6,12.0553,0.8776,1
21,34163.02,18185.01,24,550,26604.94,0,19,9.6113,0.5323,1
55,30166.3,9947.41,48,675,35183.71,0,17,14.0783,0.3298,1
26,104517.93,18138.85,36,544,2853.1,0,0,0.3854,0.1735,0
57,53011.89,30122.44,48,317,14813.02,1,17,3.4952,0.5682,1
25,125693.75,26973.41,24,784,24830.15,0,1,2.4778,0.2146,1
53,32016.78,17332.51,48,301,1116.89,0,18,0.554,0.5414,0
69,41164.06,37967.72,24,675,10119.29,0,9,3.4111,0.9224,1
34,61816.89,36309.95,48,465,29923.57,2,20,5.9557,0.5874,1
32,70437.39,15473.43,48,628,14551.59,3,0,2.534,0.2197,1
62,75553.38,17514.96,60,747,3837.54,0,20,0.6559,0.2318,0
40,28776.5,15800.97,48,391,25250.52,1,6,10.6669,0.5491,1
44,29266.32,8184.86,24,819,10377.09,0,13,4.3947,0.2797,1
63,39606.47,38133.52,24,551,28215.34,1,0,9.0301,0.9628,1
54,119198.34,4221.27,24,338,36056.91,0,3,3.6476,0.0354,1
45,26892.16,9227.86,36,735,21350.43,0,10,9.6415,0.3431,1
49,35733.54,7054.62,24,661,24166.18,0,1,8.2142,0.1974,1
59,75956.4,41616.27,36,382,20819.03,1,7,3.4717,0.5479,1
51,73556.75,4112.41,24,326,32788.96,1,17,5.3771,0.0559,1
67,68408.41,33902.11,36,320,10047.73,0,16,1.9277,0.4956,1
63,51457.22,4134.78,48,517,16360.98,2,13,3.8355,0.0804,1
43,25872.08,39749.28,48,344,35853.74,0,17,17.0138,1.5364,1
64,32387.71,45810.28,24,706,29084.02,0,9,11.4832,1.4144,1
58,96364.59,25368.47,36,778,13143.39,1,19,1.7245,0.2633,0
40,77978.03,40618.01,60,636,33388.97,0,20,5.2424,0.5209,1
43,22004.65,35907.71,60,447,9933.56,0,17,5.7435,1.6318,1
65,82592.53,40190.49,60,710,25550.08,3,19,3.8095,0.4866,1
36,107502.25,38805.21,48,813,38280.05,0,22,4.3633,0.361,1
62,50629.94,11857.66,48,684,23201.08,1,4,5.5575,0.2342,1
28,63308.11,25978.83,36,781,32078.95,1,7,6.2173,0.4104,1
41,89939.38,48099.88,24,400,29549.51,0,9,4.21,0.5348,1
21,32291.85,18489.58,48,413,34695.98,1,24,13.0365,0.5726,1
28,198344.1,48583.38,24,561,38766.19,0,0,2.4679,0.2449,1
49,102114.17,29991.76,60,721,1381.5,0,16,0.2211,0.2937,0
52,67132.05,24157.35,60,353,1600.86,0,18,0.3581,0.3598,1
58,48016.27,33572.36,24,487,23979.68,0,23,6.3425,0.6992,1
25,65964.14,41160.28,36,838,38192.69,1,16,7.1559,0.624,1
67,19222.38,20921.99,60,489,19684.48,0,9,12.5062,1.0884,1
42,170971.59,3581.8,36,846,33671.29,0,17,2.3703,0.0209,0
67,96503.54,36022.7,60,357,30832.36,1,0,3.9086,0.3733,1
54,117996.25,47896.01,48,802,20180.96,0,16,2.1538,0.4059,1
21,49933.84,31999.36,60,488,20770.31,0,12,5.1196,0.6408,1
46,39490.94,11043.89,36,847,17723.32,1,24,5.4788,0.2797,1
63,32709.33,13915.64,48,612,10461.85,0,9,3.9445,0.4254,0
30,79869.14,45668.03,60,468,34419.13,1,0,5.2857,0.5718,1
50,36043.14,2650.98,48,430,8778.02,0,19,2.9409,0.0736,1
38,43808.62,28339.84,48,451,36323.36,0,6,10.1114,0.6469,1
37,68039.21,9616.53,60,404,14709.24,0,20,2.6225,0.1413,1
46,33004.63,15572.69,24,666,1546.64,0,12,0.7983,0.4718,0
28,91708.29,16735.12,24,391,7150.93,0,20,1.0269,0.1825,1
67,48501.76,12525.57,36,731,35569.08,1,6,8.8864,0.2582,1
60,19833.51,40032.9,36,604,5573.56,0,5,4.045,2.0184,1
69,32793.92,17946.04,60,327,29681.56,0,21,10.9706,0.5472,1
32,107464.01,18583.28,48,587,7721.14,0,12,0.9054,0.1729,0
47,27939.55,23744.33,48,654,20207.85,0,7,8.8917,0.8498,1
28,83821.64,45310.17,24,843,8605.68,1,15,1.5023,0.5406,0
45,52733.39,35032.31,24,703,13660.03,2,8,3.4406,0.6643,1
66,44222.09,4963.99,48,435,5430.48,0,12,1.5017,0.1123,1
24,221362.41,3884.57,48,367,22462.09,0,1,1.2221,0.0175,1
53,22685.25,29186.68,36,453,14950.1,1,11,8.3371,1.2866,1
21,31442.63,44578.91,48,762,14936.63,0,11,6.055,1.4178,1
39,48336.49,17516.07,48,625,2023.68,1,14,0.593,0.3624,0
51,208866.3,13893.05,60,395,5877.07,3,19,0.351,0.0665,0
36,48404.08,37913.17,48,496,28447.45,0,9,7.2483,0.7833,1
34,57788.89,30900.39,24,407,12046.65,0,24,2.7689,0.5347,1
68,40074.63,29121.31,24,345,17961.73,1,13,5.7418,0.7267,1
25,60789.79,9166.46,36,485,30641.18,1,16,6.0989,0.1508,1
61,41593.93,10446.14,36,753,18067.92,0,9,5.2964,0.2511,1
46,74398.69,15525.81,60,622,9411.56,1,23,1.5598,0.2087,0
48,78003.77,11928.27,36,584,22218.06,2,10,3.469,0.1529,1
22,42596.91,48629.35,48,382,32147.64,0,16,9.3417,1.1416,1
26,24952.07,2893.33,48,626,24185.85,0,10,11.6605,0.116,1
29,51851.64,32050.7,60,748,17097.16,0,14,4.0804,0.6181,1
53,113694.81,26844.74,24,620,5462.17,0,3,0.6946,0.2361,1
61,29851.9,17516.06,48,444,10324.17,0,24,4.2968,0.5868,1
45,59895.11,44604.26,48,577,37871.7,0,3,7.7738,0.7447,1
68,23778.94,34167.8,60,313,30986.42,0,20,15.9246,1.4369,1
33,26268.23,49921.01,24,561,3959.09,0,14,2.7588,1.9004,1
29,106960.99,10095.49,36,713,717.83,2,13,0.112,0.0944,0
33,74229.73,6217.66,48,793,7429.06,1,8,1.2219,0.0838,0
51,60438.35,8691.07,24,346,37783.68,0,15,7.5738,0.1438,1
61,12172.52,14925.97,60,495,23411.54,0,23,23.325,1.2262,1
31,35181.1,22005.78,60,589,33627.06,3,0,11.595,0.6255,1
24,70550.81,43404.96,24,731,18876.39,0,2,3.5183,0.6152,1
54,20548.86,15612.4,60,819,33152.13,0,3,19.5119,0.7598,1
58,39642.96,45931.68,36,623,1839.7,0,18,0.9431,1.1586,1
66,77651.97,24219.57,24,728,17359.37,0,8,2.8386,0.3119,1
24,19797.62,33059.36,36,592,15414.98,1,21,9.9002,1.6699,1
58,17897.71,14691.57,60,676,39271.08,0,18,26.4945,0.8209,1
39,20004.31,9488.66,36,834,12368.79,1,7,7.5778,0.4743,1
26,59915.54,43733.93,36,383,16968.22,0,24,3.6417,0.7299,1
54,35094.54,7256.3,36,672,30472.63,0,3,10.4885,0.2068,1
38,83019.37,39153.02,36,323,35288.17,0,12,5.2579,0.4716,1
33,52712.67,29887.25,24,624,35196.33,1,20,8.2959,0.567,1
61,151496.96,43334.61,60,615,16083.18,2,18,1.3311,0.286,1
43,23330.36,36455.28,60,849,37967.92,0,13,19.8414,1.5626,1
39,59818.07,15519.88,48,520,26313.6,0,4,5.3436,0.2595,1
65,30420.47,29572.52,36,513,34119.85,0,17,13.7833,0.9721,1
31,70271.92,2627.53,36,771,37087.95,0,17,6.3458,0.0374,1
21,52678.44,24810.48,48,790,9727.19,1,20,2.3336,0.471,1
44,27014.46,6128.65,48,384,20218.34,0,14,9.0378,0.2269,1
27,44609.79,22589.36,36,684,23717.99,0,22,6.5489,0.5064,1
45,51218.64,7261.37,60,303,32196.29,0,16,7.5716,0.1418,1
41,34214.84,47863.03,48,413,16346.05,0,2,6.0827,1.3989,1
35,75833.87,27107.26,36,514,8812.74,1,0,1.5137,0.3575,1
21,26405.94,45834.46,60,635,29857.76,2,23,13.9158,1.7358,1
32,171889.16,3073.58,24,466,23897.21,1,17,1.6773,0.0179,1
27,86874.01,32607.36,48,586,35982.81,0,21,5.0642,0.3753,1
35,60430.22,16733.82,48,794,26373.68,0,15,5.3064,0.2769,1
41,270273.2,22727.79,60,683,1164.67,1,5,0.0685,0.0841,0
39,40717.8,43908.19,24,816,38682.73,0,8,11.9394,1.0784,1
49,70744.18,49041.01,60,426,23927.87,1,21,4.1974,0.6932,1
45,56028.08,13831.61,48,732,24037.15,0,9,5.21,0.2469,1
53,79100.99,47516.16,24,385,36415.83,0,21,5.8248,0.6007,1
69,120291.09,35058.89,36,835,26720.45,1,16,2.7627,0.2915,1
52,68143.4,47667.87,48,344,19433.19,0,6,3.597,0.6995,1
69,91589.91,28993.62,60,589,4737.77,0,13,0.684,0.3166,0
55,35234.01,48116.3,60,534,38506.85,0,13,13.3878,1.3656,1
64,43317.41,44837.86,60,456,3600.25,0,11,1.2044,1.0351,1
58,131002.61,8172.4,60,705,7226.84,0,5,0.6745,0.0624,0
46,70130.54,16917.92,60,804,32871.71,0,13,5.6729,0.2412,1
31,56896.79,13667.03,48,421,19871.01,0,7,4.251,0.2402,1
55,31196.26,29460.77,24,523,7541.61,0,16,3.3731,0.9444,1
28,87549.33,40534.37,60,322,11803.4,1,7,1.7104,0.463,1
66,30672.47,38451.75,60,496,39763.57,3,7,15.8074,1.2536,1
34,25701.39,36883.96,36,778,23568.8,2,16,11.4827,1.4351,1
30,52520.32,20012.71,36,584,16363.73,0,10,3.8658,0.381,1
22,11597.03,8702.57,24,817,35110.59,0,6,36.7058,0.7504,1
66,70731.48,12108.01,48,607,19448.03,2,22,3.3423,0.1712,1
29,61461.52,37600.52,48,644,12663.45,0,6,2.6254,0.6118,1
23,39668.7,9081.65,24,697,6986.78,0,11,2.228,0.2289,0
41,41886.93,12701.44,24,763,29906.53,0,15,8.7194,0.3032,1
46,45633.96,22378.53,24,414,24050.81,0,12,6.5696,0.4904,1
28,30531.79,5461.4,60,749,4147.98,1,14,1.6661,0.1789,0
68,54761.55,12209.22,48,703,23869.78,1,18,5.2864,0.223,1
22,42207.92,9188.87,24,847,6798.31,2,2,2.0417,0.2177,1
26,52442.43,47663.45,36,528,39277.93,0,10,9.2906,0.9089,1
48,44647.91,11193.24,60,543,10758.51,0,23,2.9417,0.2507,1
49,39675.25,43364.95,60,364,27992.64,1,7,8.6851,1.093,1
46,57936.08,7510.31,60,536,26413.78,0,7,5.4969,0.1296,1
45,78327.96,43744.31,60,302,27808.38,0,11,4.372,0.5585,1
32,35779.79,30772.82,24,799,17484.8,1,2,6.2942,0.8601,1
25,62148.63,42785.88,60,336,3436.11,0,19,0.8012,0.6884,1
54,66947.11,43632.74,36,549,39210.29,0,1,7.2455,0.6517,1
68,22690.05,30625.93,36,302,8065.27,0,2,4.7154,1.3498,1
57,88073.47,46049.32,24,534,30903.95,1,15,4.4721,0.5229,1
35,168361.85,30101.52,60,716,5934.15,1,20,0.4587,0.1788,0
64,46496.98,36203.12,36,550,11607.28,0,18,3.2552,0.7786,1
56,44235.49,21971.86,48,442,22615.52,0,19,6.2592,0.4967,1
35,43139.59,45875.25,60,355,16832.04,0,6,4.8948,1.0634,1
63,71137.04,41559.8,24,360,38351.53,0,18,6.7616,0.5842,1
68,66600.48,10002.23,48,367,33983.57,0,0,6.1607,0.1502,1
43,18875.18,29666.62,60,378,36910.72,0,12,23.7805,1.5717,1
26,29153.42,45047.71,48,626,25807.51,0,13,11.0091,1.5452,1
66,66462.14,40067.1,60,666,9147.17,0,0,1.7721,0.6029,1
64,44935.66,48202.53,60,834,20980.73,1,3,5.8174,1.0727,1
63,24351.03,13102.48,36,825,30738.57,3,16,15.3271,0.5381,1
65,120590.54,19638.06,48,689,3056.37,0,5,0.3449,0.1628,1
41,30338.48,26345.21,48,588,34593.12,0,19,13.9,0.8684,1
43,50084.47,13168.12,24,820,25438.36,2,20,6.2264,0.2629,1
63,44226.9,20914.17,24,552,29081.07,2,5,8.127,0.4729,1
36,25662.52,27801.88,48,394,27924.67,0,1,13.3286,1.0834,1
67,54774.11,11184.28,36,302,33986.61,0,16,7.5139,0.2042,1
35,62023.22,14321.02,36,345,3957.08,0,15,0.8426,0.2309,1
45,37026.69,7992.44,60,824,15393.24,2,11,5.032,0.2159,1
56,40066.05,36242.31,24,781,20353.36,2,11,6.5482,0.9046,1
31,70283.49,19354.49,24,717,22090.59,0,17,3.9094,0.2754,1
35,14986.68,12572.78,24,342,37730.93,2,15,30.631,0.8389,1
24,29525.15,26351.56,60,505,2177.32,0,5,1.0634,0.8925,1
41,55718.13,5275.97,36,574,34722.54,0,12,7.5097,0.0947,1
33,35737.53,46323.52,24,396,22300.09,0,24,8.1361,1.2962,1
42,35432.42,16134.44,60,478,22407.81,0,15,7.68,0.4554,1
39,84205.5,44550.29,48,447,13153.05,1,23,2.0067,0.5291,1
54,33523.62,25885.76,36,683,25923.0,2,9,9.5367,0.7722,1
34,160734.14,42807.22,48,371,26033.32,0,10,2.0102,0.2663,1
24,17107.85,13859.09,24,516,7977.11,0,0,6.0005,0.8101,1
68,13001.29,10412.99,60,732,27241.73,0,20,25.3039,0.8009,1
66,83063.59,42771.77,36,800,11034.9,0,6,1.7658,0.5149,1
47,27163.49,12220.35,24,332,27707.07,1,23,12.4651,0.4499,1
49,27439.97,37817.38,36,515,24671.75,0,22,11.2488,1.3782,1
67,88507.27,18540.02,60,400,28780.1,0,16,3.944,0.2095,1
48,36375.07,37913.3,60,769,1278.14,0,11,0.6301,1.0423,1
55,84644.64,45567.02,24,479,5451.94,0,19,1.0421,0.5383,1
28,33987.66,49118.64,36,632,33687.93,1,19,12.3759,1.4452,1
36,60932.31,19270.85,60,787,15538.57,0,14,3.1234,0.3163,1
62,36067.47,19641.24,36,759,33550.38,0,8,11.3441,0.5446,1
56,28229.21,49106.61,36,676,2975.63,0,21,1.8448,1.7396,1
50,138463.33,43353.35,48,434,30890.17,0,5,2.7554,0.3131,1
38,95786.53,4164.41,24,709,3808.8,0,4,0.4989,0.0435,0
22,31698.21,29525.6,24,454,18998.9,0,4,7.6581,0.9315,1
69,44044.79,10699.75,36,579,37534.16,0,8,10.3072,0.2429,1
33,118864.1,49712.6,48,778,3568.28,2,1,0.4648,0.4182,0
24,27094.0,8668.3,36,498,14351.15,0,9,6.4628,0.3199,1
46,27988.11,28848.69,24,716,20974.77,0,4,9.5084,1.0307,1
45,64993.09,33929.52,24,397,36028.56,1,16,6.9132,0.522,1
50,191433.69,46979.1,36,549,13637.98,1,20,0.9367,0.2454,1
31,50629.97,42668.4,36,404,32378.14,0,3,7.955,0.8427,1
27,92031.55,13796.23,36,626,28867.83,1,3,3.814,0.1499,1
51,26623.14,29485.95,24,781,12629.16,0,12,6.2462,1.1075,1
64,60878.26,47771.55,36,676,13962.12,0,19,3.0137,0.7847,1
30,39506.92,37314.41,36,314,8044.98,0,18,2.7585,0.9445,1
59,150237.86,35040.14,60,780,27872.01,0,5,2.2729,0.2332,1
33,127926.93,38235.25,24,315,22742.54,0,18,2.2828,0.2989,1
51,192461.24,17480.3,36,784,6620.61,0,21,0.4431,0.0908,0
27,32296.25,37004.11,48,578,24992.78,1,15,9.5728,1.1458,1
69,50076.09,13177.03,24,632,20196.66,0,5,4.9714,0.2631,1
62,61396.01,22548.93,36,556,4157.3,0,10,0.935,0.3673,1
62,33061.32,44716.58,36,484,38171.29,1,9,14.3056,1.3525,1
56,53031.06,2910.62,60,326,33472.85,0,17,7.5853,0.0549,1
40,84574.39,21887.3,60,324,3305.45,0,8,0.5208,0.2588,1
24,35234.49,14807.44,24,361,37285.08,1,9,12.9085,0.4203,1
27,32144.16,11532.3,60,532,36708.77,0,14,13.7758,0.3588,1
21,30890.58,42251.62,60,763,2166.23,0,23,1.1151,1.3678,1
64,21889.86,35431.93,24,648,8458.42,0,13,5.4462,1.6186,1
65,81829.71,7406.37,48,585,28245.13,0,15,4.1647,0.0905,1
62,32099.6,25734.24,36,713,37415.66,0,6,14.2546,0.8017,1
67,30131.78,24411.48,36,705,33013.03,0,24,13.4175,0.8102,1
33,67335.44,8841.33,60,680,11634.97,1,7,2.0998,0.1313,1
42,48709.55,40388.61,36,469,1820.82,0,24,0.725,0.8292,0
41,35763.45,19600.35,60,589,19179.05,0,7,6.5449,0.5481,1
42,79728.09,38573.01,24,815,4132.49,0,12,0.8639,0.4838,0
48,34917.11,11219.01,24,586,10189.2,0,18,3.6624,0.3213,1
29,13277.54,17123.53,24,606,25783.83,1,9,23.9478,1.2897,1
46,109091.89,6568.21,36,307,20053.25,0,0,2.2259,0.0602,1
29,29824.42,8887.0,60,656,15380.41,2,21,6.248,0.298,1
35,31844.74,44392.81,60,438,37233.51,0,15,14.3094,1.394,1
30,31929.25,7237.41,36,810,8122.16,0,2,3.1281,0.2267,1
44,50805.54,6595.1,24,547,19755.39,0,2,4.731,0.1298,1
62,41583.33,47138.11,48,840,23153.06,0,5,6.9648,1.1336,1
28,88684.7,33003.37,60,482,13216.71,0,11,1.8628,0.3721,1
44,131540.28,6843.97,60,722,28359.25,2,24,2.5975,0.052,1
36,32613.46,48642.4,36,696,34757.51,2,4,13.2861,1.4915,1
69,27922.71,9060.8,48,604,21888.42,0,15,9.4878,0.3245,1
46,35841.41,38784.59,24,318,31362.81,0,16,11.0416,1.0821,1
47,63795.31,3672.87,60,682,2907.98,2,9,0.5585,0.0576,0
57,45715.08,31978.01,36,525,6574.41,1,6,1.9589,0.6995,1
24,36306.54,28241.79,48,529,18750.01,0,24,6.3917,0.7779,1
44,22511.77,11984.18,36,794,36880.28,1,9,19.8366,0.5324,1
39,13025.53,32871.01,48,783,21497.86,0,1,20.4362,2.5236,1
56,26827.14,31618.54,36,658,17575.93,0,14,8.2547,1.1786,1
59,104678.55,40320.88,48,672,24204.25,2,24,2.871,0.3852,1
30,63678.08,44041.95,60,377,5416.4,0,20,1.159,0.6916,1
45,43698.93,26485.04,48,626,26320.38,0,16,7.3793,0.6061,1
38,75953.16,25534.17,24,575,4213.84,0,3,0.8338,0.3362,0
39,22635.39,31836.6,60,651,23283.34,0,7,12.6248,1.4065,1
56,50718.7,37001.96,24,481,28718.41,0,18,7.1595,0.7296,1
30,16784.09,19096.22,60,804,16754.54,0,20,12.2064,1.1378,1
53,60331.61,26222.81,48,688,36480.66,0,1,7.3647,0.4346,1
25,57280.13,30085.0,60,634,6505.27,0,20,1.4679,0.5252,1
67,58103.72,49442.15,36,745,7252.86,0,15,1.7816,0.8509,0
69,98772.14,30210.19,48,808,20918.12,2,13,2.6178,0.3059,1
55,78088.41,12760.95,36,547,37300.39,1,11,5.7865,0.1634,1
64,23733.71,30223.51,36,592,15932.59,0,8,8.4802,1.2734,1
54,99671.16,41335.98,36,830,37092.8,0,11,4.6041,0.4147,1
53,43231.68,43155.38,36,437,27892.26,0,2,8.0749,0.9982,1
41,15031.61,40412.02,24,644,31410.93,0,22,26.4201,2.6885,1
37,45924.16,44634.05,48,336,37545.89,0,12,10.0537,0.9719,1
42,72278.17,18068.78,36,613,23106.97,0,5,3.9197,0.25,1
68,26680.52,26363.39,24,519,25845.29,1,1,12.1184,0.9881,1
57,109066.7,39420.37,60,442,23370.12,1,6,2.6436,0.3614,1
35,28169.92,14693.6,36,703,31501.91,0,19,13.5933,0.5216,1
55,36729.84,19835.91,36,703,11299.55,0,13,3.8717,0.54,1
48,32897.68,41895.47,24,778,31627.89,1,5,12.1736,1.2735,1
27,17581.71,38964.11,60,519,28685.05,0,22,20.0216,2.2162,1
52,27014.25,48617.58,60,666,24281.61,0,8,11.1461,1.7997,1
31,31980.59,49806.75,24,495,2032.27,0,6,1.5413,1.5574,1
30,45339.63,13555.74,36,331,31094.49,0,18,8.3294,0.299,1
29,8095.92,45221.6,48,353,5730.83,3,24,9.8908,5.5857,1
34,75352.46,6536.74,24,722,38497.89,0,15,6.1742,0.0867,1
33,74907.12,36070.41,48,533,3718.98,0,12,0.7162,0.4815,0
45,99595.95,12564.77,36,409,28950.89,1,5,3.5303,0.1262,1
22,20030.41,16414.94,36,399,14736.81,1,3,9.1018,0.8195,1
55,41122.11,47423.42,60,510,29559.77,0,11,8.8566,1.1532,1
27,86237.58,14631.26,36,702,20998.63,0,20,2.9785,0.1697,1
41,90807.53,34312.54,60,449,25365.46,0,9,3.4276,0.3779,1
38,119057.11,10550.17,60,693,3479.75,3,15,0.3685,0.0886,0
23,52136.94,6482.72,36,557,38675.92,0,0,8.9432,0.1243,1
62,47401.81,18287.22,60,544,651.94,1,11,0.2422,0.3858,0
59,19249.31,31961.41,36,449,37675.8,1,19,24.0405,1.6604,1
61,92867.19,13901.37,60,398,22945.88,0,18,2.9949,0.1497,1
69,37190.61,16408.1,60,402,10701.67,1,21,3.5413,0.4412,1
31,50029.32,36019.03,36,311,25690.25,0,24,6.402,0.72,1
59,48064.65,6934.21,48,525,27079.44,1,18,6.7968,0.1443,1
44,11651.71,23451.44,24,741,29348.1,0,20,31.2317,2.0127,1
66,30125.48,47203.26,36,447,1149.29,0,17,0.9801,1.5669,1
39,64365.23,21054.64,60,478,39319.9,1,8,7.3961,0.3271,1
24,47612.4,22841.65,24,306,24907.56,2,23,6.5175,0.4797,1
46,64672.66,37433.81,48,451,15412.68,0,3,3.0045,0.5788,1
58,78457.17,39392.55,36,652,23040.69,1,10,3.6914,0.5021,1
62,29913.22,38941.11,60,716,7547.66,1,23,3.2882,1.3018,1
52,35986.88,49897.62,60,495,10267.03,1,15,3.7009,1.3866,1
59,45039.17,5429.65,36,624,3888.29,0,19,1.0762,0.1206,0
65,77971.56,49148.16,60,781,35229.73,0,1,5.548,0.6303,1
66,42597.09,47609.1,24,507,10438.2,0,8,3.4994,1.1177,1
56,16837.13,42902.67,60,602,29718.56,0,17,21.6904,2.5481,1
60,43524.98,23798.03,24,598,11330.85,0,16,3.3973,0.5468,1
57,76112.08,43803.31,24,725,6266.55,2,16,1.2758,0.5755,1
53,110659.33,12599.96,36,361,4771.31,0,13,0.5554,0.1139,0
56,58008.54,39999.48,60,494,34479.65,0,12,7.2706,0.6895,1
23,20098.53,10891.44,24,662,5229.6,0,18,3.3933,0.5419,1
29,38414.01,41137.38,60,377,3942.39,0,22,1.4457,1.0709,1
28,65188.24,31497.4,24,583,869.51,0,5,0.4017,0.4832,0
53,82431.99,6705.5,48,356,14974.38,0,11,2.2002,0.0813,1
26,66452.52,44975.34,36,675,37736.14,1,12,7.04,0.6768,1
61,42151.92,29741.95,36,675,36391.67,0,2,10.5953,0.7056,1
59,82052.06,33499.92,36,672,5044.58,2,15,0.8739,0.4083,1
24,33378.29,15608.48,24,543,993.54,0,20,0.591,0.4676,0
33,54764.06,43838.5,48,338,30164.8,0,9,6.8099,0.8005,1
69,76870.11,28169.64,24,608,12605.85,1,21,2.1511,0.3665,1
22,69284.85,22213.77,36,385,33469.74,0,9,5.9038,0.3206,1
25,70224.81,27645.52,24,398,9009.46,0,17,1.7364,0.3937,1
64,69171.83,35759.03,36,673,19942.24,0,2,3.6319,0.517,1
47,26128.54,35362.3,60,794,1801.37,0,12,1.098,1.3534,1
52,49539.94,19163.7,24,507,35841.24,0,15,8.8752,0.3868,1
41,28408.76,20492.4,60,382,7530.05,0,3,3.325,0.7213,1
28,41205.03,28987.43,24,300,12140.77,0,23,3.8875,0.7035,1
58,24311.29,46371.54,36,736,19448.17,0,10,10.2354,1.9074,1
28,60293.53,37780.65,60,549,11215.12,0,16,2.3574,0.6266,1
23,15076.75,20739.92,24,709,2086.46,2,24,2.3485,1.3756,1
64,70995.28,18177.57,36,685,1648.9,0,0,0.3641,0.256,0
23,49474.3,27134.56,24,383,38230.92,0,11,9.5471,0.5485,1
42,153475.43,43759.59,60,789,13357.1,0,2,1.1014,0.2851,1
26,43357.71,2416.6,24,538,13708.47,1,18,3.8219,0.0557,1
22,43350.0,36103.33,24,839,36954.55,2,8,10.646,0.8328,1
43,73829.92,16136.59,60,679,33528.07,0,18,5.4932,0.2186,1
64,44896.02,12003.08,36,690,27634.19,2,18,7.4753,0.2674,1
22,57809.0,2582.62,24,627,26510.98,0,17,5.5255,0.0447,1
58,89022.11,45036.35,24,779,32142.89,0,19,4.5857,0.5059,1
37,41751.52,45787.93,48,603,7170.58,0,10,2.3351,1.0967,1
55,100423.96,4948.04,48,581,26738.86,0,23,3.2074,0.0493,1
54,17899.35,27047.14,36,644,4386.74,0,21,3.4446,1.5111,1
43,128295.04,9323.57,60,434,5497.25,0,0,0.5287,0.0727,1
50,16765.87,38417.0,36,767,10088.87,0,20,7.9848,2.2914,1
28,110338.96,33938.79,36,660,28537.25,0,11,3.2061,0.3076,1
42,15996.46,16262.28,36,414,35755.54,0,10,27.1615,1.0166,1
64,160869.78,7614.09,24,485,27786.06,0,9,2.0964,0.0473,1
56,53988.47,41898.59,24,777,16956.61,1,10,4.157,0.7761,1
25,27807.73,34364.12,36,300,20789.62,0,7,9.3834,1.2358,1
33,150102.23,2327.36,36,840,28636.87,0,16,2.2946,0.0155,0
49,25506.23,32137.85,48,723,24724.63,0,5,11.9473,1.26,1
51,42769.81,40894.21,60,569,21413.97,0,6,6.1994,0.9561,1
67,233941.74,30356.87,36,718,9853.3,0,4,0.5487,0.1298,0
36,62151.04,22386.26,48,626,24869.96,0,3,4.8919,0.3602,1
62,14536.11,30028.08,36,494,1237.39,0,6,1.7101,2.0658,1
50,41607.04,31746.18,60,554,22622.13,1,15,6.6771,0.763,1
36,39456.12,32721.66,36,378,32919.43,2,24,10.2884,0.8293,1
32,54891.3,48418.16,60,397,7600.15,1,3,1.8379,0.8821,1
37,47730.9,10575.09,24,449,5011.31,2,2,1.3707,0.2216,1
36,68016.82,31908.47,60,746,38824.29,0,13,6.9435,0.4691,1
32,19597.7,11023.68,36,422,33816.8,3,3,20.8941,0.5625,1
28,35286.59,12077.92,48,658,12429.05,0,20,4.3123,0.3423,1
40,59107.09,34124.38,24,538,8738.62,1,8,2.0628,0.5773,1
23,31030.16,45965.8,48,829,13694.55,3,10,5.6663,1.4813,1
36,94614.51,9634.12,36,503,17533.39,0,0,2.2577,0.1018,1
50,31404.86,48198.35,24,442,32932.77,2,8,13.3512,1.5347,1
65,53423.04,17329.87,48,486,9948.55,0,24,2.3158,0.3244,1
43,46028.95,20783.07,36,787,28973.38,0,7,7.704,0.4515,1
48,26667.25,9376.68,48,421,37206.99,0,14,16.8307,0.3516,1
60,50832.67,31560.13,60,649,15490.73,0,23,3.781,0.6209,1
25,22311.12,30628.18,60,399,1528.85,1,7,1.0968,1.3728,1
40,37565.2,23228.95,36,583,33190.85,1,19,10.8088,0.6184,1
60,49919.38,24852.39,48,826,28482.35,0,6,6.9713,0.4979,1
64,20818.5,31902.84,36,683,6388.26,0,13,4.1931,1.5324,1
21,71260.75,30007.83,48,486,24077.77,0,17,4.1599,0.4211,1
50,57309.68,19964.64,24,307,33080.25,0,2,7.1008,0.3484,1
41,67453.95,44437.49,36,844,7650.76,0,14,1.5807,0.6588,1
40,49093.48,34047.71,36,718,9304.62,0,23,2.5055,0.6935,1
26,24577.58,11859.5,48,389,8470.37,0,19,4.2563,0.4825,1
42,49018.66,17355.34,36,795,39901.31,0,5,9.886,0.3541,1
38,71243.46,39818.15,24,415,9566.1,1,14,1.8907,0.5589,1
28,24000.13,7017.22,48,319,11043.28,0,13,5.5947,0.2924,1
59,25172.42,38011.14,48,431,2393.06,0,10,1.5183,1.51,1
52,42291.84,19224.44,48,591,39339.5,0,7,11.2759,0.4546,1
53,39230.21,28481.17,24,653,10246.79,0,7,3.4974,0.726,1
36,48547.68,15466.79,24,536,29146.71,2,4,7.3638,0.3186,1
32,41150.08,49349.92,36,522,1541.56,0,15,0.8493,1.1993,1
58,53960.08,45480.33,48,735,31444.42,1,6,7.2035,0.8429,1
54,102037.0,46565.59,24,338,30149.11,0,0,3.7738,0.4564,1
34,67712.97,10869.22,60,626,3824.04,0,4,0.7098,0.1605,0
56,50700.5,42401.12,36,508,5342.77,0,2,1.5433,0.8363,1
53,25234.64,27699.06,24,405,12156.82,2,12,6.3298,1.0977,1
43,31786.85,35977.24,24,548,14509.38,0,19,6.0434,1.1318,1
65,81230.05,12440.2,24,653,31448.24,0,16,4.7224,0.1531,1
22,37008.72,36175.26,36,769,2916.96,2,0,1.2716,0.9775,1
61,27428.8,45884.83,24,564,26184.46,0,18,12.292,1.6729,1
41,172615.16,14839.11,24,763,9527.09,1,3,0.7053,0.086,1
22,122354.23,13201.27,60,740,15607.54,2,12,1.5523,0.1079,1
47,45493.65,7011.9,60,583,587.06,0,18,0.1857,0.1541,0
29,25601.37,14806.72,60,833,11999.38,0,17,5.7401,0.5784,1
21,75660.79,27718.03,24,668,7267.85,0,10,1.3359,0.3663,0
31,36532.56,41970.38,60,794,20406.9,1,22,6.9329,1.1488,1
23,83543.24,15382.41,48,453,6748.6,0,8,1.0154,0.1841,1
43,36554.81,31814.93,60,615,33514.8,0,2,11.1761,0.8703,1
46,131562.5,25020.35,60,599,35374.77,0,15,3.2646,0.1902,1
24,35909.42,15851.79,24,739,33888.94,1,24,11.5455,0.4414,1
38,202569.86,26497.24,48,450,39281.21,0,23,2.3597,0.1308,1
26,55107.15,10062.2,60,705,36628.53,0,20,8.0127,0.1826,1
55,112485.92,32699.72,24,474,11551.62,1,21,1.3777,0.2907,1
42,35452.17,7551.81,48,354,12921.21,1,16,4.4269,0.213,1
63,22318.92,37087.07,60,610,21540.05,0,12,11.9136,1.6617,1
35,12286.62,10530.21,24,453,15705.83,0,5,15.768,0.857,1
42,105446.85,49911.64,48,799,38811.49,0,24,4.5351,0.4733,1
57,51062.64,41536.28,60,800,13911.48,0,6,3.432,0.8134,1
62,23189.5,18504.33,48,489,29733.25,1,8,15.5857,0.798,1
32,108111.87,22457.83,48,805,23226.79,0,20,2.63,0.2077,0
67,98085.66,14441.17,24,448,38280.99,0,4,4.757,0.1472,1
69,112356.43,38821.5,36,307,29908.45,0,4,3.3095,0.3455,1
62,21941.35,20274.89,48,768,12494.01,2,21,7.0641,0.924,1
58,103553.82,38248.9,48,620,8284.2,0,14,1.0523,0.3694,0
38,61723.82,2883.27,48,750,34257.42,0,3,6.6718,0.0467,1
65,115447.81,8509.81,48,427,36485.07,0,9,3.8108,0.0737,1
55,67889.64,19518.77,48,586,33328.22,0,8,5.9629,0.2875,1
50,54383.13,7227.61,36,386,29629.26,0,6,6.5822,0.1329,1
44,104400.65,30854.14,24,380,13208.34,0,14,1.666,0.2955,1
62,81727.0,4439.94,36,833,20462.24,2,18,3.0226,0.0543,1
50,93813.06,43268.62,24,551,36670.27,0,9,4.9212,0.4612,1
34,36576.88,38542.78,36,489,5828.45,0,6,2.2634,1.0537,1
26,44203.28,12380.31,24,783,20049.31,1,2,5.5829,0.2801,1
23,17321.64,25222.01,60,678,14542.62,0,2,10.366,1.4561,1
36,35028.79,23687.03,48,755,27260.84,0,19,9.5079,0.6762,1
27,78765.95,36793.5,24,307,25545.76,1,17,4.1255,0.4671,1
34,68769.3,21272.43,24,617,22622.27,0,23,4.1022,0.3093,1
29,27235.61,3580.89,48,633,11544.82,3,12,5.1195,0.1315,1
35,105810.73,15139.32,60,529,6802.23,0,11,0.8001,0.1431,1
41,291806.2,24377.4,48,807,31481.37,0,16,1.3155,0.0835,0
55,28520.13,48775.63,24,826,39674.1,0,16,17.5482,1.7102,1
22,43324.38,44295.62,24,774,7179.22,0,10,2.4997,1.0224,1
47,33760.36,10707.49,48,705,3493.8,2,16,1.3211,0.3172,0
22,46307.93,36717.25,36,586,29956.37,0,19,8.027,0.7929,1
55,57776.86,46967.62,48,745,14082.3,0,16,3.1281,0.8129,1
38,32260.54,2422.05,24,642,8913.64,0,18,3.3532,0.0751,1
34,41516.58,36605.39,24,624,21242.46,3,6,6.5808,0.8817,1
40,51655.19,24048.01,24,466,27170.97,1,18,6.5449,0.4655,1
38,65053.23,34651.34,60,595,8986.54,0,1,1.7642,0.5327,1
30,118171.91,31068.29,48,482,39782.89,0,9,4.1056,0.2629,1
45,48596.79,49263.94,60,385,13464.86,0,5,3.5276,1.0137,1
22,34992.84,15863.14,48,448,12940.64,0,15,4.551,0.4533,1
45,74444.08,39734.86,60,358,17208.53,0,7,2.8807,0.5338,1
53,62324.12,13262.71,36,304,29928.66,1,3,5.8335,0.2128,1
56,43665.06,22909.18,24,382,34993.66,0,19,9.8793,0.5247,1
51,65578.95,48818.28,24,682,13297.45,0,10,2.8055,0.7444,1
34,38952.99,38774.54,48,848,5190.52,0,17,1.8479,0.9954,1
21,35659.45,17159.42,24,778,10617.17,0,20,3.8135,0.4812,1
66,15684.21,31729.73,60,326,3829.04,0,14,3.3342,2.023,1
36,40265.33,4385.22,36,824,25398.61,0,15,7.6057,0.1089,1
66,17025.82,14786.96,60,713,29757.5,0,7,21.1471,0.8685,1
23,33401.55,36482.74,60,479,17456.03,0,16,6.4898,1.0922,1
55,69403.21,29364.49,48,763,38135.4,0,1,6.6995,0.4231,1
61,19868.65,24544.3,24,826,29237.19,1,16,18.276,1.2353,1
26,43743.27,35162.05,60,300,15496.53,1,14,4.4119,0.8038,1
45,50984.87,21126.03,48,570,4537.45,0,19,1.1715,0.4144,1
33,42482.33,3255.49,60,783,20001.31,0,6,5.6651,0.0766,1
54,36724.49,23169.28,60,347,20401.5,0,10,6.7925,0.6309,1
28,59589.42,45302.2,60,482,22248.19,0,18,4.6323,0.7602,1
41,64761.04,43117.53,48,672,27456.75,1,23,5.2541,0.6658,1
54,49065.71,21631.86,36,838,10943.12,1,5,2.8233,0.4409,1
24,37969.69,3066.63,60,806,598.14,0,17,0.2052,0.0808,0
45,82358.88,32542.75,60,805,32607.37,0,8,4.83,0.3951,1
35,22327.09,37577.33,48,365,33029.7,0,24,18.173,1.683,1
24,74044.91,16123.69,24,351,36509.06,0,15,6.0257,0.2178,1
65,63058.4,24879.87,36,769,38776.95,0,12,7.5108,0.3946,1
32,55238.54,49609.13,48,542,6787.27,0,22,1.699,0.8981,1
52,48730.61,29664.46,24,636,14477.93,1,7,3.8696,0.6087,1
52,15772.43,18851.6,48,420,34128.69,0,16,26.2646,1.1952,1
48,112691.74,32119.47,48,344,37392.98,0,13,4.0531,0.285,1
33,81080.89,10641.07,36,351,1073.92,0,21,0.2027,0.1312,0
51,27533.7,11564.11,36,450,15807.59,0,8,7.0294,0.42,1
34,77287.37,46396.39,36,712,4978.74,0,5,0.9731,0.6003,1
40,54901.93,13481.6,36,840,31644.1,1,15,6.9984,0.2456,1
38,34551.24,16917.89,24,797,30011.65,2,2,10.6682,0.4896,1
49,100215.31,28101.31,60,508,30294.96,0,1,3.6837,0.2804,1
26,37854.17,45185.25,48,307,15914.29,0,7,5.3433,1.1937,1
52,110600.07,39509.55,36,690,16546.78,0,3,1.9144,0.3572,0
49,67546.28,4101.63,60,546,10843.65,0,11,1.9386,0.0607,1
63,87023.65,35265.42,24,694,14755.29,2,0,2.2373,0.4052,1
22,69386.75,26194.95,36,638,39331.72,0,23,6.928,0.3775,1
43,67483.5,24826.54,48,711,2339.47,0,16,0.508,0.3679,0
39,55778.19,35194.8,60,839,13298.3,0,17,2.9872,0.631,1
51,31694.82,11419.14,36,644,31701.96,1,16,12.1228,0.3603,1
25,50894.77,49111.46,48,595,15602.67,0,23,3.92,0.965,1
39,84951.39,32974.71,60,534,38024.38,0,15,5.4489,0.3882,1
54,75474.93,19551.5,48,744,13619.69,1,2,2.2302,0.259,0
30,66220.94,30809.71,24,532,34065.45,3,8,6.4057,0.4653,1
45,13940.42,12390.6,36,609,32696.25,0,11,28.4414,0.8888,1
22,43133.94,32424.41,36,777,863.7,0,6,0.4909,0.7517,0
31,40498.75,3354.42,48,813,16418.07,1,5,4.8855,0.0828,1
51,25286.99,18376.73,60,635,11585.17,0,10,5.6431,0.7267,1
35,84309.9,37880.81,36,351,19444.54,1,5,2.9173,0.4493,1
29,14542.27,40782.94,48,845,18779.46,0,16,16.1976,2.8044,1
43,80981.94,14140.13,24,600,36268.42,0,23,5.4616,0.1746,1
39,108830.07,27891.65,36,542,7751.46,0,9,0.9401,0.2563,1
29,43221.57,27367.66,48,655,7696.55,0,2,2.2952,0.6332,1
55,46882.35,22229.89,60,741,4768.64,3,18,1.3154,0.4742,1
41,87599.94,12964.78,36,418,29676.72,0,2,4.1146,0.148,1
29,31002.01,35754.96,36,708,36755.48,0,24,14.6114,1.1533,1
48,72872.45,14113.36,24,670,15055.9,0,20,2.5761,0.1937,1
66,28263.07,45729.24,48,372,2941.99,0,1,1.6536,1.618,1
27,23612.58,27368.06,60,748,6662.85,1,19,3.6179,1.159,1
36,58547.54,43782.96,24,770,4544.18,1,22,1.3053,0.7478,0
36,48242.12,15955.65,24,455,23897.43,2,0,6.1097,0.3307,1
53,17455.28,40739.8,24,609,11650.76,0,17,9.1765,2.334,1
24,114598.11,7455.85,48,335,35949.18,0,7,3.7806,0.0651,1
24,38222.12,38807.86,48,547,6910.17,0,23,2.4233,1.0153,1
59,66596.54,20573.4,36,727,37241.16,1,18,6.8134,0.3089,1
60,128426.23,24559.52,48,343,13643.18,0,4,1.3226,0.1912,1
37,56872.24,10006.75,24,752,34758.58,0,23,7.422,0.176,1
57,105237.53,2894.13,48,418,37985.34,0,9,4.3383,0.0275,1
59,29207.11,33977.48,60,648,39461.36,0,8,16.4457,1.1633,1
49,114988.94,30210.48,36,687,32241.94,0,17,3.4523,0.2627,1
56,29866.16,31876.55,24,369,4516.62,0,23,2.3484,1.0673,1
58,34798.0,14240.08,36,753,2687.46,0,18,1.0632,0.4092,1
59,20479.93,13485.32,48,566,29719.3,0,24,17.5783,0.6585,1
57,57587.15,41854.22,36,737,35933.07,0,4,7.73,0.7268,1
55,71578.96,38540.13,36,665,7059.25,0,20,1.3629,0.5384,0
27,77659.18,18165.93,48,486,37672.16,0,10,5.8796,0.2339,1
47,20765.5,32614.67,36,526,24604.0,0,19,14.7417,1.5706,1
48,61388.99,41751.2,48,360,5398.37,0,23,1.2253,0.6801,1
42,62767.29,44663.81,24,467,7097.83,0,0,1.7128,0.7116,1
34,70888.47,2278.7,36,431,3105.24,0,11,0.5364,0.0321,0
27,30833.68,41046.19,60,454,6157.0,2,5,2.6625,1.3312,1
57,10903.27,18818.83,60,306,29418.9,1,22,32.7233,1.726,1
42,74898.37,36482.16,24,822,9141.27,0,23,1.7081,0.4871,0
25,44913.88,19827.27,48,550,22685.34,0,19,6.1714,0.4415,1
22,57996.89,31099.96,48,561,28982.71,0,11,6.1308,0.5362,1
47,46315.68,33045.56,36,419,35863.47,1,24,9.5297,0.7135,1
41,56426.9,21439.65,36,347,23802.11,0,11,5.1885,0.38,1
58,76288.05,26613.7,60,368,23003.84,0,2,3.6882,0.3489,1
35,16087.33,36863.04,60,561,36556.51,0,23,27.7268,2.2914,1
41,97208.38,24862.65,48,744,12148.74,0,14,1.5637,0.2558,1
30,43945.9,2671.06,60,778,8546.21,0,10,2.3458,0.0608,1
43,130124.19,2619.4,48,530,34975.44,0,9,3.2305,0.0201,1
59,37209.77,33742.92,24,523,3443.66,0,20,1.564,0.9068,1
25,32566.56,42667.4,24,756,7992.44,1,20,3.6001,1.3102,1
21,44846.3,39693.13,60,665,16744.5,0,22,4.6575,0.8851,1
33,66170.65,16899.21,36,327,14769.4,0,20,2.7635,0.2554,1
41,41580.58,24614.14,60,400,28390.63,0,22,8.3118,0.592,1
46,69113.68,13239.72,60,357,4126.37,0,15,0.7548,0.1916,1
65,38860.15,49479.2,60,323,19347.73,1,24,6.2292,1.2733,1
41,50057.89,14504.31,36,714,32437.92,0,11,7.8727,0.2898,1
38,187574.57,21980.56,60,526,27492.07,0,15,1.7822,0.1172,1
57,60740.14,34694.19,36,468,25450.14,0,4,5.2184,0.5712,1
65,63735.55,44048.85,60,788,9954.71,0,17,2.0125,0.6911,1
52,20261.1,4470.83,36,545,16048.49,0,9,9.5786,0.2207,1
56,110478.09,16448.94,36,662,7638.58,0,5,0.8793,0.1489,0
37,92955.77,29311.32,36,764,20602.54,0,24,2.7648,0.3153,0
55,31930.93,31679.03,36,729,23574.65,1,13,9.1903,0.9921,1
69,91861.34,5361.32,36,720,25431.66,1,13,3.3416,0.0584,1
31,59747.39,33875.78,24,320,35100.25,0,8,7.3332,0.567,1
41,50405.2,27347.09,48,668,2942.28,2,15,0.8361,0.5425,0
46,106358.78,41726.11,48,763,15838.34,0,12,1.8851,0.3923,0
24,36048.51,12665.08,36,396,23843.34,0,13,8.0542,0.3513,1
54,31779.83,11361.3,48,791,23019.85,0,20,8.7816,0.3575,1
68,55522.19,40080.19,36,652,1357.31,0,10,0.534,0.7219,0
38,67301.47,35785.72,60,394,7977.71,0,1,1.5288,0.5317,1
60,87534.61,40000.32,24,323,33906.92,0,21,4.8767,0.457,1
55,44776.03,39532.84,60,679,20857.98,0,19,5.7665,0.8829,1
61,29440.82,6992.03,60,695,16835.58,0,19,6.9096,0.2375,1
49,223494.18,15371.99,36,703,36056.92,2,18,1.9589,0.0688,1
49,25541.08,14484.09,60,432,3460.61,0,11,1.7393,0.5671,1
58,50669.07,46860.19,24,353,36931.26,0,16,9.2089,0.9248,1
62,78262.46,25398.4,60,591,1597.44,1,8,0.3098,0.3245,0
41,97799.39,7330.74,24,411,22725.48,0,21,2.8259,0.075,1
62,34881.22,15899.74,24,721,22426.1,0,10,7.943,0.4558,1
33,15915.51,43851.28,36,430,25743.2,0,11,20.3283,2.7553,1
69,34401.0,42659.19,24,719,1670.24,0,2,1.2027,1.2401,1
61,82190.38,45216.3,60,577,21455.5,0,16,3.2426,0.5501,1
37,71861.64,20649.38,36,367,4987.75,0,5,0.9287,0.2873,1
29,73282.23,32784.37,24,702,6661.17,2,3,1.3145,0.4474,0
61,75131.75,15352.35,24,474,9006.52,0,12,1.5407,0.2043,1
21,109540.6,10679.62,48,579,24720.49,0,16,2.7325,0.0975,1
22,30775.28,3051.25,36,763,15908.5,1,9,6.2361,0.0991,1
68,23891.1,12725.17,48,689,3870.83,0,19,2.0774,0.5326,1
49,61223.61,31009.96,24,435,11916.02,0,17,2.5888,0.5065,1
53,26131.2,45402.1,48,708,3526.54,3,13,2.0538,1.7375,1
30,23004.63,8404.19,60,523,26733.04,0,15,14.0179,0.3653,1
60,102168.22,46064.55,60,487,22519.88,0,18,2.7352,0.4509,1
41,56966.34,18578.49,24,686,16603.6,1,14,3.6606,0.3261,1
48,49866.06,22487.76,48,308,37143.23,0,22,9.0511,0.451,1
31,50491.71,19518.97,48,479,20989.64,0,22,5.0851,0.3866,1
54,45996.32,21613.19,36,743,35557.65,0,20,9.4333,0.4699,1
28,101757.15,14441.27,60,745,23373.86,0,12,2.7848,0.1419,1
42,19756.35,35533.02,60,415,15383.32,0,1,9.7035,1.7986,1
28,19271.56,38392.79,36,544,21790.38,0,8,14.2325,1.9922,1
69,27949.96,41509.42,60,582,6498.57,0,12,3.0871,1.4851,1
35,58308.14,18381.9,48,512,27152.76,0,24,5.6669,0.3153,1
37,144814.12,38702.09,48,750,39294.26,3,24,3.3229,0.2673,1
43,82574.02,32608.42,60,324,10273.81,1,21,1.572,0.3949,1
44,69945.08,47979.97,36,532,13266.31,0,11,2.5047,0.686,1
65,46727.11,22389.69,24,815,16540.61,0,0,4.4874,0.4792,1
39,22037.09,49630.87,24,587,19597.56,0,12,11.7977,2.2522,1
25,66768.98,37538.91,24,483,28904.57,1,21,5.476,0.5622,1
52,165310.41,39261.33,24,550,5898.59,0,7,0.5469,0.2375,0
64,42445.04,3233.83,48,590,12447.39,0,3,3.5382,0.0762,1
21,35017.25,25875.12,24,658,21777.48,0,21,7.8324,0.7389,1
43,42567.83,27360.16,48,604,23788.31,0,10,6.8667,0.6427,1
57,70252.47,3948.8,48,649,21696.89,1,23,3.7202,0.0562,1
28,52419.72,16982.3,24,638,17701.81,0,5,4.2143,0.324,1
33,84626.99,47870.92,24,778,28603.26,1,12,4.3387,0.5657,1
28,48046.74,22453.35,24,764,8576.75,0,19,2.3758,0.4673,1
43,42420.75,10961.7,60,429,11667.74,0,22,3.3523,0.2584,1
63,56241.13,26640.26,60,486,18057.1,0,4,3.9475,0.4737,1
21,35461.71,3620.75,36,720,27972.37,0,12,9.4997,0.1021,1
65,139310.28,26767.46,48,795,3752.86,0,16,0.3713,0.1921,0
44,80327.61,30524.88,24,840,5069.0,0,18,0.9473,0.38,0
55,25341.05,19169.33,60,534,31405.13,1,18,15.0229,0.7565,1
44,31336.68,38603.66,36,577,10807.72,1,0,4.5493,1.2319,1
37,68816.73,8514.28,48,401,38557.73,0,3,6.7545,0.1237,1
25,54720.33,44152.8,48,758,38475.49,1,1,8.6393,0.8069,1
40,58777.07,47861.36,48,531,27594.83,0,11,5.8374,0.8143,1
41,43683.4,2059.26,60,573,28816.49,2,0,7.9254,0.0471,1
60,64415.13,42450.64,24,664,26214.51,3,11,5.2131,0.659,1
51,44304.28,26293.05,24,777,7504.57,1,12,2.3294,0.5935,1
66,68735.96,24147.47,48,767,20268.0,0,5,3.6262,0.3513,1
56,77949.54,13456.6,48,573,31824.14,0,6,4.9423,0.1726,1
31,128546.27,23471.6,36,627,31099.79,0,19,2.9641,0.1826,1
35,35996.62,47620.5,36,483,36001.44,0,4,12.4426,1.3229,1
39,48694.86,12117.81,48,493,36081.53,1,8,8.9539,0.2489,1
27,23590.78,10593.98,36,571,10828.67,2,12,5.6579,0.4491,1
48,146643.07,13611.02,60,599,29007.96,3,13,2.3923,0.0928,1
63,14983.54,28488.04,48,495,26227.93,0,7,21.4807,1.9013,1
25,134554.1,46654.39,36,630,35490.29,0,15,3.2807,0.3467,1
25,51848.52,29546.32,48,785,7747.24,0,13,1.9355,0.5699,1
50,63010.51,13687.16,24,798,29721.81,0,17,5.769,0.2172,1
52,44382.41,23141.71,60,699,17221.62,0,9,4.7606,0.5214,1
28,49944.14,20739.21,48,696,16082.18,0,18,3.9679,0.4152,1
30,69762.42,4235.33,24,399,1913.74,0,15,0.3595,0.0607,1
58,18361.5,26510.81,48,380,38477.69,0,8,25.5077,1.4438,1
67,33147.56,8048.31,24,316,27192.86,1,20,9.9657,0.2428,1
52,29524.2,42427.71,36,511,23832.74,0,0,10.1657,1.437,1
68,64115.59,28350.22,24,425,10421.05,0,8,2.1715,0.4422,1
48,49149.39,42541.11,60,429,26508.59,0,23,6.6453,0.8655,1
37,71029.99,47890.14,60,834,37851.31,0,13,6.5295,0.6742,1
51,54114.91,47273.04,36,513,6949.87,2,6,1.8323,0.8736,1
28,92517.52,6820.61,48,428,39360.44,0,22,5.1237,0.0737,1
60,31439.97,47351.22,60,823,17383.46,0,23,6.9361,1.5061,1
45,50761.5,40195.87,36,761,39140.05,0,10,9.5166,0.7919,1
29,95379.41,39327.59,60,356,25537.77,3,19,3.2955,0.4123,1
22,84592.06,6326.17,36,573,13302.22,2,6,1.9119,0.0748,1
35,20175.28,10616.71,60,638,15290.54,0,23,9.1999,0.5262,1
23,26564.57,48807.84,36,442,11976.92,3,9,6.0228,1.8373,1
69,46673.2,12241.77,60,722,13723.69,0,18,3.5809,0.2623,1
56,42578.21,10114.56,48,633,26038.17,0,1,7.3978,0.2376,1
24,47133.72,19392.88,24,432,1155.9,0,1,0.5,0.4114,0
34,79040.38,45841.1,60,563,38721.43,0,22,5.9947,0.58,1
61,58315.88,24857.29,36,446,30856.86,1,24,6.4917,0.4263,1
61,60392.16,46188.02,48,735,37669.87,0,15,7.6763,0.7648,1
45,73303.83,18048.26,60,311,28842.95,2,11,4.7709,0.2462,1
30,93386.73,12873.37,36,354,19500.83,0,7,2.5518,0.1379,1
41,7835.29,25769.74,24,529,7994.23,0,9,13.8879,3.2889,1
56,38871.79,31542.89,36,421,20894.7,0,22,6.7208,0.8115,1
32,28860.22,20791.95,60,532,28611.97,0,14,12.0409,0.7204,1
47,65198.37,18609.46,36,461,34240.22,3,15,6.3972,0.2854,1
60,37150.69,12466.85,36,799,13303.18,0,24,4.4089,0.3356,1
22,51303.64,15200.32,24,478,20663.99,0,3,4.9815,0.2963,1
33,81738.94,34309.66,60,661,24989.24,0,22,3.7526,0.4197,1
52,34139.43,19753.93,60,507,23749.42,0,4,8.4636,0.5786,1
51,60942.7,5828.34,24,731,2568.72,2,16,0.5536,0.0956,0
36,124529.35,8631.46,48,755,19594.06,0,9,1.9055,0.0693,1
52,80738.38,19874.2,36,803,32456.74,0,3,4.906,0.2462,1
52,18930.57,46376.12,36,453,32191.0,0,0,21.2223,2.4498,1
54,41148.88,20193.45,36,637,20532.12,0,0,6.1512,0.4907,1
31,60687.3,4910.82,60,592,38118.08,0,6,7.5535,0.0809,1
30,68300.36,22063.72,60,735,33136.1,1,2,5.8864,0.323,1
35,42133.17,34103.24,36,695,29624.41,0,15,8.7072,0.8094,1
37,33393.84,30492.61,60,465,20866.23,0,24,7.6809,0.9131,1
60,51054.95,15382.54,24,751,23831.72,0,15,5.7521,0.3013,1
38,25536.63,35028.27,24,835,9317.79,0,14,5.0644,1.3717,1
29,94829.95,32269.97,60,700,21530.07,0,22,2.7925,0.3403,1
45,150423.3,10264.3,36,414,21277.86,0,10,1.7202,0.0682,1
60,62119.57,9782.96,36,650,8509.12,0,21,1.6963,0.1575,1
34,42639.52,28264.79,36,559,38070.36,3,17,10.9351,0.6629,1
45,86209.93,33653.05,36,525,10167.71,0,20,1.5454,0.3904,1
42,77898.15,48171.71,60,785,4616.79,0,23,0.8349,0.6184,0
50,41550.95,22252.67,48,430,18946.86,0,19,5.6058,0.5356,1
40,47633.61,38717.08,48,563,27599.9,0,7,7.1563,0.8128,1
41,34005.56,7593.0,36,823,8208.5,0,24,2.9711,0.2233,1
64,54111.98,44701.23,36,480,7724.22,0,23,1.9883,0.8261,1
52,58650.15,32389.16,36,648,10828.08,0,5,2.3995,0.5522,1
66,30697.01,32193.46,48,770,12457.34,1,17,5.132,1.0487,1
69,25724.37,8837.25,24,460,10224.9,0,7,4.9415,0.3435,1
41,22123.39,3900.02,48,413,19092.6,0,19,10.4001,0.1763,1
55,62938.97,35669.56,60,317,1221.39,0,16,0.3462,0.5667,1
52,48684.23,7618.71,48,403,3956.91,0,4,1.0144,0.1565,1
50,46623.29,8094.57,60,485,29309.9,0,2,7.5786,0.1736,1
59,64777.63,11000.01,36,641,16787.43,0,18,3.1665,0.1698,1
69,28550.3,6691.83,60,761,14732.53,0,6,6.2391,0.2344,1
32,25792.74,32018.84,36,442,912.57,0,11,0.8384,1.2414,1
61,56650.11,22256.23,24,752,12279.61,0,0,2.7976,0.3929,1
67,17375.09,14772.61,36,750,32936.86,0,2,23.0311,0.8502,1
38,41965.76,23155.97,36,361,13944.51,1,9,4.1713,0.5518,1
41,215317.25,42518.72,24,575,38565.89,1,5,2.2481,0.1975,1
33,21826.44,46499.81,36,594,15903.38,0,15,9.4537,2.1304,1
41,37879.09,25398.85,36,428,18833.09,3,13,6.1898,0.6705,1
28,13715.26,29204.14,36,663,32175.42,0,7,28.8613,2.1293,1
66,42606.55,14345.6,48,366,39329.46,2,5,11.1612,0.3367,1
60,159519.56,26652.82,60,346,15178.07,3,10,1.1752,0.1671,1
66,64870.64,37909.74,36,673,5237.48,1,3,1.1636,0.5844,1
27,33919.06,25622.59,48,436,21160.76,0,7,7.6752,0.7554,1
43,181470.14,16499.5,36,394,23874.55,0,4,1.609,0.0909,1
64,17233.12,29937.65,60,537,38398.53,0,9,27.0856,1.7372,1
52,64367.61,47439.49,36,334,16849.94,0,21,3.387,0.737,1
31,50967.72,44623.22,60,595,4087.01,1,11,1.1374,0.8755,1
42,42267.98,38923.63,48,791,26211.92,1,16,7.6719,0.9209,1
42,79559.06,15258.06,48,557,1333.93,2,19,0.2491,0.1918,1
63,24120.38,13594.86,36,686,17304.02,0,10,8.7967,0.5636,1
45,59134.72,42249.79,24,569,16681.04,0,19,3.7423,0.7145,1
42,54797.23,10703.24,60,623,10565.35,0,11,2.3528,0.1953,1
48,29067.98,31069.34,36,346,38590.21,0,20,16.2873,1.0689,1
49,157944.24,23068.64,48,786,16434.63,0,11,1.2852,0.1461,0
33,43953.94,24463.35,36,710,35840.93,0,16,9.9706,0.5566,1
38,45107.77,23818.08,60,424,20846.87,0,19,5.6515,0.528,1
22,26460.11,45197.61,36,511,32911.18,0,22,15.495,1.7081,1
49,44444.47,6180.52,60,668,18330.11,0,21,4.9769,0.1391,1
41,198958.74,39579.27,48,565,39665.72,0,4,2.4421,0.1989,0
35,42124.0,42080.61,24,434,25781.15,0,16,7.8438,0.999,1
47,66917.86,47258.1,24,614,6659.91,0,23,1.5474,0.7062,1
51,86710.36,23724.8,48,599,754.02,0,4,0.1728,0.2736,1
35,43965.42,26003.13,48,597,37191.56,1,12,10.299,0.5914,1
43,38339.88,48142.14,36,578,27628.63,2,13,9.066,1.2557,1
44,65079.07,24005.65,48,673,4698.48,0,7,0.9586,0.3689,0
64,42414.48,26170.33,48,787,29867.73,0,13,8.6045,0.617,1
33,40170.69,17948.21,60,361,9472.37,1,5,2.919,0.4468,1
42,86157.64,3518.12,36,353,32464.6,0,6,4.5353,0.0408,1
63,47020.84,22786.62,60,637,24591.95,0,9,6.3729,0.4846,1
57,101513.18,33444.38,36,674,5384.57,0,16,0.7463,0.3295,0
53,46390.22,35117.4,36,773,3302.49,0,5,1.1066,0.757,1
23,22240.78,2312.42,24,411,18911.66,0,2,10.2558,0.104,1
39,6276.22,40450.53,24,568,37507.29,2,18,74.9357,6.445,1
43,16270.53,25635.95,48,623,22802.99,0,18,17.2118,1.5756,1
49,18041.39,26995.78,36,384,30484.8,0,21,20.7754,1.4963,1
50,57522.0,48163.7,48,671,19044.2,0,23,4.1822,0.8373,1
59,27369.93,15654.14,60,374,15671.18,0,2,6.9852,0.5719,1
64,14995.74,38559.3,48,807,32977.2,0,2,27.0321,2.5714,1
67,45317.86,29589.26,60,527,18803.77,0,4,5.1098,0.6529,1
45,25614.23,35638.33,24,693,6090.94,1,5,3.5492,1.3913,1
57,64722.2,22055.24,24,314,11343.56,1,5,2.2736,0.3408,1
67,63765.09,15401.96,60,480,22674.64,0,22,4.3155,0.2415,1
28,67944.86,28214.05,60,807,16401.8,0,22,2.9798,0.4152,1
62,10562.15,19997.18,60,637,14972.52,0,12,17.3894,1.8933,1
36,50374.76,12699.74,48,562,26916.19,0,18,6.4749,0.2521,1
28,45577.0,42283.34,60,377,25634.66,0,4,6.9349,0.9277,1
21,23553.12,24839.92,36,528,12904.03,0,0,6.926,1.0546,1
64,13596.14,42671.16,60,329,14697.35,0,16,13.5996,3.1385,1
25,45926.11,24753.52,24,673,30206.62,2,1,8.1622,0.539,1
23,92824.85,28726.29,60,454,36890.86,1,11,4.831,0.3095,1
21,10414.41,49773.45,24,484,13306.48,0,17,17.722,4.7793,1
24,29747.12,47672.2,24,747,12029.16,0,6,5.6539,1.6026,1
60,53046.34,15041.11,48,746,10978.56,0,4,2.5544,0.2835,1
55,96273.85,43695.46,60,731,6089.52,0,18,0.8498,0.4539,0
52,40642.8,20739.37,24,468,15398.38,0,15,4.8016,0.5103,1
62,156154.59,5419.94,36,380,20882.24,0,22,1.6163,0.0347,1
54,16694.19,29637.49,60,509,21728.61,0,11,15.9739,1.7753,1
63,14615.49,48898.49,60,558,27795.7,1,18,23.4907,3.3457,1
45,90276.19,48767.06,24,848,2575.8,1,18,0.6125,0.5402,0
30,11970.8,8070.34,48,585,22675.65,0,19,22.8995,0.6742,1
41,64661.38,39019.36,48,353,10572.06,0,20,2.1128,0.6034,1
66,41080.16,40535.99,60,768,9945.38,2,14,3.1025,0.9868,1
59,28549.64,19699.75,60,668,31694.17,1,23,13.4597,0.69,1
47,37949.05,33612.57,48,399,6562.35,0,8,2.2965,0.8857,1
47,22619.26,25431.65,48,746,13499.46,3,20,7.4428,1.1243,1
22,40497.66,12938.87,36,491,25686.72,0,7,7.7178,0.3195,1
61,49535.83,38540.69,60,713,25893.5,0,18,6.4283,0.778,1
68,38187.63,14612.13,60,781,2399.47,1,6,0.8305,0.3826,0
33,34511.17,18341.49,60,392,3366.07,0,18,1.2767,0.5315,1
29,57095.59,11120.88,48,552,26386.85,0,11,5.5945,0.1948,1
56,132686.31,36525.02,24,338,38149.47,0,2,3.5878,0.2753,1
42,41784.38,24018.75,36,845,39940.87,0,3,11.6622,0.5748,1
62,80177.19,23281.92,48,657,39490.84,0,1,5.9831,0.2904,1
46,27454.73,31019.02,48,308,14387.42,0,6,6.571,1.1298,1
32,22016.58,9548.65,36,487,10051.5,0,21,5.6231,0.4337,1
37,64343.37,45111.39,60,438,4396.65,0,2,0.9602,0.7011,1
34,42611.49,24325.23,24,597,13370.16,0,0,4.0507,0.5709,1
34,96538.62,19593.29,36,379,11435.72,0,11,1.4891,0.203,1
54,108581.26,8081.15,24,555,23283.45,0,18,2.6104,0.0744,1
40,81101.03,10061.8,60,478,15067.03,0,19,2.2542,0.1241,0
31,80050.66,46177.3,24,556,9645.43,0,16,1.7343,0.5769,1
36,6277.85,23917.62,60,517,24695.52,0,23,47.9671,3.8098,1
51,64004.81,36664.83,48,566,13261.17,0,17,2.6295,0.5728,1
26,82267.21,5864.78,60,616,14468.79,1,2,2.1248,0.0713,1
39,22855.12,32886.3,36,583,24138.4,0,12,13.1534,1.4389,1
57,49279.5,46232.92,36,644,5169.63,2,4,1.5716,0.9382,1
24,26222.24,16398.25,60,374,31082.84,0,24,14.3494,0.6254,1
67,90808.34,29798.74,60,635,38634.66,0,21,5.1711,0.3281,1
24,27622.92,47130.52,48,662,19887.65,0,18,9.0662,1.7062,1
40,30463.45,36527.48,48,489,22614.43,0,18,9.2079,1.1991,1
30,37107.33,4991.62,60,771,15693.4,0,7,5.1019,0.1345,1
44,189027.19,20179.38,24,405,38290.37,0,19,2.4842,0.1068,1
55,89572.48,6117.09,48,369,5751.31,2,15,0.7876,0.0683,1
46,128999.31,43343.24,36,821,32634.11,0,4,3.1477,0.336,1
57,16516.71,31839.81,48,513,26191.82,1,3,19.5113,1.9277,1
58,22889.26,47906.32,48,816,31764.1,0,24,17.176,2.093,1
41,109441.76,2948.3,48,327,38043.15,1,15,4.1781,0.0269,1
60,17049.96,22308.19,48,614,20098.02,2,23,14.4724,1.3084,1
59,32760.85,7009.48,60,806,11889.05,0,13,4.3976,0.214,1
41,168249.76,18823.42,48,535,31290.71,0,12,2.2597,0.1119,1
30,27499.45,9770.57,24,391,33860.53,0,22,14.9535,0.3553,1
58,16438.83,17782.1,48,662,27607.08,0,19,20.423,1.0817,1
66,50437.22,41324.58,48,337,34035.56,1,24,8.3026,0.8193,1
24,16850.81,9713.57,36,790,29347.93,0,7,21.0917,0.5764,1
65,102986.18,24735.91,48,409,38320.18,1,23,4.5251,0.2402,1
40,28655.04,46235.99,36,443,23041.9,0,17,10.1872,1.6135,1
37,25408.95,49941.41,36,496,15528.7,0,4,7.989,1.9655,1
27,49892.67,14030.77,60,345,27380.56,0,5,6.6417,0.2812,1
24,38458.59,46907.27,36,448,3230.02,0,5,1.4144,1.2197,1
49,57034.38,14546.66,36,437,20186.43,0,24,4.3322,0.2551,1
34,67030.48,21849.37,24,789,31049.32,0,19,5.7215,0.326,1
23,43028.9,44140.33,24,701,7174.07,0,22,2.5136,1.0258,1
44,24419.34,39736.45,36,640,16316.08,0,24,8.5604,1.6273,1
57,75986.04,43159.4,60,601,14336.32,0,20,2.3776,0.568,1
36,32336.57,40412.32,24,417,13731.28,0,21,5.7205,1.2497,1
24,29101.55,13282.93,24,450,26199.75,0,16,11.0317,0.4564,1
44,53401.62,28822.17,60,466,20151.1,0,22,4.6361,0.5397,1
54,15410.47,20492.03,48,724,31993.95,0,15,25.2459,1.3297,1
50,61977.43,24066.13,24,736,2785.05,0,4,0.7334,0.3883,1
38,55130.44,9389.9,36,373,18429.41,0,19,4.0682,0.1703,1
39,96094.93,17156.84,36,661,1052.95,0,2,0.191,0.1785,0
51,36306.96,43167.06,36,395,9223.96,0,0,3.445,1.1889,1
39,108542.7,45082.8,60,591,31127.35,0,4,3.5244,0.4153,1
69,67358.59,31287.35,36,476,4689.01,1,2,0.9902,0.4645,1
66,48239.16,25916.83,48,326,4670.38,0,23,1.2961,0.5373,1
39,145803.86,36216.31,60,604,16356.82,0,15,1.3959,0.2484,1
42,51902.78,31224.96,24,504,31189.19,0,15,7.5118,0.6016,1
44,35917.49,49216.4,60,519,25701.9,0,3,8.861,1.3703,1
65,52801.98,11124.26,36,599,31379.33,0,2,7.2016,0.2107,1
32,35476.24,23554.15,60,557,2457.16,0,11,0.9639,0.6639,1
50,61340.04,46075.54,60,539,22767.17,1,16,4.6042,0.7511,1
58,108273.14,45907.38,60,528,18405.06,0,11,2.1246,0.424,1
51,48785.95,25776.65,60,773,35892.84,0,9,8.9343,0.5284,1
56,51745.04,8470.83,48,455,29624.9,1,1,6.9111,0.1637,1
39,79118.24,41117.98,60,517,17261.47,0,9,2.722,0.5197,1
68,99941.87,30087.93,36,764,22377.04,1,1,2.7872,0.3011,1
65,37362.35,39111.97,24,494,17280.92,3,16,6.0737,1.0468,1
56,54360.96,24201.13,48,569,17925.3,0,23,4.0682,0.4452,1
50,79328.87,11786.43,60,827,25546.25,0,4,3.8941,0.1486,1
69,59752.8,3151.49,24,655,9053.12,1,1,1.8445,0.0527,1
53,16038.48,28838.64,48,839,13660.76,0,23,10.6705,1.7981,1
38,88400.79,9730.22,36,775,11526.78,0,13,1.6014,0.1101,1
69,67085.87,10982.59,36,607,32131.69,1,9,5.8021,0.1637,1
48,70008.31,22942.67,24,708,37706.77,0,14,6.6271,0.3277,1
67,23973.63,23219.7,60,740,16864.87,0,4,8.6354,0.9686,1
31,53714.27,15170.58,24,820,3545.5,0,13,0.9333,0.2824,0
65,81308.61,8332.27,48,822,4195.26,0,20,0.6448,0.1025,0
53,28901.58,47357.73,24,784,16283.76,2,17,7.5803,1.6386,1
37,33781.66,8318.75,24,557,16101.89,0,23,5.8429,0.2463,1
26,82148.8,18837.08,60,469,6273.18,2,12,0.9622,0.2293,1
24,32851.03,16633.66,36,760,32381.37,0,12,11.9972,0.5063,1
40,43256.15,43584.22,60,410,20255.32,0,2,5.8207,1.0076,1
68,26350.14,21683.0,36,519,4807.86,0,3,2.4638,0.8229,0
67,146087.81,7954.09,60,304,4399.45,0,4,0.3723,0.0544,1
47,66995.03,2492.53,36,831,18115.6,0,9,3.2572,0.0372,0
35,42056.24,36653.58,60,594,5115.04,0,24,1.6338,0.8715,1
26,37593.07,36296.05,36,757,22667.25,0,1,7.5574,0.9655,1
67,23458.34,22053.62,36,812,15708.12,2,23,8.3488,0.9401,1
34,45887.13,8062.78,36,511,36827.14,0,20,9.6893,0.1757,1
31,73059.89,19838.42,36,418,17046.95,0,8,2.8905,0.2715,1
59,30155.17,30314.36,60,684,24769.99,2,8,10.0581,1.0053,1
29,52225.42,35789.26,48,559,32548.49,1,9,7.6501,0.6853,1
46,39323.24,5755.51,36,698,12463.61,1,11,3.8522,0.1464,1
36,112203.51,28702.76,36,474,20719.6,0,14,2.3012,0.2558,1
25,33455.81,15253.96,36,713,5277.13,0,2,2.0448,0.4559,0
30,78142.83,31628.78,36,433,17594.39,0,8,2.8368,0.4048,1
23,113143.65,33110.73,36,401,15344.94,0,6,1.725,0.2926,1
33,39093.9,45708.98,24,684,17413.47,0,24,5.9297,1.1692,1
63,34435.85,21698.16,24,754,4742.7,0,22,1.9678,0.6301,0
69,85273.7,27804.35,36,361,16236.83,0,15,2.3936,0.3261,1
50,16835.85,14874.33,36,306,34875.54,2,23,25.1526,0.8835,1
65,63472.17,15754.74,36,814,37513.68,0,3,7.175,0.2482,1
26,19049.71,4209.62,48,631,10048.23,0,13,6.3849,0.221,1
37,102073.35,15731.31,60,678,12369.8,1,4,1.485,0.1541,0
65,42139.56,5063.78,36,744,877.48,0,15,0.2899,0.1202,0
39,46422.2,48267.96,48,634,5065.45,0,21,1.5693,1.0398,0
62,31743.73,31964.64,48,767,14132.23,0,19,5.5941,1.007,1
55,18965.48,10311.13,36,587,27561.8,0,13,17.6204,0.5437,1
66,104769.32,7604.79,60,311,12042.07,0,12,1.3938,0.0726,1
46,44239.15,19765.89,24,403,3478.19,0,23,1.1669,0.4468,1
25,336132.65,16767.07,36,562,29369.28,1,13,1.0651,0.0499,1
49,30148.51,15404.23,36,734,18937.23,0,4,7.7079,0.5109,1
57,33255.77,24473.41,24,472,21008.29,2,18,7.9486,0.7359,1
40,28614.06,45817.94,60,620,13377.99,0,16,5.9306,1.6012,1
69,44103.91,29266.41,24,344,24715.25,0,0,7.0564,0.6636,1
41,126137.86,27019.11,36,845,35685.78,1,23,3.4663,0.2142,1
30,89866.67,40714.32,36,510,22373.46,0,18,3.1386,0.4531,1
25,19875.99,2193.18,48,716,23706.89,0,10,14.3405,0.1103,1
56,100959.23,11474.51,24,563,15255.72,0,9,1.8701,0.1137,1
26,73841.4,25816.92,48,600,3763.92,0,3,0.6991,0.3496,0
46,65436.32,35854.83,48,755,17427.39,0,22,3.3329,0.5479,1
24,32514.96,25281.35,48,525,37023.25,0,16,13.8582,0.7775,1
59,33997.89,9858.37,48,403,27368.49,0,21,9.7326,0.29,1
59,53222.7,46639.18,24,520,19863.68,0,16,4.9168,0.8763,1
55,35175.41,17775.93,24,633,25024.89,3,15,8.7899,0.5054,1
21,107751.1,39834.35,24,717,22562.2,0,18,2.6975,0.3697,1
44,34283.74,44787.84,36,600,36539.92,1,19,13.2252,1.3064,1
56,15244.0,18629.57,60,784,9341.99,0,13,7.5984,1.2221,1
26,22451.79,42574.97,48,756,35603.11,0,22,19.5032,1.8963,1
61,23323.62,36117.14,36,735,27694.6,0,15,14.765,1.5485,1
66,41856.03,45405.48,24,693,5545.98,0,1,2.1324,1.0848,1
64,55806.16,14062.91,24,342,15190.24,0,7,3.3924,0.252,1
51,50629.02,46701.33,36,509,17733.81,0,5,4.5107,0.9224,1
40,64637.2,5134.71,48,310,3775.88,0,9,0.7209,0.0794,1
44,42134.91,40096.22,24,515,22390.87,0,1,6.8527,0.9516,1
45,43038.74,22911.92,48,463,10744.88,1,18,3.129,0.5324,1
56,140240.77,10538.72,48,524,18596.05,1,3,1.61,0.0751,0
41,101034.22,5811.34,60,545,17831.33,0,5,2.1294,0.0575,0
50,62628.79,20698.28,24,315,21106.13,0,12,4.2093,0.3305,1
44,84965.65,20687.55,36,493,33925.19,3,0,4.8725,0.2435,1
64,15433.12,13037.95,60,308,31340.07,0,4,24.5374,0.8448,1
62,29925.82,12344.74,48,813,34983.56,0,23,14.1312,0.4125,1
50,37823.2,21176.69,36,592,23107.72,1,6,7.5179,0.5599,1
42,30137.95,21685.47,60,383,24824.3,0,13,10.0282,0.7195,1
48,19390.87,23233.51,60,508,17504.22,0,18,11.0721,1.1982,1
27,63090.55,43700.45,60,357,28830.15,0,10,5.6221,0.6927,1
55,112583.3,31340.22,48,811,8593.36,0,17,0.9855,0.2784,0
48,48645.48,2980.79,48,630,19269.75,0,17,4.7688,0.0613,1
34,72323.85,26916.76,24,760,28709.84,0,20,4.9496,0.3722,1
30,47785.6,38597.66,60,624,31226.22,0,23,8.0031,0.8077,1
36,37609.68,4707.89,36,509,10294.02,0,5,3.3262,0.1252,1
36,85094.52,22285.18,48,424,7671.17,2,5,1.1473,0.2619,1
51,20807.85,23658.09,60,761,11897.09,1,6,7.0885,1.137,1
62,16025.85,47792.98,36,589,36846.15,1,16,28.5841,2.9822,1
45,20632.44,24832.83,48,513,5600.26,0,18,3.5581,1.2036,1
33,81809.84,37995.21,36,731,38147.26,0,4,5.7503,0.4644,1
26,51654.19,16539.3,36,396,39795.1,0,6,9.3517,0.3202,1
64,61446.54,39406.72,24,548,31446.05,0,5,6.4618,0.6413,1
29,134074.89,17487.79,48,802,30536.69,0,16,2.7657,0.1304,0
65,24391.65,22641.13,48,824,38154.82,3,24,19.0031,0.9282,1
56,100962.28,25015.15,48,804,11976.15,0,18,1.4854,0.2478,0
63,38646.26,46465.42,48,390,5594.8,2,11,2.0378,1.2023,1
40,35276.89,4565.77,24,466,33012.46,0,6,11.2944,0.1294,1
38,51468.86,11449.62,24,550,7251.74,0,11,1.802,0.2225,0
63,56536.5,35875.65,60,746,2293.69,1,16,0.6138,0.6346,0
41,43203.41,29723.73,48,485,8260.23,0,14,2.4663,0.688,1
24,70699.13,14073.51,36,548,17797.31,0,15,3.0872,0.1991,1
53,51593.24,15881.64,24,639,20056.54,0,0,4.8188,0.3078,1
47,43494.99,19630.86,36,745,2968.82,0,10,0.9695,0.4513,0
27,38186.2,23616.65,36,437,18014.08,0,0,5.8671,0.6185,1
26,56557.2,41265.31,36,408,24370.15,0,12,5.4139,0.7296,1
35,21720.36,2663.14,60,716,37306.36,2,19,20.6354,0.1226,1
38,25727.65,45104.95,60,725,9479.12,0,16,4.7719,1.7532,1
52,39321.63,21825.3,48,343,8833.33,0,15,2.8345,0.555,1
31,67977.02,13063.88,24,641,15882.29,0,16,2.8998,0.1922,0
40,177319.78,26403.81,48,500,39354.35,1,24,2.7005,0.1489,1
44,44551.66,33664.16,60,677,13780.88,1,13,3.863,0.7556,1
35,16906.63,4148.11,60,403,2232.78,0,23,1.6339,0.2454,1
68,30511.27,36357.31,36,757,10991.79,1,4,4.7202,1.1916,1
27,72790.09,38516.54,48,714,22552.91,0,12,3.8503,0.5291,1
41,27387.19,9976.75,36,701,16795.48,0,17,7.4806,0.3643,1
62,22394.1,10058.31,60,689,31081.81,1,6,16.7452,0.4491,1
46,72562.34,11781.66,48,661,24487.23,1,16,4.0902,0.1624,1
64,64791.39,40238.18,48,733,22598.56,0,10,4.3407,0.621,1
34,20261.45,15056.15,24,682,13258.26,0,24,8.2239,0.7431,1
57,28652.73,40204.92,60,327,22297.92,1,16,9.6192,1.4032,1
41,103445.7,27945.15,60,406,24815.83,0,18,2.9327,0.2701,1
38,81773.34,38824.22,24,839,7578.59,1,5,1.3495,0.4748,1
25,23898.65,28576.31,60,485,29566.78,0,19,15.0852,1.1957,1
23,14863.54,18116.91,36,494,16020.85,0,17,13.3406,1.2189,1
43,57590.38,45714.28,36,445,29819.89,0,20,6.4781,0.7938,1
46,41042.33,36334.19,36,427,7519.57,0,9,2.4937,0.8853,1
57,54668.62,25234.63,48,405,26432.57,0,0,5.9175,0.4616,1
44,71739.53,32596.57,36,715,1561.89,0,0,0.4127,0.4544,0
69,27618.42,31560.48,60,651,6779.15,0,14,3.174,1.1427,1
39,37824.51,19189.58,24,682,35699.28,0,5,11.5794,0.5073,1
45,28582.93,22341.04,36,648,18728.14,0,24,8.1232,0.7816,1
41,29203.94,17276.33,36,780,20560.58,0,6,8.6456,0.5916,1
32,68792.88,49976.87,48,613,36349.32,0,9,6.5223,0.7265,1
61,53446.75,29843.09,60,822,19654.87,0,3,4.5246,0.5584,1
53,19191.73,6418.66,24,659,26356.25,0,13,16.647,0.3344,1
24,75740.04,26917.14,60,620,9267.23,2,7,1.5393,0.3554,1
62,39733.82,4398.17,36,683,3722.14,0,0,1.161,0.1107,1
27,77862.46,15855.3,60,316,14457.39,0,20,2.2689,0.2036,1
42,26666.33,23406.13,24,669,32047.84,0,1,14.8606,0.8777,1
53,28129.87,27644.98,36,365,18150.07,0,18,8.0703,0.9828,1
37,57012.59,48856.71,60,412,7141.94,1,9,1.6746,0.8569,1
44,25390.34,49146.64,24,715,22031.37,1,3,11.3803,1.9356,1
54,41567.39,6707.33,36,370,10921.69,0,16,3.2067,0.1614,1
48,23717.2,27830.37,36,360,37893.38,0,15,19.5637,1.1734,1
63,38761.32,41221.25,60,743,23307.8,0,4,7.4285,1.0635,1
61,48092.79,13410.22,48,613,39327.02,0,9,9.8825,0.2788,1
59,49471.64,38027.03,48,782,2201.38,0,21,0.7261,0.7687,0
42,39385.45,44173.71,24,543,956.6,0,10,0.8522,1.1216,1
69,59874.75,33799.4,60,816,19345.28,0,0,3.99,0.5645,1
37,53566.51,17729.76,24,669,34548.98,0,12,7.9052,0.331,1
54,46461.53,46310.35,60,616,21214.07,2,19,5.6785,0.9967,1
26,33674.28,44408.96,24,320,35109.37,0,1,13.1708,1.3188,1
66,93055.02,36359.62,24,530,5657.36,0,0,0.9249,0.3907,1
26,61807.03,19456.07,60,825,28123.43,0,13,5.5232,0.3148,1
54,26326.59,40011.03,48,768,26565.16,0,20,12.4887,1.5198,1
21,72354.31,17173.23,24,377,22026.07,2,11,3.7717,0.2373,1
30,82892.19,14141.74,60,829,16501.64,0,10,2.423,0.1706,0
41,46679.54,26720.64,60,589,26059.2,0,0,6.8136,0.5724,1
25,48579.05,49862.49,60,517,22228.65,0,13,5.6962,1.0264,1
22,14252.36,40607.45,36,399,11268.71,0,7,10.4376,2.8492,1
42,29552.85,37030.05,60,448,4632.31,0,17,2.1316,1.253,1
68,81325.64,23696.61,60,684,15772.62,0,4,2.3856,0.2914,1
22,30651.17,16973.6,36,454,20741.23,1,2,8.3048,0.5538,1
30,44537.86,43083.24,36,694,20586.36,2,21,5.8691,0.9673,1
54,29284.92,29251.17,48,675,17310.5,0,5,7.343,0.9988,1
36,56302.23,41036.24,60,401,13430.53,0,23,3.0083,0.7289,1
68,62084.12,25412.18,24,391,14344.52,0,20,2.9773,0.4093,1
59,63087.93,38189.96,36,710,11000.89,0,4,2.2943,0.6053,1
42,24745.12,43651.57,36,705,23406.38,0,20,11.9388,1.764,1
32,52261.81,20786.72,48,320,34070.55,0,24,7.9225,0.3977,1
44,126240.22,2651.34,48,707,35247.74,0,1,3.3558,0.021,1
67,76810.24,14236.48,48,318,39752.14,3,2,6.2568,0.1853,1
60,51844.22,45915.92,60,835,4008.32,1,3,1.1049,0.8857,0
58,15389.11,35002.03,60,837,8963.2,0,22,7.4441,2.2745,1
30,42208.89,37386.5,60,452,29343.18,0,0,8.5194,0.8857,1
55,131639.1,17613.85,36,600,25987.0,1,15,2.4135,0.1338,0
69,108138.07,35661.1,48,712,5787.7,0,18,0.7247,0.3298,0
52,64656.96,33021.54,36,501,25425.21,0,22,4.889,0.5107,1
27,31837.55,10561.94,24,438,16555.24,0,7,6.4058,0.3317,1
41,50582.83,48497.16,60,323,38295.95,0,1,9.2769,0.9588,1
40,77970.71,18993.23,36,311,34282.09,0,2,5.3573,0.2436,1
46,86191.21,17805.77,24,434,3393.07,0,13,0.5757,0.2066,1
24,59134.64,19719.75,36,380,4054.59,1,6,0.9339,0.3335,1
66,81881.13,6402.54,24,654,16973.74,0,12,2.5267,0.0782,1
42,47324.55,31998.25,36,369,830.66,0,6,0.436,0.6761,1
35,46085.61,13453.96,36,503,4228.28,0,15,1.1983,0.2919,1
60,37221.84,40559.01,60,578,37337.53,0,2,12.2552,1.0897,1
41,63241.89,20919.5,36,678,31801.06,0,4,6.1444,0.3308,1
35,89339.96,24010.81,36,593,27072.0,0,22,3.7259,0.2688,1
42,74986.72,33028.26,48,714,33294.37,1,2,5.4382,0.4405,1
48,23604.16,38569.81,36,727,10377.17,0,23,5.8203,1.634,1
34,24375.05,13093.53,60,455,29159.9,0,14,14.463,0.5372,1
47,95052.43,48382.13,36,576,24814.9,0,19,3.3025,0.509,1
61,54499.33,31871.43,60,564,34021.57,3,10,7.608,0.5848,1
60,55792.17,2270.65,48,348,11666.15,1,22,2.5194,0.0407,1
48,55042.93,21949.87,60,592,30666.77,1,17,6.7655,0.3988,1
46,140222.22,22967.26,48,320,34179.73,0,4,2.966,0.1638,1
69,37504.98,40839.92,48,743,22185.77,0,21,7.3707,1.0889,1
22,95796.41,16646.71,48,834,16844.52,0,12,2.1535,0.1738,1
45,56396.6,17898.87,48,771,37971.78,1,0,8.1589,0.3174,1
23,18763.94,5383.72,48,437,7174.3,0,13,4.6599,0.2869,1
28,29884.3,15610.21,60,529,1932.79,1,8,0.8806,0.5224,1
64,34056.69,36414.16,48,704,7576.04,0,8,2.9368,1.0692,1
53,94453.68,32468.33,48,656,27496.43,0,3,3.5793,0.3437,1
62,102373.04,5906.92,48,840,31663.36,0,20,3.726,0.0577,1
55,60615.89,7505.31,48,320,28814.69,2,24,5.7353,0.1238,1
26,35822.66,20092.45,48,826,17084.73,0,1,5.8633,0.5609,1
59,28379.19,37700.37,24,404,38719.16,0,15,17.0364,1.3285,1
43,97007.99,41980.08,36,635,18049.93,0,4,2.377,0.4327,1
45,22680.68,2701.95,36,723,39261.55,0,19,20.8124,0.1191,1
63,46058.42,17792.51,48,303,36765.6,3,17,9.6754,0.3863,1
39,202537.98,22364.57,48,768,16582.21,0,1,1.0101,0.1104,0
25,35886.9,45734.37,24,837,6859.84,0,13,2.931,1.2744,1
31,22856.28,26067.51,48,493,4048.58,0,14,2.4107,1.1405,1
32,16995.86,14945.64,24,659,21493.26,2,24,15.6151,0.8794,1
30,207399.6,20722.26,36,819,30646.71,0,9,1.8065,0.0999,0
28,60426.09,22948.85,60,372,7453.88,0,15,1.5562,0.3798,1
44,29101.78,34159.8,36,377,13069.33,3,7,5.7804,1.1738,1
48,43761.86,3972.21,60,367,25405.99,1,23,6.9848,0.0908,1
61,32932.87,20693.68,60,633,18704.3,1,23,6.9411,0.6284,1
56,16024.38,33034.62,60,384,24352.78,1,20,18.6491,2.0615,1
57,78658.46,15599.47,48,795,27216.52,0,13,4.2017,0.1983,0
41,50025.48,30404.05,24,378,15537.46,0,19,4.031,0.6078,1
28,74831.21,19149.39,60,605,31545.67,0,9,5.1099,0.2559,1
29,49213.85,38418.6,24,319,28263.17,0,12,7.2818,0.7806,1
67,53037.11,4908.69,36,455,27658.35,0,18,6.2887,0.0926,1
35,12824.42,46062.18,60,416,6404.6,0,1,6.7112,3.5918,1
68,84517.06,10237.4,36,749,19232.31,0,4,2.771,0.1211,1
66,25514.8,9610.26,24,327,23298.33,0,13,11.1459,0.3767,1
60,29754.92,42350.86,24,628,9442.26,0,23,4.5197,1.4233,1
38,35713.23,43725.58,36,663,30463.4,0,20,10.6441,1.2244,1
62,14253.96,6462.72,24,718,5282.69,1,22,4.674,0.4534,1
40,34560.48,45618.51,36,321,6419.37,1,20,2.6689,1.32,1
26,33146.4,15118.3,24,560,16826.11,0,24,6.3196,0.4561,1
32,39077.41,31693.84,48,359,5846.12,0,23,1.998,0.8111,1
22,17664.15,5292.49,36,712,959.94,0,7,0.752,0.2996,0
27,85530.24,20271.73,60,462,16750.38,0,0,2.3975,0.237,1
36,62245.03,23634.78,60,413,26117.81,0,4,5.1111,0.3797,1
23,29189.84,30791.68,60,653,20057.96,0,24,8.4568,1.0549,1
65,34581.43,27213.05,24,495,2561.1,0,10,1.2822,0.7869,1
23,81055.47,24151.66,36,344,9682.38,0,7,1.5328,0.298,1
47,42003.78,48062.73,24,478,21211.77,0,16,6.6321,1.1442,1
63,23287.65,10881.09,60,792,29654.66,0,24,15.3743,0.4672,1
60,46622.8,9583.72,48,624,31859.72,2,9,8.2516,0.2056,1
58,25521.95,36244.11,60,669,21015.05,3,13,10.165,1.4201,1
53,32057.17,5578.49,60,646,26022.03,1,0,9.7757,0.174,1
48,47554.21,25178.79,60,414,36184.99,0,4,9.2369,0.5295,1
21,92330.23,25234.55,48,656,3075.35,0,14,0.468,0.2733,0
28,165048.53,16881.22,48,466,4417.32,0,9,0.3467,0.1023,1
57,111031.52,46661.3,36,653,18585.47,0,14,2.1488,0.4203,0
52,46952.24,15562.08,48,414,24584.52,0,0,6.3661,0.3314,1
68,189929.81,15845.21,36,707,683.05,0,23,0.071,0.0834,0
63,68525.53,13246.4,48,622,18375.66,0,10,3.2662,0.1933,1
57,27233.06,8997.83,36,840,7324.06,1,17,3.3374,0.3304,1
24,51882.14,19472.53,60,341,25981.63,3,5,6.0844,0.3753,1
50,33052.42,34682.59,48,759,11075.56,0,1,4.2834,1.0493,1
26,23184.9,37623.82,24,418,36126.56,0,1,19.5097,1.6228,1
66,24232.88,41044.11,24,749,3021.97,0,16,2.3433,1.6937,1
39,44876.05,11482.11,36,740,32463.64,0,21,8.7662,0.2559,1
52,77074.18,3710.37,48,488,15996.94,2,4,2.5027,0.0481,1
29,93052.76,48784.92,48,584,34357.84,1,19,4.5618,0.5243,1
32,23229.29,2687.96,24,403,32697.34,0,13,16.949,0.1157,1
31,40865.64,48112.58,48,756,9952.06,0,11,3.2167,1.1773,1
66,65640.91,41783.09,48,610,2497.43,1,3,0.6157,0.6365,0
36,53697.15,45779.59,36,683,27973.1,3,8,6.5355,0.8526,1
21,74364.04,20584.91,60,464,8573.58,0,17,1.4389,0.2768,0
65,37766.73,11465.7,24,706,37255.03,0,9,11.9892,0.3036,1
41,105213.74,31110.26,60,775,3155.61,0,6,0.419,0.2957,0
50,48896.19,37580.06,48,357,13297.21,0,4,3.4555,0.7686,1
33,77237.05,8281.33,48,715,999.64,1,14,0.1821,0.1072,0
54,39008.54,40285.83,36,550,13022.27,0,12,4.3502,1.0327,1
24,50768.66,12012.48,60,519,21879.72,0,13,5.2189,0.2366,1
48,18814.53,25600.51,60,459,26367.07,0,24,17.0892,1.3607,1
58,29671.64,43111.16,36,486,29194.14,3,3,12.2912,1.4529,1
51,43283.28,11284.38,60,763,33421.28,0,5,9.318,0.2607,1
47,52054.0,13610.46,36,797,4875.97,1,14,1.2112,0.2615,0
25,244928.33,5013.02,36,629,30593.97,0,12,1.5057,0.0205,0
45,38982.18,9037.48,48,648,11495.57,0,12,3.5967,0.2318,1
23,21461.5,9033.24,48,799,5960.75,0,17,3.4381,0.4209,1
53,136147.05,11764.52,48,789,10993.38,1,16,0.9906,0.0864,0
24,93648.4,15737.62,36,579,34390.73,0,0,4.4628,0.1681,1
45,24491.78,41119.2,48,463,25281.97,0,3,12.8069,1.6789,1
40,64806.24,45956.67,24,697,24096.57,1,10,4.8165,0.7091,1
54,80912.52,21501.47,24,367,23593.16,1,24,3.6319,0.2657,1
46,54084.08,8154.03,48,727,16640.79,0,18,3.7299,0.1508,1
25,59604.91,12742.88,36,731,16971.68,0,12,3.4881,0.2138,1
55,33545.11,37337.89,24,674,6358.82,0,15,2.8313,1.1131,1
48,66321.78,34516.42,48,722,13638.21,0,18,2.5978,0.5204,1
49,36504.38,48425.95,24,377,20725.27,0,14,7.4763,1.3266,1
29,10024.26,2695.46,24,787,24437.7,2,11,29.3887,0.2689,1
58,55147.11,38036.42,24,469,3329.73,0,22,1.0694,0.6897,1
26,17933.58,26278.09,60,337,13685.5,2,7,9.4505,1.4653,1
39,90047.85,45329.26,24,589,13907.12,0,21,2.105,0.5034,1
64,24872.25,29656.0,48,470,20845.27,0,0,10.3552,1.1923,1
31,11250.83,23440.05,24,591,28546.36,0,21,31.4889,2.0834,1
22,16956.82,33960.83,48,721,25591.69,3,7,18.6114,2.0028,1
67,47815.92,42009.13,24,404,23049.97,0,4,6.224,0.8786,1
64,54825.17,15559.93,24,705,12011.04,0,23,2.7709,0.2838,1
64,21002.94,7161.3,60,758,33642.73,0,0,19.2899,0.341,1
29,25759.71,22784.87,24,547,31519.06,2,11,15.1252,0.8845,1
41,48784.05,12296.95,48,608,7752.71,1,3,1.97,0.2521,1
44,87845.66,22617.98,60,672,26377.7,0,14,3.6548,0.2575,1
54,23717.08,49570.31,60,405,36312.86,0,8,18.791,2.0901,1
42,61543.85,29557.86,24,614,17706.25,1,9,3.6926,0.4803,1
23,17271.03,35292.81,24,838,37028.39,2,20,26.7493,2.0435,1
32,59250.72,34540.56,36,371,1367.57,1,12,0.4713,0.583,1
48,77147.56,41393.64,24,677,20891.48,2,9,3.5179,0.5366,1
50,67139.24,47318.17,36,795,10622.67,0,9,2.1335,0.7048,1
46,89021.99,33623.27,48,484,10855.22,1,13,1.5577,0.3777,1
68,85531.96,24852.54,24,433,35163.11,2,18,5.0786,0.2906,1
41,148473.1,17255.89,24,473,12804.23,1,18,1.093,0.1162,1
48,52321.94,19293.17,36,692,1421.58,0,24,0.449,0.3687,0
46,148736.99,18055.07,36,363,21817.7,0,0,1.8007,0.1214,1
53,27820.84,17574.34,60,714,38849.09,0,21,16.8832,0.6317,1
41,43338.43,35342.0,60,702,3624.27,1,21,1.1666,0.8155,1
55,45752.33,30210.03,24,412,11808.85,0,23,3.4274,0.6603,1
54,26221.35,11695.76,48,364,19045.38,0,7,8.8275,0.446,1
61,11891.8,48542.05,60,700,33303.96,0,16,34.4234,4.082,1
67,82584.64,22530.82,60,589,11121.36,1,22,1.6706,0.2728,1
38,28058.29,29172.15,60,782,14075.57,0,9,6.2278,1.0397,1
31,38541.95,35724.85,36,719,15687.55,0,0,5.1933,0.9269,1
43,126848.81,31456.51,24,614,15495.55,0,7,1.5899,0.248,1
68,69095.93,16930.48,36,388,8413.64,1,4,1.5429,0.245,1
42,139264.03,40289.92,48,656,36668.8,0,1,3.232,0.2893,0
37,52697.25,7287.37,36,817,31819.96,1,18,7.292,0.1383,1
25,68411.46,29311.8,24,664,39037.89,0,24,7.0618,0.4285,1
64,42429.41,15119.23,36,566,15154.25,2,1,4.4047,0.3563,1
31,29459.81,31556.59,48,705,2289.16,2,19,1.2002,1.0712,1
50,68259.76,12463.69,24,438,5062.29,1,22,0.9812,0.1826,1
35,37739.38,39065.58,24,464,14620.6,0,23,5.1665,1.0351,1
47,72165.2,12921.74,24,405,36487.03,0,10,6.1568,0.1791,1
55,34812.04,44738.82,24,448,39252.85,0,2,14.1734,1.2852,1
53,44124.48,43354.64,48,484,32968.89,0,8,9.2118,0.9826,1
40,46296.91,19394.89,24,709,9917.81,0,7,2.7801,0.4189,1
36,93543.24,20519.37,48,500,26558.13,0,5,3.4618,0.2194,1
54,38001.88,35672.17,48,519,24065.99,0,13,7.8341,0.9387,1
22,99926.89,6337.93,36,769,33018.47,0,7,3.9863,0.0634,1
55,28483.75,5884.13,36,733,20635.1,0,14,8.7623,0.2066,1
60,57636.69,8543.56,24,328,13066.13,0,23,2.7945,0.1482,1
48,32449.48,28998.82,60,363,1261.47,0,2,0.6452,0.8937,1
67,95745.36,9152.11,60,395,31903.53,0,22,4.0177,0.0956,1
59,29995.48,15325.63,24,839,21444.81,0,7,8.8347,0.5109,1
26,31887.21,33051.75,48,809,21600.4,0,21,8.3879,1.0365,1
29,23068.39,2749.94,36,639,38303.96,0,15,19.9652,0.1192,1
40,52147.13,10651.36,24,550,19705.98,0,5,4.6368,0.2043,1
21,69886.6,46636.67,24,578,12974.15,0,6,2.5614,0.6673,1
28,65504.72,33851.73,48,338,13923.6,1,12,2.6799,0.5168,1
43,44956.8,16666.45,36,368,964.0,1,19,0.3809,0.3707,1
23,32980.62,4174.56,60,576,5332.87,0,8,1.9657,0.1266,1
24,41472.76,30130.34,60,419,2230.45,0,18,0.7907,0.7265,1
45,42433.03,12697.58,24,385,10108.78,0,6,3.0084,0.2992,1
67,57043.32,48088.42,24,476,3053.77,0,15,1.0639,0.843,1
58,54737.9,34974.13,24,391,13579.09,0,24,3.2964,0.6389,1
35,139222.89,48757.95,24,719,5482.12,0,23,0.6476,0.3502,1
41,50200.57,42747.15,24,380,36757.8,0,6,9.2124,0.8515,1
55,60869.08,25185.32,60,640,37566.16,0,14,7.4887,0.4138,1
66,51168.2,34139.03,24,720,24336.53,1,4,6.041,0.6672,1
34,40294.08,40981.15,36,527,32316.77,0,1,9.9633,1.0171,1
56,60623.91,29752.57,48,772,27249.85,0,1,5.5166,0.4908,1
32,38086.06,4951.4,60,387,32538.8,3,19,10.2782,0.13,1
37,47338.05,24581.42,48,649,25772.38,1,4,6.663,0.5193,1
59,98278.55,8267.52,48,489,17492.65,0,11,2.1569,0.0841,1
29,36635.92,36312.65,24,435,35013.3,0,3,11.9641,0.9912,1
55,61846.23,34670.19,48,624,17803.62,0,17,3.5946,0.5606,1
33,11061.11,49659.59,36,339,16150.39,0,19,19.0178,4.4896,1
35,43861.56,32182.87,24,586,25163.13,2,10,7.2512,0.7337,1
38,36487.64,40406.62,60,555,37548.31,0,20,12.5703,1.1074,1
53,52688.7,14877.82,36,719,17967.01,1,19,4.1862,0.2824,1
26,42542.46,18321.16,60,838,23210.32,1,5,6.6331,0.4307,1
47,53365.02,46017.16,24,590,19947.14,0,12,4.9166,0.8623,1
43,39057.89,38249.23,24,615,36434.45,0,22,11.6836,0.9793,1
47,61808.79,33452.92,60,431,27231.43,0,4,5.3952,0.5412,1
54,17522.04,14193.33,48,838,17073.78,1,24,11.8955,0.81,1
66,52409.72,35531.74,60,602,24472.65,0,3,5.739,0.678,1
58,27938.26,44564.65,36,581,6664.34,2,9,3.3942,1.5951,1
34,98786.86,13078.29,48,791,14006.78,3,1,1.7346,0.1324,1
56,27669.1,35893.95,24,579,29579.16,0,7,13.477,1.2973,1
28,89065.95,20897.31,36,799,22714.57,0,19,3.1386,0.2346,1
55,48682.77,7700.84,36,498,12913.78,0,19,3.2359,0.1582,1
39,16362.42,38646.11,24,674,14810.77,0,2,12.043,2.3619,1
50,28976.48,10022.57,48,599,32486.42,0,8,13.54,0.3459,1
34,81526.27,14139.02,24,598,21864.88,0,19,3.305,0.1734,1
40,78795.04,39581.22,36,621,9930.86,0,1,1.6799,0.5023,1
69,22480.19,37622.37,36,409,12224.11,0,16,7.0831,1.6736,1
45,125205.72,14200.79,36,770,18981.4,0,0,1.857,0.1134,1
60,48303.61,47166.3,24,711,30632.08,3,23,8.0981,0.9765,1
44,83358.63,12333.69,60,812,39898.9,0,16,5.7733,0.148,1
34,23692.06,49693.87,36,779,7837.54,0,4,4.6689,2.0975,1
46,37288.14,37419.19,36,439,30319.7,0,12,10.0919,1.0035,1
58,62915.17,20840.37,48,803,24880.17,0,7,4.8283,0.3312,1
43,40623.5,8256.76,60,359,21482.12,0,6,6.3864,0.2033,1
42,8497.48,17384.48,48,482,38675.05,2,22,55.1277,2.0458,1
68,43718.67,11299.45,36,718,13248.77,0,13,3.7227,0.2585,1
39,15080.85,31848.3,60,526,7490.64,0,7,6.3828,2.1118,1
66,25785.94,19129.05,48,690,35165.09,0,10,16.5502,0.7418,1
23,21126.41,16160.35,24,443,3213.21,2,2,2.2076,0.7649,1
62,96715.92,38342.39,48,326,32776.23,1,4,4.1658,0.3964,1
39,116752.67,13068.77,60,807,23774.82,1,17,2.466,0.1119,1
29,60170.55,30170.69,48,426,6978.15,2,4,1.517,0.5014,1
48,42700.2,11340.61,60,755,9480.81,0,12,2.7175,0.2656,1
40,49861.44,36310.33,60,580,6655.7,0,4,1.7475,0.7282,0
65,96675.27,32005.83,48,694,28874.37,0,1,3.6669,0.3311,1
27,14912.32,40311.37,48,618,6318.79,3,12,5.7606,2.7032,1
34,25717.81,5287.86,24,740,27414.15,0,5,12.8943,0.2056,1
29,89538.63,12085.06,48,640,5561.94,1,16,0.7792,0.135,0
39,101454.18,9414.1,60,418,32189.53,0,7,3.8259,0.0928,1
67,69830.96,11146.94,36,667,36819.89,0,16,6.3805,0.1596,1
34,26186.97,6944.68,48,684,22592.83,0,18,10.4193,0.2652,1
58,88763.37,28979.93,48,809,38664.27,2,14,5.3087,0.3265,1
56,110952.74,30484.71,60,457,15920.02,2,0,1.7768,0.2748,1
60,75429.23,42487.51,36,385,10161.8,0,17,1.8044,0.5633,1
37,10977.4,22051.43,24,660,7503.22,0,6,9.2066,2.0088,1
50,52825.9,27554.47,36,384,19419.05,0,6,4.5851,0.5216,1
29,69643.46,49582.59,60,658,5664.5,0,15,1.1184,0.7119,1
53,35976.8,27528.56,60,432,35093.73,0,10,11.8585,0.7652,1
45,54830.73,29531.65,60,686,31498.24,0,4,7.0013,0.5386,1
34,36023.42,49804.04,60,546,22703.68,0,20,7.8395,1.3825,1
31,29232.72,49718.21,36,440,28997.79,0,13,12.4705,1.7008,1
55,121340.33,22353.46,36,746,2474.62,2,22,0.3061,0.1842,0
61,55772.78,32477.45,36,375,8538.95,0,9,2.0313,0.5823,1
34,25245.73,25078.52,48,397,25037.87,3,4,12.1495,0.9934,1
50,21462.02,36594.34,60,602,19360.05,0,23,11.1657,1.7051,1
61,29243.45,47042.55,48,765,24382.61,0,18,10.4075,1.6087,1
24,29338.5,16863.65,48,354,4014.28,0,17,1.7856,0.5748,1
24,53525.75,41306.01,48,604,26270.69,1,3,6.0826,0.7717,1
48,65600.2,33432.75,24,833,32242.84,0,22,6.1529,0.5096,1
28,65558.1,15448.87,48,334,22077.87,1,8,4.1001,0.2357,1
22,31254.94,40270.38,60,839,14617.58,0,18,5.87,1.2884,1
61,85167.78,22502.38,48,788,7398.59,0,10,1.1085,0.2642,0
66,102406.61,7779.06,60,439,10981.52,1,2,1.302,0.076,1
42,41941.12,49683.99,24,399,21140.05,0,10,6.6408,1.1846,1
61,26390.45,22431.02,36,672,10592.95,0,6,5.1,0.85,1
36,52060.9,27994.52,60,322,31228.85,0,16,7.3058,0.5377,1
49,179162.01,40782.16,48,583,5703.77,0,22,0.4389,0.2276,0
69,25978.42,48122.05,60,412,20898.76,0,17,10.0241,1.8524,1
68,35749.87,43898.62,48,672,20090.66,0,14,7.0507,1.2279,1
50,50739.52,27202.55,36,496,5986.24,0,16,1.5945,0.5361,1
32,67846.18,28193.41,60,463,39802.01,0,24,7.1229,0.4155,1
55,14893.08,15482.57,48,730,33013.85,2,16,26.8606,1.0396,1
31,107315.96,24214.54,60,309,15768.03,0,23,1.8083,0.2256,1
66,106444.09,47448.27,36,697,27553.81,0,9,3.2549,0.4458,1
41,37991.73,36893.17,36,451,28804.96,0,14,9.422,0.9711,1
41,248692.13,2570.1,36,490,26220.37,0,22,1.2686,0.0103,0
25,102398.08,7592.33,60,576,17583.12,0,15,2.0754,0.0741,1
68,99177.85,46342.94,60,792,35461.9,1,14,4.3842,0.4673,1
40,99960.65,42738.53,48,542,30976.28,0,8,3.8255,0.4276,1
57,98245.98,25335.89,36,787,21909.79,0,20,2.7621,0.2579,1
23,48380.61,31614.96,48,575,601.23,0,18,0.3125,0.6535,0
64,45589.1,15903.01,60,489,9323.28,0,0,2.5238,0.3488,1
53,27829.67,40055.88,24,606,20598.62,0,1,9.6017,1.4393,1
29,34668.16,30959.24,36,595,36007.7,0,5,12.7613,0.893,1
29,40678.76,35351.63,48,533,25330.53,0,23,7.6896,0.869,1
24,50984.45,19995.67,36,640,17005.56,0,8,4.1333,0.3922,1
55,127896.63,22661.02,48,492,2392.52,0,23,0.2688,0.1772,0
37,13884.15,11968.74,48,663,24092.57,0,17,21.0386,0.862,1
54,109859.83,47506.52,24,557,14354.71,0,0,1.7842,0.4324,1
44,26712.17,47434.74,60,810,21726.37,1,9,10.1154,1.7758,1
52,46041.02,41252.06,36,530,30774.45,0,3,8.3196,0.896,1
21,31740.9,46906.65,60,313,32247.74,0,13,12.4872,1.4778,1
28,149128.88,33935.75,48,313,34638.99,0,20,2.8442,0.2276,1
65,36316.42,13263.29,60,509,25623.84,0,5,8.5399,0.3652,1
43,67028.2,38490.11,24,339,36271.91,0,19,6.7808,0.5742,1
67,69144.93,17613.26,60,333,27779.81,0,4,4.8721,0.2547,1
60,24440.48,23143.12,48,533,31464.61,0,14,15.6855,0.9469,1
32,46255.6,15168.81,48,589,27576.55,0,23,7.2361,0.3279,1
32,100971.72,22333.85,24,732,34938.62,0,9,4.2629,0.2212,1
66,29029.25,34607.23,36,617,9304.15,0,2,4.2435,1.1922,1
67,80610.11,7309.31,24,707,30515.54,3,16,4.588,0.0907,1
35,40189.14,7049.93,36,379,5127.68,2,8,1.5895,0.1754,1
61,98537.49,34820.96,48,475,4133.76,0,8,0.5918,0.3534,1
39,139874.12,39419.9,60,584,19919.09,1,14,1.7653,0.2818,1
46,14695.49,28470.4,48,617,12359.37,0,17,10.5767,1.9374,1
49,21963.1,10718.77,24,709,22752.65,0,2,12.6754,0.488,1
42,37680.36,22676.33,24,441,27270.49,0,7,8.9857,0.6018,1
60,118096.18,38392.43,60,546,9449.23,0,2,1.0252,0.3251,1
41,67472.79,34915.19,24,476,28147.08,0,18,5.2647,0.5175,1
58,23228.82,7273.54,48,643,39820.63,0,21,20.6496,0.3131,1
40,73670.09,48519.06,60,563,30518.21,0,12,5.1028,0.6586,1
49,28332.34,12721.47,36,467,7364.57,1,21,3.2689,0.449,1
24,82645.79,12578.7,24,324,25530.97,1,15,3.7831,0.1522,1
27,67736.4,24073.15,36,826,874.65,2,6,0.2734,0.3554,0
48,28258.03,17707.67,60,827,19053.87,1,19,8.2167,0.6266,1
48,47118.8,49231.33,24,609,21565.6,2,4,6.0146,1.0448,1
24,102212.6,5671.51,60,327,38908.91,0,18,4.5791,0.0555,1
42,15752.87,16709.08,24,669,29619.61,0,1,23.0936,1.0607,1
32,58727.61,20370.66,24,683,28385.43,0,2,5.9735,0.3469,1
65,25231.8,25686.03,24,593,21529.98,0,2,10.7485,1.018,1
23,48546.99,2787.51,60,778,20770.45,3,1,5.1456,0.0574,1
42,64515.28,5953.38,60,336,39687.27,0,15,7.4004,0.0923,1
64,164045.87,14374.86,48,846,1340.09,0,16,0.1199,0.0876,0
22,48253.39,28592.1,48,671,12476.63,1,15,3.2509,0.5925,1
44,118103.35,38853.04,60,401,5784.46,0,15,0.6535,0.329,1
54,29605.08,34951.78,60,654,12941.39,0,18,5.4817,1.1806,1
47,36424.17,29217.2,24,764,18812.98,0,16,6.599,0.8021,1
61,69719.49,21067.18,48,779,14006.33,0,23,2.4863,0.3022,0
21,55329.23,43793.34,48,515,38526.85,0,4,8.5537,0.7915,1
28,40253.36,24069.08,60,626,27383.23,2,11,8.2829,0.5979,1
43,39604.23,16364.13,48,546,29257.77,0,21,8.9683,0.4132,1
58,109095.26,32208.09,60,387,29820.54,0,11,3.3392,0.2952,1
26,41230.55,35221.52,48,633,36019.47,1,6,10.6969,0.8543,1
42,26568.73,21126.57,36,499,30836.74,0,6,14.1927,0.7952,1
45,29350.79,3350.88,36,682,1140.09,0,3,0.5042,0.1142,0
38,73272.5,6518.31,48,727,10825.13,0,5,1.7951,0.089,0
37,189835.55,42588.75,60,634,39569.62,0,15,2.5462,0.2243,1
32,35796.68,4714.3,36,749,26258.92,0,7,8.8466,0.1317,1
26,177935.31,30416.94,24,515,3190.65,0,5,0.3007,0.1709,0
46,48702.98,10818.05,60,554,18932.21,0,22,4.7092,0.2221,1
47,41444.59,12988.46,36,828,39242.96,0,18,11.467,0.3134,1
28,28391.18,15120.03,24,804,39717.11,2,24,17.0534,0.5326,1
39,43529.39,3837.99,36,737,17581.65,2,9,4.8762,0.0882,1
62,31142.09,10507.29,36,769,35775.59,1,15,13.8979,0.3374,1
21,29678.3,33224.0,24,305,23883.7,0,1,10.2168,1.1195,1
49,18192.59,25938.42,24,518,20622.46,2,13,14.3156,1.4258,1
65,141445.54,40271.8,48,812,16771.73,0,10,1.4941,0.2847,1
69,92839.88,4939.62,36,812,35739.14,0,23,4.6372,0.0532,1
55,57696.99,44667.12,24,488,25034.5,0,23,5.5938,0.7742,1
60,44962.78,49827.13,48,546,13685.01,1,1,3.9294,1.1082,1
34,48856.95,2755.52,24,727,19931.33,0,24,4.9236,0.0564,1
55,30756.44,48446.72,48,849,18041.13,1,2,7.4328,1.5752,1
68,24827.05,13321.41,48,662,18320.59,0,21,8.9893,0.5366,1
65,75391.4,35242.07,24,695,12808.59,0,10,2.2725,0.4675,0
40,41884.3,16039.21,24,435,25501.81,0,3,7.4978,0.3829,1
69,59601.82,27047.02,36,733,2563.38,0,13,0.6674,0.4538,0
33,18079.55,26500.09,36,617,35503.45,0,4,24.0534,1.4657,1
58,40568.32,19333.06,48,834,16908.18,1,2,5.1205,0.4766,1
69,24538.14,36442.24,24,800,32134.07,0,7,16.4572,1.4851,1
66,65541.15,30782.55,36,648,29314.93,0,9,5.5239,0.4697,1
69,89069.01,26397.3,48,358,19138.14,0,11,2.6525,0.2964,1
28,117691.21,49176.29,36,439,8349.07,1,7,0.9906,0.4178,1
63,33611.12,47120.45,48,503,22707.36,0,22,8.4576,1.4019,1
40,24915.88,47860.92,36,457,37948.85,0,6,18.9173,1.9209,1
53,38133.32,44303.55,24,629,7838.01,0,1,3.0474,1.1618,1
46,32222.24,14247.46,60,495,10612.49,0,11,4.0407,0.4422,1
59,63496.5,18798.85,60,730,39723.72,1,21,7.5665,0.2961,1
41,21127.5,13090.62,48,818,35756.55,0,19,20.4639,0.6196,1
69,17109.05,49336.49,60,771,22207.22,0,10,16.1525,2.8836,1
62,39820.26,9327.77,60,757,27942.28,0,8,8.4674,0.2342,1
63,75803.8,19592.56,48,344,18000.96,0,4,2.9142,0.2585,1
61,26463.61,11554.13,60,337,16461.66,0,5,7.5519,0.4366,1
29,81590.49,12725.78,36,640,18005.91,0,6,2.7002,0.156,1
44,61034.99,13860.22,36,601,16869.45,0,13,3.3924,0.2271,1
57,124005.02,32704.19,36,492,27184.42,0,17,2.7186,0.2637,0
69,30292.25,5650.37,24,431,13553.04,0,14,5.4622,0.1865,1
61,18696.97,29481.43,36,767,7245.67,0,0,5.176,1.5768,1
37,70201.51,41325.74,60,469,28409.42,2,15,4.9739,0.5887,1
44,57984.14,38793.14,60,564,1736.25,0,14,0.4931,0.669,1
41,55353.7,9256.24,36,498,28890.76,0,21,6.3189,0.1672,1
59,26142.13,45907.12,24,582,10898.13,2,8,5.8806,1.7561,1
61,78048.86,38964.34,36,704,8014.99,0,6,1.3987,0.4992,1
59,33521.57,2254.52,24,846,15468.79,2,11,5.5711,0.0673,1
33,55339.17,37393.93,24,779,5141.25,0,8,1.4527,0.6757,0
31,37207.26,37396.24,36,503,15687.34,1,11,5.3945,1.0051,1
66,60635.08,25847.17,24,770,4541.71,0,10,1.112,0.4263,1
39,23930.8,4207.16,60,648,19597.8,0,2,9.8624,0.1758,1
31,66158.39,29835.49,36,342,7458.71,1,12,1.5032,0.451,1
33,72733.22,38755.84,60,781,5634.87,0,4,1.0362,0.5328,0
66,52553.5,15001.95,24,676,23374.83,0,21,5.4801,0.2855,1
65,131444.24,34019.27,48,377,25197.18,2,21,2.365,0.2588,1
21,55508.76,18988.46,36,335,717.94,0,20,0.2692,0.3421,0
60,85071.92,29545.03,48,682,15813.26,0,17,2.3174,0.3473,1
64,51815.78,20459.16,48,473,3579.27,0,10,0.9276,0.3948,1
39,80631.07,16580.55,48,629,29676.46,0,2,4.468,0.2056,1
32,19536.06,43083.89,48,354,27420.16,0,21,17.3941,2.2054,1
28,49999.43,38184.24,60,578,2464.3,0,8,0.7442,0.7637,1
28,24930.29,18581.56,36,758,37679.4,1,7,18.3851,0.7453,1
65,53330.11,22862.32,60,824,38418.43,0,23,8.7304,0.4287,1
32,61729.4,35201.76,24,754,13719.53,0,7,2.9522,0.5703,1
68,79578.45,40931.78,36,791,5659.2,0,12,1.0248,0.5144,0
53,65771.77,34848.38,36,373,5016.56,0,10,1.0919,0.5298,1
65,40050.17,27964.72,60,754,33708.46,0,5,10.2395,0.6982,1
46,31189.68,47810.52,24,454,18636.93,2,12,7.9369,1.5329,1
59,12021.91,39158.89,48,818,875.58,0,10,1.6883,3.2573,1
48,51088.34,7548.41,24,674,37051.41,0,13,8.7768,0.1478,1
25,97024.33,28790.68,60,605,23913.12,0,13,3.0169,0.2967,1
28,52314.88,21658.72,60,642,27770.68,0,18,6.4528,0.414,1
45,46590.36,40156.91,60,343,33030.38,0,4,8.6798,0.8619,1
47,53414.33,4143.83,48,847,32833.86,1,14,7.3958,0.0776,1
66,38846.54,21714.73,36,740,3494.29,0,12,1.2657,0.559,1
43,55104.17,17277.26,24,396,23172.7,0,23,5.2031,0.3135,1
50,38446.46,8776.93,24,464,28001.66,2,15,8.8541,0.2283,1
65,28585.97,20182.6,48,402,3882.01,3,18,1.8061,0.706,1
67,46855.37,34294.41,60,735,9284.84,0,16,2.5243,0.7319,1
43,46246.37,19360.54,24,680,16134.67,0,15,4.3959,0.4186,1
69,151010.11,29840.32,36,746,35517.74,0,13,2.8883,0.1976,0
67,30229.88,30454.97,24,306,34100.02,0,16,14.04,1.0074,1
40,44548.55,30181.33,60,393,31393.07,0,6,8.5918,0.6775,1
38,42024.2,27417.53,24,743,39615.93,0,5,11.6385,0.6524,1
38,37473.54,7615.44,60,778,10084.94,1,4,3.2701,0.2032,1
22,66693.52,12485.88,36,793,18978.68,0,23,3.4772,0.1872,1
24,187733.34,40403.22,48,336,18145.56,0,23,1.2137,0.2152,1
50,40437.13,26113.54,60,832,27318.03,0,0,8.236,0.6458,1
53,66805.23,35891.66,60,397,34081.05,1,15,6.2293,0.5373,1
56,15561.84,29355.64,24,320,19921.47,1,22,16.305,1.8864,1
38,38711.12,3857.13,48,531,19915.51,1,13,6.1985,0.0996,1
57,124634.99,40218.26,60,767,24528.55,0,1,2.4262,0.3227,1
39,47430.07,5087.56,24,653,29827.74,0,3,7.6002,0.1073,1
67,66264.13,47272.35,36,371,8451.38,0,0,1.7683,0.7134,1
48,33736.96,12338.09,48,651,38493.45,0,1,13.7833,0.3657,1
60,57212.88,26595.49,24,351,4136.11,0,8,1.0999,0.4649,1
40,130570.13,5052.23,48,521,1412.45,1,0,0.1395,0.0387,1
69,24439.36,44956.75,60,624,14672.26,0,22,7.5721,1.8395,1
53,182029.77,49037.13,24,759,28206.68,2,19,1.9942,0.2694,0
32,19388.46,9022.04,36,466,39133.96,0,22,24.3761,0.4653,1
35,36632.79,16197.75,36,582,37344.04,0,15,12.3804,0.4422,1
61,29686.56,2761.97,24,800,27695.25,0,13,11.2416,0.093,1
59,41627.8,39774.34,24,666,17743.56,0,22,5.5927,0.9555,1
22,29456.16,16950.29,48,335,24034.17,1,12,9.935,0.5754,1
49,28146.22,30264.2,24,827,38761.96,0,18,17.0636,1.0752,1
61,24051.49,3882.49,48,554,10987.29,0,14,5.5222,0.1614,1
30,72144.92,36342.09,60,499,19392.09,1,17,3.3263,0.5037,1
22,42498.55,27411.39,24,330,27869.62,0,2,8.1918,0.645,1
31,36326.17,36799.05,60,785,906.81,0,14,0.5022,1.013,1
33,58067.08,39899.09,36,558,15559.83,0,14,3.4446,0.6871,1
30,19994.62,6283.66,48,552,22932.53,0,4,13.8418,0.3143,1
34,58913.38,29748.42,48,793,36086.27,0,12,7.4766,0.505,1
38,46338.96,33197.31,36,533,39683.91,0,23,10.5154,0.7164,1
29,47201.33,26802.5,60,406,22474.81,3,24,5.8273,0.5678,1
59,66936.52,10755.65,48,635,37810.92,0,19,6.8187,0.1607,1
48,131414.85,40188.67,36,352,4420.99,0,15,0.5056,0.3058,0
23,59503.17,49878.0,36,341,28200.2,0,21,5.9665,0.8382,1
40,43480.82,48524.97,36,559,16321.9,1,19,4.8766,1.116,1
26,24110.76,39321.42,24,668,30163.45,1,14,15.8279,1.6309,1
47,11678.55,22069.17,60,509,34775.08,0,13,36.1102,1.8897,1
22,52930.26,18190.42,36,765,2622.11,1,8,0.709,0.3437,0
49,23022.33,5290.2,60,341,37451.2,0,20,19.5668,0.2298,1
58,10676.94,21981.74,48,652,3192.17,1,17,4.1024,2.0588,1
23,39714.74,9490.33,24,558,30259.24,2,16,9.2625,0.239,1
36,56595.74,14208.07,36,636,3228.26,0,4,0.7682,0.251,0
50,76617.61,44810.57,36,694,34536.45,0,14,5.6041,0.5849,1
60,92665.4,48489.23,36,404,8596.77,1,23,1.2877,0.5233,1
22,82903.06,47530.83,48,423,17645.78,3,10,2.6975,0.5733,1
37,84250.1,11281.07,24,398,37338.53,0,21,5.3852,0.1339,1
61,20315.88,45242.92,60,305,31786.66,0,11,19.2209,2.227,1
32,44812.51,8792.25,60,566,31538.12,1,6,8.4846,0.1962,1
55,69417.99,26367.69,60,342,30651.54,1,24,5.3746,0.3798,1
63,50403.95,32895.84,60,568,22992.69,2,19,5.6045,0.6526,1
21,44663.43,24198.41,60,494,38081.49,0,20,10.3399,0.5418,1
65,49854.0,47688.2,60,623,33349.61,2,8,8.2187,0.9566,1
35,56801.64,17994.21,60,364,17891.38,0,2,3.8431,0.3168,1
46,46810.54,27314.13,24,500,29830.96,0,16,7.939,0.5835,1
57,29502.56,5621.6,24,541,39925.25,0,23,16.3346,0.1905,1
41,17646.73,42906.78,48,306,34904.52,1,8,24.3434,2.4314,1
69,43372.62,21841.44,36,518,548.31,0,10,0.3196,0.5036,0
51,50741.01,35625.54,24,302,29646.5,0,13,7.3623,0.7021,1
45,50410.15,34747.79,36,763,35966.33,0,9,8.7915,0.6893,1
43,86833.92,34460.62,48,604,13446.23,0,3,1.9574,0.3969,1
44,96602.87,26333.04,24,613,39110.93,1,15,4.9947,0.2726,1
58,46054.76,15320.9,48,777,16351.32,1,15,4.3437,0.3327,1
48,46252.98,32004.54,24,710,17136.49,1,11,4.7919,0.6919,1
41,69139.2,48165.99,24,797,6854.45,1,5,1.538,0.6967,1
63,63318.26,42029.56,60,833,4315.49,0,6,0.9506,0.6638,0
38,37588.94,7220.88,36,656,21695.53,0,22,6.9902,0.1921,1
56,72795.42,3113.0,48,370,24309.63,0,7,4.018,0.0428,1
55,44899.2,25950.63,60,312,14992.41,0,5,4.1225,0.578,1
65,45475.71,39239.81,24,705,24461.07,0,6,6.8862,0.8629,1
29,63587.25,17067.32,24,816,16089.5,0,8,3.1706,0.2684,1
58,40916.96,35659.44,48,321,34793.31,1,15,10.4219,0.8715,1
50,51885.96,46732.22,36,608,38176.01,0,21,9.1294,0.9007,1
64,58602.15,24031.26,48,594,23944.86,1,12,5.0057,0.4101,1
54,80042.03,13719.66,24,848,33769.84,0,14,5.1485,0.1714,1
52,76794.2,46052.38,60,330,34222.79,1,17,5.4677,0.5997,1
23,57539.48,24668.67,48,361,28693.63,0,3,6.0913,0.4287,1
23,10246.98,21576.29,60,520,8084.07,0,4,9.8882,2.1056,1
48,56727.28,18961.36,36,658,6620.05,0,7,1.5118,0.3343,1
64,62238.66,22304.81,36,682,36819.63,0,3,7.2185,0.3584,1
35,70302.13,34335.58,60,817,10969.92,2,16,1.9702,0.4884,1
61,27622.47,22818.54,36,636,10230.07,1,16,4.7196,0.8261,1
43,13721.98,17562.75,60,461,7062.09,0,1,6.4318,1.2799,1
60,79515.08,37694.61,60,457,21334.43,2,23,3.3145,0.4741,1
31,23512.42,11742.63,60,312,27241.4,1,15,14.003,0.4994,1
68,102058.53,11692.82,36,485,27208.38,0,18,3.2373,0.1146,1
52,34641.54,35428.91,60,608,10811.58,0,21,3.9497,1.0227,1
56,26468.12,43601.91,36,447,4244.02,0,6,2.4732,1.6473,1
53,60462.17,13578.12,60,354,12753.28,0,10,2.5761,0.2246,1
44,70948.22,11174.0,60,809,20385.67,1,0,3.4795,0.1575,1
59,68456.02,34174.68,36,344,24691.38,0,20,4.4947,0.4992,1
54,66235.13,31798.52,60,385,11188.71,1,17,2.1231,0.4801,1
48,32058.76,23468.11,60,591,7734.76,0,6,3.0416,0.732,1
57,19611.16,6601.31,36,563,33742.24,1,12,20.759,0.3366,1
27,38801.0,6405.7,24,567,34388.07,0,2,10.7178,0.1651,1
24,24651.06,39312.41,48,524,11558.27,0,8,6.0252,1.5948,1
57,63546.63,23684.92,36,515,22624.46,2,16,4.3966,0.3727,1
21,82830.26,43182.42,60,530,17873.15,0,1,2.6936,0.5213,1
21,54372.73,29587.22,48,476,6107.7,0,14,1.484,0.5442,1
67,48993.02,31699.43,48,816,37653.16,0,8,9.3842,0.647,1
40,40690.11,46841.33,60,812,886.43,0,6,0.4917,1.1512,0
39,88274.77,9901.56,60,403,7909.27,1,18,1.0976,0.1122,1
49,16345.68,28065.16,24,400,14149.81,0,10,11.2464,1.717,1
30,23773.09,4790.65,60,604,34330.22,1,23,17.3693,0.2015,1
38,146684.6,19228.4,48,650,31651.82,0,20,2.6221,0.1311,1
48,23086.99,9108.73,60,750,23405.42,0,17,12.2444,0.3945,1
55,67414.95,11016.13,48,568,27953.33,0,16,5.0166,0.1634,1
63,76272.98,46870.15,36,671,13966.01,1,21,2.4021,0.6145,1
67,15432.78,31312.76,36,337,37651.39,1,3,29.9527,2.029,1
51,17316.61,44823.59,48,362,1558.1,0,1,1.7268,2.5885,1
47,104697.3,23288.97,36,804,4486.68,0,16,0.5884,0.2224,0
31,27343.49,30686.88,24,564,37059.38,0,22,16.8251,1.1223,1
69,27795.27,3540.54,48,834,37829.54,0,19,16.3639,0.1274,1
69,35863.46,24536.11,48,378,19877.55,0,0,6.8221,0.6842,1
58,27383.91,29074.72,60,484,23270.2,2,12,10.4097,1.0617,1
25,67222.32,2805.33,24,794,36150.25,0,9,6.4741,0.0417,1
28,24119.54,39895.48,60,669,34210.66,0,16,17.3514,1.6541,1
54,15071.24,16180.3,24,630,34547.1,0,22,28.0438,1.0736,1
68,98106.99,23719.38,24,739,15185.53,0,20,1.9783,0.2418,0
32,24841.07,27710.25,24,537,33306.64,1,16,16.6472,1.1155,1
58,31219.21,49625.46,48,591,3237.77,0,10,1.6419,1.5896,1
21,80653.28,6760.84,36,725,19735.1,0,8,2.9642,0.0838,1
51,51131.0,28653.42,36,594,9877.57,0,2,2.505,0.5604,1
24,95549.98,27468.52,60,799,1914.01,1,9,0.2979,0.2875,0
69,81396.31,5307.67,60,336,24879.83,1,16,3.681,0.0652,1
65,37344.53,32429.04,36,825,3509.11,0,15,1.417,0.8684,1
25,90504.24,15769.01,36,696,5246.29,1,15,0.7537,0.1742,0
50,54212.34,6980.86,24,695,3728.93,0,14,0.8898,0.1288,0
44,34233.75,10574.81,60,321,39014.38,0,12,13.7375,0.3089,1
23,58351.54,41532.96,60,639,2049.93,0,1,0.5639,0.7118,0
31,22344.21,6997.99,60,794,11155.38,0,5,6.0537,0.3132,1
65,80846.58,24412.51,60,702,26253.94,0,2,3.9572,0.302,1
24,74792.38,11373.11,36,502,33023.64,0,23,5.3491,0.1521,1
46,52691.8,9791.35,36,645,24524.04,0,0,5.647,0.1858,1
47,15506.84,11874.16,48,314,39071.82,0,16,30.4273,0.7657,1
66,97992.17,25653.58,48,329,13839.47,1,23,1.7602,0.2618,1
63,63720.12,13413.84,36,328,19144.22,1,0,3.6755,0.2105,1
47,48350.17,6643.18,24,459,32941.41,0,10,8.2444,0.1374,1
62,43984.83,40467.24,36,571,27427.05,0,3,7.7894,0.92,1
26,35524.17,27911.43,24,719,8955.65,0,10,3.4181,0.7857,1
35,39867.53,9528.98,60,788,20197.38,0,12,6.1271,0.239,1
50,77771.48,24628.63,48,475,39050.39,0,21,6.1046,0.3167,1
62,35952.88,5281.4,24,530,34589.42,0,16,11.6184,0.1469,1
57,41581.84,29860.63,60,617,8076.23,0,19,2.4743,0.7181,0
57,45408.02,18334.63,36,766,7601.54,0,20,2.1435,0.4038,1
62,46160.59,6969.37,48,739,33221.58,0,12,8.6741,0.151,1
57,33837.09,10814.9,36,355,8356.33,1,16,3.07,0.3196,1
55,44261.94,18593.73,60,630,18385.18,1,1,5.0685,0.4201,1
43,60233.77,40707.56,60,572,7639.97,1,1,1.6572,0.6758,1
26,28484.55,10340.27,36,320,1079.18,0,21,0.5756,0.363,0
24,44385.03,7263.88,60,464,35078.44,0,17,9.5166,0.1637,1
38,156152.84,26765.07,60,791,31270.68,0,5,2.4374,0.1714,1
29,47198.31,28817.45,24,717,19088.24,0,24,5.1584,0.6106,1
69,28050.06,6331.58,36,566,6803.37,0,1,2.9858,0.2257,1
49,26148.65,15655.26,36,637,32353.5,2,22,15.0471,0.5987,1
33,22945.63,14612.67,48,487,14695.01,0,10,7.8443,0.6368,1
67,130127.49,10938.64,24,774,26646.99,0,16,2.4993,0.0841,1
37,89752.7,17150.63,24,507,13009.43,3,8,1.8349,0.1911,1
65,22611.75,3781.21,60,373,17575.34,0,19,9.3606,0.1672,1
52,55727.21,33274.39,48,693,21651.14,2,4,4.8115,0.5971,1
68,102221.94,49447.38,48,789,30599.64,0,19,3.7131,0.4837,1
42,47844.87,32434.24,24,325,33366.71,0,14,8.7077,0.6779,1
24,36498.69,19331.67,48,836,18020.1,0,24,6.057,0.5297,1
25,188064.41,34059.69,24,814,9705.09,0,16,0.7098,0.1811,0
57,15627.59,29432.76,48,556,6569.15,1,9,5.5151,1.8834,1
61,237886.38,42644.38,24,579,13959.54,0,5,0.7938,0.1793,1
69,50817.68,31849.98,24,332,32170.45,0,12,7.9101,0.6268,1
33,106325.25,32435.67,60,593,11322.28,2,20,1.3389,0.3051,1
54,23852.21,12639.88,60,607,2377.04,1,15,1.3019,0.5299,1
65,31718.31,21950.11,48,590,22788.91,0,23,8.7947,0.692,1
42,25643.0,18531.97,60,603,1827.74,0,1,0.9999,0.7227,1
43,46137.5,2548.41,36,342,35454.54,0,19,9.2399,0.0552,1
23,58961.25,17037.48,36,779,27283.39,0,4,5.6491,0.289,1
62,92974.56,25330.98,48,382,10645.39,1,23,1.4421,0.2725,1
54,17555.57,30792.73,24,503,19029.11,2,16,13.8842,1.754,1
52,53859.3,46859.31,60,437,29699.06,0,6,6.791,0.87,1
65,83863.46,13477.46,48,382,36669.51,3,23,5.2872,0.1607,1
69,93836.72,9316.59,36,450,35040.92,0,16,4.5142,0.0993,1
41,37634.95,43733.39,24,618,3246.5,0,4,1.6162,1.162,0
66,37916.98,47208.68,60,546,3705.08,0,5,1.4216,1.2451,1
64,46387.5,25421.8,24,336,24110.09,1,9,6.5111,0.548,1
41,54810.2,7530.39,24,567,20111.59,1,4,4.4719,0.1374,1
64,107104.33,25298.64,60,414,12071.01,0,13,1.3997,0.2362,1
31,23716.89,7253.28,60,380,39058.84,1,24,19.8237,0.3058,1
59,30584.47,44392.91,36,826,29977.55,1,19,12.2457,1.4515,1
24,22051.88,35991.21,36,635,27649.04,0,13,15.5899,1.6321,1
21,63364.08,13574.58,24,383,7662.52,0,1,1.5583,0.2142,1
48,94922.96,44561.15,24,453,11715.27,0,8,1.7157,0.4694,1
44,20898.23,32619.28,36,552,24398.24,0,17,14.53,1.5609,1
55,51700.46,47756.64,36,801,31926.06,0,17,7.7181,0.9237,1
33,90889.7,49063.03,24,747,37276.88,0,21,5.1915,0.5398,1
67,78490.12,2157.53,48,572,28060.21,1,8,4.2969,0.0275,1
54,77936.71,7770.28,48,806,17036.16,0,4,2.648,0.0997,1
31,24006.38,28252.27,48,431,27797.58,3,17,14.1893,1.1769,1
56,77781.64,47880.94,60,624,3232.43,0,11,0.6218,0.6156,1
37,43846.26,49723.21,36,650,24203.27,0,5,7.002,1.134,1
55,93162.18,29235.58,48,382,35837.68,0,16,4.6946,0.3138,1
38,64183.4,10342.47,48,425,25659.39,0,13,4.8377,0.1611,1
60,30052.45,9826.4,36,513,797.84,0,9,0.4276,0.327,0
42,57947.18,38665.17,60,761,27933.51,0,18,5.9181,0.6672,1
44,80106.29,30413.01,48,404,29194.54,0,2,4.4683,0.3797,1
39,36177.1,28341.15,60,670,21878.55,2,9,7.4138,0.7834,1
57,52959.42,24356.72,60,362,32735.49,0,13,7.5095,0.4599,1
59,21983.21,36806.46,24,768,8490.51,0,14,5.4719,1.6743,1
41,68146.78,43186.6,36,325,16654.67,0,15,3.144,0.6337,1
28,47393.57,16541.99,24,300,32399.65,1,5,8.3781,0.349,1
48,84834.01,12604.05,48,393,24345.75,0,13,3.4809,0.1486,1
25,67004.84,34169.56,24,751,39777.43,0,3,7.3788,0.51,1
37,38395.52,45907.16,36,311,3235.94,0,12,1.4099,1.1956,1
57,29500.98,18711.56,60,597,10150.29,2,7,4.2556,0.6343,1
56,25697.78,15077.51,60,719,8365.45,0,22,4.0237,0.5867,1
39,36154.14,12853.5,48,466,39067.49,0,8,13.0559,0.3555,1
47,83471.29,14215.56,36,553,34835.87,0,20,5.0648,0.1703,1
54,17089.84,8476.8,60,593,5758.38,0,10,4.1426,0.496,1
31,26332.66,30645.35,48,443,14475.25,0,4,6.8874,1.1638,1
65,82075.9,15479.65,36,508,2577.59,0,4,0.4397,0.1886,0
67,108811.4,31517.33,36,525,25486.41,0,24,2.9073,0.2897,1
32,27176.42,5985.55,24,757,13582.19,0,17,6.1075,0.2202,1
41,26158.11,7541.93,60,583,10673.79,0,15,4.9543,0.2883,1
31,114039.04,27734.81,36,785,21163.13,0,22,2.308,0.2432,1
59,45517.1,26553.49,60,410,31924.29,0,18,8.5331,0.5834,1
48,28660.48,15032.48,60,649,16454.75,1,23,6.9944,0.5245,1
25,91745.23,41702.28,36,632,30419.23,0,8,4.1303,0.4545,1
37,66309.5,10978.26,60,379,18122.22,0,10,3.3127,0.1656,1
40,76266.76,19311.73,24,685,8973.62,0,10,1.5385,0.2532,0
61,29570.61,28664.56,48,703,18125.13,2,13,7.5977,0.9694,1
66,61383.43,43626.13,48,627,21753.15,0,9,4.4303,0.7107,1
32,103546.05,22090.45,36,593,18732.39,0,8,2.242,0.2133,1
26,72003.98,21132.85,24,793,11335.81,0,4,2.0359,0.2935,0
37,85128.91,29817.8,48,483,7811.54,0,10,1.1887,0.3503,1
39,113764.47,17201.38,24,511,37904.61,0,8,4.0738,0.1512,1
46,63360.87,36040.32,36,550,12250.71,2,12,2.5098,0.5688,1
68,34923.93,13937.41,24,466,28362.1,1,18,9.9449,0.3991,1
64,82972.68,41513.41,36,842,13957.43,0,7,2.1854,0.5003,1
64,25249.88,15072.96,48,461,38800.9,0,22,18.5894,0.597,1
52,42899.19,49649.66,48,572,39537.01,0,3,11.3489,1.1574,1
26,69762.2,17190.2,48,835,33091.31,0,11,5.7537,0.2464,1
56,7112.24,44183.65,48,718,23468.2,0,24,41.1494,6.2123,1
58,57038.29,21073.09,60,706,21911.66,0,6,4.6838,0.3695,1
31,58675.39,13810.63,24,691,13493.98,0,23,2.8774,0.2354,1
53,24796.04,12855.84,24,737,5320.13,0,7,2.8339,0.5185,1
44,59606.29,42809.18,24,386,3622.91,0,18,1.0885,0.7182,0
43,54938.47,16820.14,36,704,18885.18,1,22,4.2271,0.3062,1
35,50030.25,18251.02,48,574,39162.15,0,7,9.4844,0.3648,1
47,100073.51,11455.67,48,714,10251.68,0,18,1.2579,0.1145,0
31,83062.25,48143.59,60,626,16732.62,0,24,2.5333,0.5796,1
37,71968.93,13747.71,60,411,25836.07,0,3,4.3461,0.191,1
34,26515.03,13877.29,48,601,14367.02,0,9,6.633,0.5234,1
47,48513.39,47307.1,24,435,643.38,0,14,0.6467,0.9751,1
38,99773.79,45243.15,24,632,16150.58,1,22,2.1692,0.4535,1
48,43096.75,13947.72,48,302,32283.34,2,7,9.07,0.3236,1
67,124561.79,43506.83,36,461,37786.42,0,14,3.7567,0.3493,1
67,73241.39,13991.51,24,811,11366.09,1,15,1.9578,0.191,0
24,136726.29,6054.28,48,376,36905.0,0,23,3.2501,0.0443,1
27,25837.98,41377.34,48,484,34752.37,0,20,16.5405,1.6014,1
65,44676.61,39034.79,60,779,16565.59,0,6,4.6242,0.8737,1
55,47283.72,16144.02,60,462,684.77,1,7,0.2421,0.3414,1
68,70523.69,6326.67,48,320,33872.6,2,12,5.786,0.0897,1
29,31471.62,11909.07,36,597,11827.51,0,12,4.6359,0.3784,1
28,18684.24,39010.72,48,598,30357.52,1,1,20.0192,2.0879,1
65,61507.76,48307.9,24,581,23074.82,0,19,4.8945,0.7854,1
37,39344.68,14432.1,36,771,9255.75,1,14,2.9452,0.3668,1
37,36959.64,41276.42,36,709,26104.36,0,5,8.8478,1.1168,1
69,32348.23,12940.77,60,691,30711.19,1,24,11.4727,0.4,1
53,52803.53,34620.82,48,464,19240.58,0,17,4.5365,0.6557,1
52,25690.73,6013.45,60,381,30042.46,0,6,14.0795,0.2341,1
28,43629.23,30094.19,24,463,16496.39,0,1,4.8821,0.6898,1
39,29815.16,14921.11,60,403,39219.94,0,1,15.8853,0.5005,1
58,34012.85,46440.61,24,429,9972.44,0,0,4.201,1.3654,1
23,60614.3,15908.04,48,419,31225.26,0,24,6.2474,0.2624,1
25,72464.05,21125.15,48,558,30109.28,1,21,5.059,0.2915,1
33,40795.91,42352.6,60,403,21412.99,0,13,6.5062,1.0382,1
67,87614.19,23037.18,60,663,14338.36,2,1,2.0164,0.2629,1
66,27347.27,13443.79,60,845,18107.52,0,9,8.0439,0.4916,1
51,19693.83,28282.13,24,668,25364.75,0,3,16.1735,1.4361,1
36,21986.96,42319.58,36,625,21448.81,0,3,12.3479,1.9248,1
52,25713.1,22792.53,36,484,30580.84,0,22,14.5672,0.8864,1
42,22298.26,8378.65,60,693,14746.93,0,6,8.0113,0.3758,1
49,164833.7,20388.17,60,643,4736.18,2,19,0.3695,0.1237,0
42,19338.78,47814.81,48,829,20471.01,1,4,13.3207,2.4725,1
63,86030.52,5457.04,60,716,10730.96,0,11,1.5095,0.0634,0
23,48287.24,21605.37,48,530,24857.2,0,11,6.2892,0.4474,1
30,56092.66,33105.38,24,434,21052.76,0,24,4.7989,0.5902,1
62,28468.75,5768.85,24,344,31260.57,1,5,13.2781,0.2026,1
41,59591.7,18557.72,24,791,23221.48,0,17,4.8318,0.3114,1
36,28329.21,47147.76,24,721,17515.0,0,1,8.2513,1.6643,1
32,85276.97,3470.51,60,444,5234.31,3,18,0.7447,0.0407,1
22,89617.7,38083.61,60,616,5245.58,1,15,0.7874,0.425,0
61,45210.42,42386.0,48,592,25793.86,0,22,7.0807,0.9375,1
44,47022.5,15298.91,60,835,35289.76,0,1,9.0709,0.3254,1
55,63553.31,12306.29,48,765,16884.11,0,16,3.2364,0.1936,0
50,61633.8,45911.4,24,348,21466.17,2,19,4.5519,0.7449,1
50,90625.22,38672.08,48,758,23852.89,0,6,3.2651,0.4267,1
67,89099.37,7442.27,48,724,19353.26,0,20,2.6274,0.0835,1
55,48179.82,12185.47,60,367,2852.76,0,6,0.7611,0.2529,0
39,36815.17,31825.05,24,808,23771.0,0,22,8.1804,0.8645,1
28,79775.51,22132.01,36,509,5915.55,0,11,0.9823,0.2774,0
46,44632.99,26200.37,60,599,22454.26,0,22,6.1544,0.587,1
69,52483.09,47674.04,60,423,31127.4,2,10,7.2988,0.9084,1
60,67385.81,22171.3,36,591,715.2,1,16,0.237,0.329,0
27,88021.31,44320.74,24,720,17503.81,0,10,2.6381,0.5035,1
50,57325.96,33715.75,36,349,29954.77,0,7,6.4665,0.5881,1
27,34464.37,7837.73,48,482,21377.18,2,5,7.5001,0.2274,1
23,144091.85,37736.34,36,546,9794.62,0,5,0.903,0.2619,1
21,122786.84,26970.04,24,387,28053.91,0,14,2.8515,0.2196,1
56,26614.14,12804.67,24,849,31447.16,0,19,14.4197,0.4811,1
45,28365.73,15898.37,36,371,14819.75,2,11,6.4563,0.5605,1
57,30588.88,28751.96,60,590,12247.33,1,8,4.9926,0.9399,1
21,81562.96,30881.72,36,803,22032.96,0,12,3.3678,0.3786,1
35,147426.63,48472.47,48,612,14934.21,0,14,1.2978,0.3288,1
57,36179.07,43026.57,36,587,33519.51,2,14,11.5143,1.1893,1
33,54261.0,11880.29,36,807,31272.48,0,12,6.989,0.2189,1
60,31208.21,39151.62,36,370,12819.57,0,8,5.3475,1.2545,1
28,135959.95,2398.01,48,460,18550.65,0,10,1.6417,0.0176,1
25,80410.26,8230.81,36,426,35634.77,0,21,5.3521,0.1024,1
29,29888.19,11585.62,60,755,6321.38,0,10,2.6155,0.3876,1
21,13885.43,30665.57,48,828,30292.17,2,8,26.7311,2.2085,1
56,91359.01,11344.88,60,603,13013.75,0,16,1.7342,0.1242,0
55,34769.96,19533.1,48,789,5219.34,0,22,1.9418,0.5618,0
22,81278.7,13653.43,24,538,5120.67,1,24,0.84,0.168,0
60,58466.79,18196.0,24,475,11413.35,1,20,2.4981,0.3112,1
43,16308.18,47237.67,48,509,22149.14,0,5,17.0221,2.8966,1
29,30210.17,49874.06,48,658,36361.65,0,21,14.8562,1.6509,1
54,39636.8,34914.66,48,488,12468.3,0,4,3.995,0.8809,1
66,32680.24,29470.78,24,808,8369.5,0,24,3.5241,0.9018,1
34,52559.49,36005.5,48,332,19406.87,0,20,4.6021,0.685,1
24,62369.33,39039.31,24,800,6686.84,0,2,1.5995,0.6259,1
50,143431.95,37472.61,24,611,11231.79,0,5,1.0703,0.2613,1
51,65077.11,5930.84,48,839,39471.93,0,21,7.3013,0.0911,1
58,119929.65,16894.08,48,450,22543.0,0,16,2.2908,0.1409,1
31,36824.18,18484.71,48,818,31464.44,0,10,10.3789,0.502,1
55,98629.73,19724.21,24,410,8866.5,2,3,1.1788,0.2,1
28,38998.6,18527.06,36,431,21042.7,0,11,6.6333,0.4751,1
23,28276.6,39780.43,48,819,20665.9,0,9,9.1219,1.4068,1
34,27568.63,37885.02,36,604,32600.38,0,16,14.6483,1.3742,1
33,10044.97,2220.81,36,328,1352.07,0,5,1.6889,0.2211,1
65,81834.12,16226.31,36,650,34488.95,1,17,5.1235,0.1983,1
52,22604.02,31935.86,60,817,3644.0,3,20,2.2171,1.4128,1
54,114106.46,7772.75,36,791,36705.56,0,18,3.8828,0.0681,1
65,44155.28,5417.52,36,707,6142.16,0,21,1.7101,0.1227,0
39,19284.97,41763.11,24,807,21523.42,2,24,14.4757,2.1656,1
58,25068.36,23728.85,60,404,4425.94,1,14,2.308,0.9466,1
36,54961.1,43072.99,24,619,18164.06,1,11,4.3577,0.7837,1
22,15867.46,41530.53,24,345,12321.51,0,18,10.627,2.6173,1
60,69840.34,44881.79,36,540,17093.76,0,24,3.1513,0.6426,1
37,19736.02,4317.18,24,569,22028.82,0,4,13.5035,0.2187,1
54,31464.47,10934.24,48,336,18647.83,0,17,7.1988,0.3475,1
62,55228.38,16214.87,36,504,1414.93,0,11,0.4053,0.2936,1
36,64897.63,8539.06,48,785,34606.4,2,14,6.4318,0.1316,1
58,79112.95,25302.55,36,409,4250.7,0,9,0.7514,0.3198,1
22,22383.34,40350.89,36,785,39234.78,0,24,21.6352,1.8027,1
22,40738.48,47656.73,36,617,34127.08,2,18,10.4425,1.1698,1
46,94447.53,44699.56,60,375,22674.32,0,8,2.9755,0.4733,1
33,40744.36,23952.16,36,797,10185.13,1,5,3.1957,0.5879,1
67,58487.29,32551.57,48,778,3906.72,0,13,0.9407,0.5566,1
51,54039.12,13073.41,36,688,27037.49,0,0,6.0846,0.2419,1
54,107016.93,21344.43,36,663,8459.62,0,0,1.0151,0.1994,0
59,37065.97,43816.76,24,608,29462.2,0,10,10.1294,1.1821,1
23,21290.81,3401.48,36,362,33384.08,0,2,18.8693,0.1598,1
28,27426.83,27572.45,36,566,39564.12,0,20,17.6455,1.0053,1
43,54902.07,43894.32,36,332,20416.51,0,21,4.729,0.7995,1
34,19115.9,7856.47,36,339,38999.54,0,4,24.619,0.411,1
47,35360.53,49162.22,36,559,6398.13,0,7,2.6347,1.3903,1
49,51289.94,2594.79,36,566,33531.76,0,21,7.8621,0.0506,1
59,30947.41,44533.76,60,524,14712.18,0,17,5.9925,1.439,1
59,59641.8,18976.28,48,682,14910.08,0,4,3.0795,0.3182,1
21,75708.6,8369.15,60,797,11111.58,0,11,1.7833,0.1105,1
37,64404.91,9553.19,48,304,7349.72,0,22,1.4065,0.1483,1
61,19370.32,35656.58,60,745,17967.54,0,17,11.4991,1.8408,1
50,51405.96,43794.54,36,587,39497.83,0,20,9.5042,0.8519,1
33,53877.35,32771.18,60,357,13531.33,2,11,3.1355,0.6083,1
41,39004.88,46578.8,48,371,18712.73,0,20,6.0556,1.1942,1
39,59159.15,42438.98,24,840,9525.92,0,7,2.2909,0.7174,1
39,57898.96,2433.53,24,381,13816.25,0,8,2.8845,0.042,0
45,46419.5,34132.62,36,576,2678.08,0,14,0.9374,0.7353,0
42,26834.32,16622.47,36,821,38263.37,0,2,17.3174,0.6194,1
51,48244.03,23816.0,48,435,20637.19,1,14,5.2566,0.4937,1
37,150265.43,6513.48,24,413,29451.57,0,3,2.3736,0.0433,1
43,38739.53,15540.76,36,456,20774.94,0,15,6.569,0.4012,1
52,91893.29,32368.93,60,695,30922.78,0,24,4.1085,0.3522,1
30,50177.11,12482.34,60,528,21596.57,0,24,5.2146,0.2488,1
30,30319.99,33081.76,24,554,28211.01,0,18,11.7109,1.0911,1
56,41029.31,46305.54,48,478,27549.64,0,17,8.3397,1.1286,1
28,48527.1,2237.13,36,528,21575.74,0,15,5.3507,0.0461,1
40,72629.53,39716.99,36,666,9608.19,1,11,1.7698,0.5468,1
52,204439.48,32783.31,36,330,8867.99,1,11,0.574,0.1604,1
34,50655.28,4238.37,24,407,35035.05,0,22,8.3415,0.0837,1
48,23423.25,39928.02,60,581,5267.12,1,3,3.0393,1.7046,1
66,18165.03,12777.01,48,689,22590.05,3,14,15.0991,0.7034,1
44,38060.39,14759.39,24,840,20350.13,0,18,6.6101,0.3878,1
35,24913.06,6488.75,24,828,32036.8,3,17,15.5616,0.2605,1
42,68510.6,27650.23,36,703,5848.01,0,10,1.1588,0.4036,0
50,68813.38,25914.74,60,469,27648.28,2,23,4.8968,0.3766,1
24,44909.95,18664.38,48,474,24431.12,1,22,6.6319,0.4156,1
33,72724.37,10100.18,48,373,28197.26,0,14,4.6875,0.1389,1
43,50963.02,42221.77,36,753,25038.41,0,15,6.1718,0.8285,1
28,150323.4,44066.16,48,808,22720.62,0,10,1.887,0.2931,0
38,71373.0,27947.82,60,539,37087.6,0,10,6.3139,0.3916,1
32,83899.11,13722.82,36,395,14271.97,0,20,2.0958,0.1636,1
51,20560.43,6613.28,36,813,7795.16,0,12,4.6568,0.3217,1
34,24276.37,43690.12,60,501,31918.54,0,6,16.1375,1.7997,1
54,65336.3,6610.53,48,336,5622.81,0,14,1.058,0.1012,1
38,19350.35,2632.64,60,390,27349.04,0,16,16.9875,0.1361,1
54,33702.07,24531.08,48,532,22207.63,0,24,8.0892,0.7279,1
31,99473.6,37101.01,48,552,550.69,0,23,0.1597,0.373,0
61,33272.5,23961.78,48,670,9974.56,1,12,3.7774,0.7202,1
32,23722.05,4467.71,60,743,20088.2,0,3,10.1995,0.1883,1
69,73168.92,35121.4,60,740,13523.74,0,0,2.3139,0.48,1
35,170096.18,32831.97,24,363,17362.23,0,11,1.3214,0.193,1
51,30176.32,34713.43,60,304,24250.17,0,3,9.8735,1.1504,1
69,102172.26,12137.72,36,371,29367.61,0,0,3.4888,0.1188,1
49,28003.79,40193.52,36,696,6472.69,0,5,3.2521,1.4353,1
46,45821.99,25000.07,36,629,11675.04,0,23,3.2394,0.5456,1
38,47029.02,27744.93,36,847,25641.37,1,10,6.7393,0.59,1
52,30662.97,28199.84,24,446,23743.41,0,20,9.7519,0.9197,1
42,82887.3,15766.71,60,714,29605.5,0,24,4.3242,0.1902,1
58,19460.99,14006.44,60,648,25800.14,0,17,16.0528,0.7197,1
37,55106.81,2228.77,48,664,13540.95,0,17,2.9588,0.0404,1
43,93386.19,21037.3,60,715,20219.82,0,19,2.6433,0.2253,1
44,78849.64,25284.94,48,806,35447.3,1,5,5.4748,0.3207,1
28,65823.29,37654.58,48,822,7850.55,1,13,1.5742,0.5721,1
61,126903.17,5198.09,36,549,15381.42,0,5,1.4681,0.041,1
26,42968.8,46351.49,24,548,33748.29,1,21,9.9643,1.0787,1
25,19636.87,14670.01,24,650,14885.67,1,14,9.4701,0.7471,1
64,53163.33,19602.59,60,568,16782.89,1,21,3.862,0.3687,1
49,45457.93,4321.4,48,747,13109.3,1,0,3.4844,0.0951,1
48,13773.58,33350.55,36,382,36031.26,1,16,32.1987,2.4213,1
31,24957.74,36028.29,48,840,26701.98,1,11,13.1995,1.4436,1
21,23119.33,46581.98,36,706,8746.77,0,2,5.2116,2.0148,1
63,30069.91,18167.79,48,638,30110.55,0,1,12.1673,0.6042,1
39,39707.5,14353.7,60,379,2021.37,0,22,0.6832,0.3615,1
29,40630.55,36852.15,60,394,16158.14,1,5,4.9536,0.907,1
47,30721.47,35926.44,48,558,36435.91,1,4,14.5244,1.1694,1
54,23101.13,46981.95,24,421,27746.53,0,7,15.4299,2.0338,1
64,61480.24,11855.29,36,423,31827.28,0,1,6.2765,0.1928,1
24,52572.22,35854.05,24,834,37286.95,0,11,8.852,0.682,1
56,53530.29,5209.69,24,588,31094.79,0,6,7.0192,0.0973,1
38,142544.1,25057.67,48,761,3999.07,0,13,0.3806,0.1758,0
35,54053.22,7730.76,36,391,9610.37,0,9,2.1812,0.143,1
33,39340.32,33351.01,36,323,20249.77,0,19,6.4594,0.8478,1
39,46005.51,30870.4,60,406,1047.38,0,13,0.4074,0.671,1
69,52015.21,4343.98,48,351,25171.6,0,10,5.828,0.0835,1
26,70931.93,17341.66,48,593,26461.16,0,18,4.5377,0.2445,1
68,47722.95,20961.61,48,599,28009.71,0,0,7.1529,0.4392,1
32,15279.2,13906.89,60,644,22451.13,0,1,17.8147,0.9102,1
57,37720.2,3856.16,60,681,18368.98,0,22,5.8642,0.1022,1
37,49064.74,17303.45,36,493,34294.15,0,2,8.505,0.3527,1
43,107207.44,40046.0,60,735,30809.64,0,4,3.5233,0.3735,1
46,30591.05,19285.24,48,684,24688.16,1,10,9.8421,0.6304,1
49,18376.79,17521.75,48,671,2317.54,0,18,1.7517,0.9535,1
53,50951.34,47204.15,24,619,27910.19,0,6,7.0366,0.9265,1
47,82433.09,3998.27,60,538,22547.36,0,15,3.292,0.0485,1
45,38713.6,38829.83,48,691,27892.83,2,19,8.8967,1.003,1
30,204808.3,25188.49,48,584,12800.69,1,7,0.7808,0.123,0
67,177814.98,47334.2,36,312,31190.93,0,23,2.1937,0.2662,1
43,46934.88,20886.6,60,684,17008.52,0,3,4.4376,0.445,1
41,54831.93,35986.03,48,840,35831.5,0,11,8.0058,0.6563,1
41,111439.7,5356.9,36,592,4608.41,0,17,0.5123,0.0481,1
63,46448.49,46581.08,24,556,19639.7,0,22,5.5754,1.0029,1
33,30258.94,18538.05,24,407,8626.64,0,13,3.7275,0.6126,1
57,83563.25,27152.22,36,482,18412.06,2,16,2.7524,0.3249,1
53,64773.23,8647.12,60,666,14473.69,0,11,2.7081,0.1335,1
44,30199.88,47386.78,48,833,32235.65,1,8,13.2012,1.5691,1
64,57959.43,34302.58,60,822,7103.19,0,15,1.589,0.5918,0
31,44532.02,4589.48,36,584,24149.35,0,20,6.5419,0.1031,1
37,38907.51,9449.93,48,558,16556.14,0,9,5.167,0.2429,1
24,30592.07,21192.03,48,472,20963.97,1,19,8.3965,0.6927,1
67,52724.83,12405.01,48,629,28718.94,0,19,6.5952,0.2353,1
45,41793.06,16622.03,60,751,14605.5,0,10,4.2732,0.3977,1
50,58152.49,49879.58,60,770,14998.59,3,8,3.2666,0.8577,1
29,80169.83,33615.14,36,380,3533.71,1,0,0.6687,0.4193,1
41,56327.59,46266.44,24,620,22301.96,0,15,5.1619,0.8214,1
40,56909.11,22918.32,36,740,16967.72,1,3,3.7121,0.4027,1
39,35429.28,36093.55,48,698,32585.43,2,21,11.2915,1.0187,1
39,99172.26,24065.13,36,487,17850.94,1,7,2.2409,0.2427,1
32,29462.76,17754.78,24,737,38846.49,0,1,16.1232,0.6026,1
57,18635.15,26920.31,36,747,7285.53,0,13,5.173,1.4446,1
62,25781.43,22510.93,24,769,11048.92,0,23,5.5793,0.8731,1
37,91177.04,49065.95,24,839,15980.58,0,8,2.3723,0.5381,0
57,64559.25,25815.99,48,760,7231.62,3,23,1.4442,0.3999,1
68,107706.54,40933.43,24,814,38906.52,1,13,4.5247,0.38,1
59,22162.77,34007.33,60,536,25817.94,0,13,14.286,1.5344,1
48,197231.0,25022.11,36,480,942.36,0,20,0.0996,0.1269,1
61,41348.42,24759.2,36,709,23351.14,0,11,6.9765,0.5988,1
55,17048.1,18410.73,60,815,31359.34,0,10,22.2895,1.0799,1
67,183041.81,7135.13,60,371,2526.35,0,0,0.1734,0.039,1
68,22335.63,38550.53,48,481,23327.97,0,21,12.9646,1.726,1
38,38609.84,46068.55,36,403,15285.32,0,0,5.1484,1.1932,1
34,43327.75,12461.83,60,571,23468.33,2,10,6.5573,0.2876,1
55,63987.94,46432.33,48,586,10477.93,0,19,2.1464,0.7256,1
64,30491.95,13150.6,36,386,26807.65,0,24,10.6938,0.4313,1
61,91453.68,27443.8,36,685,27017.64,0,14,3.6451,0.3001,1
27,77047.83,18493.86,60,372,21810.47,0,20,3.4449,0.24,1
61,49584.82,7496.42,24,609,36988.28,0,22,9.0271,0.1512,1
33,108510.01,4536.24,24,742,36424.44,0,8,4.049,0.0418,1
38,47065.05,19536.63,60,535,2377.62,1,19,0.6892,0.4151,1
57,41548.33,4272.51,24,529,11950.81,0,20,3.5031,0.1028,1
33,162569.63,7001.91,36,553,14888.23,0,21,1.1133,0.0431,1
56,58538.6,8830.28,48,654,2683.1,0,16,0.5877,0.1508,0
51,27135.8,2091.95,48,794,21183.68,0,9,9.3871,0.0771,1
22,29432.02,9356.11,60,709,1470.97,0,14,0.6633,0.3179,0
36,49581.59,29709.38,48,498,27283.72,0,11,6.7532,0.5992,1
29,11628.35,41337.11,60,728,606.19,0,4,1.3365,3.5549,1
29,33530.35,11284.64,24,774,1761.5,0,13,0.7987,0.3365,0
58,46155.14,5881.88,36,641,33433.25,0,9,8.7349,0.1274,1
31,44341.73,37016.68,24,773,10478.07,0,19,3.253,0.8348,1
42,23052.6,2391.81,60,696,3708.54,1,0,1.9512,0.1038,1
53,37454.81,37239.78,36,725,16278.93,0,15,5.547,0.9943,1
56,99496.96,8293.63,36,344,2512.47,0,3,0.3308,0.0834,1
65,87894.22,12957.68,36,642,30141.2,0,4,4.1643,0.1474,1
43,51915.35,7763.36,24,316,20018.82,0,8,4.702,0.1495,1
65,47035.32,13872.23,36,518,22301.33,0,16,5.788,0.2949,1
65,44490.19,40312.45,24,490,30243.98,0,5,8.6105,0.9061,1
54,56488.14,8362.12,24,690,31486.11,0,23,6.7627,0.148,1
29,52132.37,49719.95,36,738,5882.21,0,24,1.6719,0.9537,0
44,59544.82,17700.69,60,796,11571.04,0,4,2.3914,0.2973,1
28,66242.43,46254.47,36,393,7438.81,0,17,1.5803,0.6983,1
27,23702.49,11121.59,36,394,2634.53,0,16,1.4902,0.4692,1
56,40694.12,11019.08,24,381,21731.94,0,20,6.5438,0.2708,1
38,55201.61,29136.11,36,639,10367.08,0,10,2.4296,0.5278,1
23,27460.36,4428.8,60,659,6582.25,0,2,2.9087,0.1613,0
48,32718.87,40448.14,36,411,20650.82,1,5,7.986,1.2362,1
26,43013.18,23101.53,60,602,25543.59,2,8,7.2337,0.5371,1
64,44298.19,35561.43,48,350,30998.04,1,12,8.5978,0.8028,1
64,55824.14,10382.35,48,580,1190.99,2,0,0.3025,0.186,1
41,29471.58,32833.15,48,412,21288.24,1,14,8.9465,1.1141,1
48,87624.18,30515.39,36,335,11049.31,1,19,1.6293,0.3483,1
60,44079.69,38271.74,24,377,39667.83,0,3,11.2331,0.8682,1
21,53482.97,16275.26,60,839,6699.0,0,22,1.5639,0.3043,0
56,39265.46,46791.95,48,344,17794.91,1,1,5.7363,1.1917,1
41,56465.8,48142.45,60,603,38816.04,0,15,8.4196,0.8526,1
63,133616.99,43669.93,24,691,8917.34,2,23,0.9643,0.3268,0
55,39047.29,29457.62,60,314,32372.45,1,5,10.0996,0.7544,1
33,35358.79,22173.84,60,466,10100.06,1,19,3.5532,0.6271,1
69,29789.36,4783.64,48,362,3472.91,0,14,1.4391,0.1606,1
30,47298.17,47466.93,60,502,2188.83,0,18,0.756,1.0036,1
64,46970.63,47685.5,48,456,37975.18,0,6,9.9557,1.0152,1
67,50557.46,2897.05,24,814,8909.29,0,24,2.1433,0.0573,0
30,64922.76,19130.6,48,577,12032.22,2,10,2.2976,0.2947,1
66,60192.37,44241.75,60,400,38692.94,1,17,7.8609,0.735,1
33,48362.84,5880.9,24,468,26466.95,2,7,6.6279,0.1216,1
57,158305.33,11435.19,36,831,19781.01,0,1,1.5235,0.0722,0
58,74191.75,48976.51,36,702,17699.16,0,11,3.0828,0.6601,1
44,25500.26,42669.86,24,440,2418.29,1,21,1.9747,1.6733,1
22,19397.1,45779.05,24,646,33638.32,0,7,21.9904,2.3601,1
42,32293.15,8823.41,60,492,30600.43,2,0,11.4256,0.2732,1
37,53722.92,12143.17,36,451,4082.55,0,6,0.9873,0.226,1
56,30708.67,31060.0,24,685,14461.56,0,8,6.1569,1.0114,1
34,33638.4,26083.43,36,507,35473.69,1,21,12.9132,0.7754,1
30,49793.52,16328.16,36,848,9839.44,0,21,2.4806,0.3279,1
55,39927.33,44424.62,60,687,24643.74,0,8,7.6291,1.1126,1
45,14348.2,45266.65,24,377,19773.47,0,1,18.1148,3.1549,1
23,93555.11,16000.83,48,471,32831.61,0,3,4.254,0.171,1
67,81387.27,9476.15,24,636,1924.11,0,13,0.3419,0.1164,0
58,22672.94,9156.44,36,730,32737.81,0,13,17.4616,0.4038,1
37,50723.0,25252.41,48,788,5860.91,0,7,1.511,0.4978,0
32,25086.1,8380.09,48,405,1095.36,0,20,0.6075,0.3341,0
44,34020.62,24720.33,36,508,24022.28,0,8,8.7155,0.7266,1
49,65623.67,24172.84,48,647,10716.32,0,2,2.0517,0.3684,1
63,79700.27,44437.29,48,651,28516.45,0,21,4.4329,0.5576,1
45,78588.9,16218.1,24,347,19056.44,0,21,3.013,0.2064,1
56,56777.96,28911.32,36,545,24418.2,0,18,5.3305,0.5092,1
46,105358.43,37687.99,60,330,27743.4,1,5,3.2314,0.3577,1
58,33984.61,30603.91,48,774,37113.65,1,0,13.33,0.9005,1
21,38825.11,47795.26,36,776,33012.86,0,20,10.6139,1.231,1
40,10334.3,30909.32,24,556,20056.92,0,17,24.7852,2.9909,1
48,46358.79,45289.38,24,425,17801.63,0,7,5.0964,0.9769,1
36,69412.07,13762.71,24,518,26359.71,0,6,4.6562,0.1983,1
67,58171.79,28916.13,48,544,29474.6,1,6,6.2045,0.4971,1
37,33711.28,28078.68,60,779,7319.82,0,9,2.7722,0.8329,0
60,81366.21,49493.7,24,742,1784.72,0,3,0.5674,0.6083,1
48,46896.65,11816.3,60,800,18458.79,0,17,4.7737,0.252,1
32,77641.4,8767.68,36,526,4428.4,2,18,0.7221,0.1129,0
47,65623.54,31360.26,24,554,11272.97,0,9,2.3003,0.4779,1
62,115232.3,12737.22,48,369,23597.21,1,19,2.485,0.1105,1
67,60091.16,32679.46,24,754,6482.36,0,18,1.5664,0.5438,1
50,70683.37,48679.48,48,301,1625.48,0,2,0.4481,0.6887,0
61,46815.51,47432.29,36,794,22406.73,0,16,6.0811,1.0132,1
54,36252.58,13092.95,60,624,18915.99,0,0,6.3336,0.3612,1
57,65804.22,10203.02,60,702,12598.97,0,23,2.3285,0.1551,1
26,120769.42,28915.49,60,428,19017.04,0,7,1.9375,0.2394,1
27,33876.32,30165.31,24,782,27499.14,0,16,10.1862,0.8905,1
52,42239.8,33788.0,24,445,4805.53,0,3,1.7652,0.7999,1
52,49810.96,37591.56,36,395,10599.73,0,1,2.8052,0.7547,1
45,73934.72,30845.95,60,800,31900.94,0,16,5.2611,0.4172,1
53,60311.3,7364.14,36,755,26969.85,0,1,5.4068,0.1221,1
27,84781.95,39927.58,48,703,11017.01,1,0,1.6771,0.4709,1
32,160226.82,5816.82,24,307,16226.95,1,4,1.2335,0.0363,1
36,33411.63,2959.65,60,519,5230.11,1,5,1.8961,0.0886,1
36,70674.31,38943.59,24,401,10498.54,0,11,2.0581,0.551,1
63,59419.86,28321.16,60,301,33725.5,1,23,6.9063,0.4766,1
56,49584.03,35532.39,60,789,17896.22,3,9,4.4744,0.7166,1
33,70519.96,20371.87,24,499,25791.57,0,7,4.5333,0.2889,1
27,41769.35,2532.44,24,325,6809.79,0,13,1.9867,0.0606,1
56,59505.7,17888.74,36,649,7740.57,0,3,1.6612,0.3006,1
67,22400.19,31190.49,24,401,37666.38,0,18,20.8745,1.3924,1
29,35479.52,12833.75,24,630,33736.63,0,4,11.5914,0.3617,1
52,91905.16,35014.61,24,671,31718.06,0,23,4.3319,0.381,1
31,89809.84,40131.25,48,496,13518.82,0,20,1.918,0.4468,1
28,57277.32,23804.82,48,809,22728.86,0,6,4.8658,0.4156,1
53,37353.06,44034.62,48,329,19947.47,0,19,6.703,1.1789,1
43,80431.37,43031.2,36,598,38271.11,0,1,5.8882,0.535,1
45,102939.06,44146.78,36,432,9965.56,0,24,1.3047,0.4289,0
28,38276.06,33729.78,60,831,37915.7,0,10,12.0633,0.8812,1
65,20475.58,16629.87,36,607,28420.59,0,9,16.927,0.8122,1
42,64182.18,25100.06,24,320,16840.82,0,17,3.3442,0.3911,1
24,84817.82,36104.51,60,340,11021.02,0,1,1.6444,0.4257,1
60,69737.27,12107.06,24,797,30415.46,0,13,5.3205,0.1736,1
23,125372.87,37464.49,60,771,33005.93,0,23,3.2189,0.2988,0
49,125690.82,28308.25,36,607,14622.33,0,9,1.4711,0.2252,1
61,40813.23,6608.84,48,758,7289.26,0,5,2.1837,0.1619,0
49,55237.46,28749.74,24,813,19943.66,2,20,4.5929,0.5205,1
54,36391.08,5205.25,60,802,19005.84,0,2,6.2958,0.143,1
54,26549.38,2686.75,48,343,29153.4,0,22,13.2023,0.1012,1
48,27499.87,44702.13,24,340,38940.8,0,15,17.8052,1.6255,1
33,75373.63,25515.97,24,562,21485.65,0,7,3.5899,0.3385,1
35,58790.32,28077.9,48,593,29402.91,0,8,6.121,0.4776,1
43,83614.86,15437.01,36,308,14347.9,0,10,2.1207,0.1846,1
64,223904.04,28051.75,48,352,24183.2,0,15,1.3274,0.1253,1
46,66165.9,10105.7,36,427,5055.45,0,1,0.9678,0.1527,1
24,30553.9,37791.0,60,830,32689.9,1,23,13.0863,1.2369,1
46,91224.25,41520.76,36,824,14100.81,0,4,2.0066,0.4552,1
60,30214.97,43082.04,60,439,3661.63,0,0,1.7394,1.4259,1
29,139944.63,7119.33,60,531,39627.17,0,22,3.4081,0.0509,1
25,15019.89,28772.21,60,387,36120.64,1,14,29.2414,1.9156,1
52,35315.27,40820.05,60,500,8298.62,0,6,3.051,1.1559,1
40,71202.48,8154.39,24,687,14846.47,3,15,2.5594,0.1145,1
31,99360.76,6777.08,60,660,37500.35,2,11,4.5426,0.0682,1
35,32656.86,41213.22,24,431,31954.98,3,18,12.3731,1.262,1
52,29291.28,40243.33,24,476,36303.28,3,14,15.5596,1.3739,1
48,53584.78,23537.27,60,351,22720.72,0,2,5.176,0.4393,1
42,154106.05,7266.14,36,845,10103.09,0,19,0.8024,0.0472,0
61,19476.69,26773.91,36,321,9468.61,0,20,6.292,1.3747,1
37,40600.19,20950.55,48,618,21263.97,0,20,6.4139,0.516,1
46,57303.16,26890.28,24,467,36998.0,0,4,7.9825,0.4693,1
64,30407.07,23114.97,24,337,25447.69,0,14,10.4229,0.7602,1
27,30344.43,29288.69,36,672,1858.43,2,21,1.0567,0.9652,0
62,42615.15,36902.23,24,726,22638.79,0,16,6.8078,0.8659,1
46,58432.41,39193.28,36,465,24533.41,0,15,5.2619,0.6707,1
45,43606.57,33151.15,48,801,23471.42,0,15,6.6491,0.7602,1
30,118106.19,11549.15,60,374,27797.51,0,22,2.8439,0.0978,1
65,69951.84,21061.91,60,739,12093.8,0,11,2.1349,0.3011,0
39,61691.31,5418.75,60,564,6178.73,0,3,1.2194,0.0878,1
31,90816.13,23680.34,48,705,30126.92,1,4,4.046,0.2608,1
33,62347.68,48576.29,24,542,8255.95,0,23,1.9786,0.7791,1
28,37574.77,32803.07,48,842,5009.28,0,7,1.818,0.873,0
60,41860.94,9421.4,24,576,14695.4,0,11,4.3252,0.2251,1
24,24892.91,14891.73,24,849,33393.79,2,4,16.3971,0.5982,1
67,163231.86,5099.54,60,607,3743.28,0,10,0.2814,0.0312,0
51,85685.11,10755.87,36,702,8224.67,0,18,1.1937,0.1255,0
48,10553.9,25416.4,36,729,19272.75,0,9,22.7162,2.4082,1
31,109084.39,18553.11,60,375,11862.06,0,23,1.3389,0.1701,1
63,20341.95,11790.19,24,638,29005.61,0,17,17.4006,0.5796,1
21,66996.88,9036.72,48,749,27158.65,2,11,4.8982,0.1349,1
69,13063.59,33491.41,60,378,33779.4,0,8,31.5419,2.5637,1
67,37915.77,28788.91,60,337,8551.81,0,21,2.8584,0.7593,1
58,109596.43,42446.73,48,617,26132.29,1,9,2.9581,0.3873,1
44,113321.06,10796.14,24,627,31102.01,0,19,3.3411,0.0953,1
67,58927.62,42703.3,60,729,2975.35,0,19,0.7508,0.7247,0
51,78627.66,29739.74,60,462,1954.51,1,18,0.3739,0.3782,1
61,20991.18,14778.71,24,657,22590.7,0,20,13.2664,0.704,1
66,67710.73,15130.55,48,628,23720.26,0,5,4.2597,0.2235,1
46,81681.47,20738.26,48,713,16015.95,0,9,2.4164,0.2539,1
69,229084.8,24086.11,36,775,1924.9,0,18,0.1359,0.1051,0
25,33727.49,5960.24,36,755,16375.91,0,8,5.8853,0.1767,1
40,49502.66,42415.96,48,451,25862.5,0,15,6.4836,0.8568,1
61,51373.05,7833.97,36,837,28224.28,0,7,6.6436,0.1525,1
31,74544.4,25206.07,36,714,19965.26,3,11,3.3267,0.3381,1
53,83142.1,20382.48,24,642,21238.49,0,21,3.188,0.2452,1
58,92646.74,26589.78,60,685,27070.63,0,4,3.5637,0.287,1
47,88678.9,44599.16,36,466,18247.44,0,10,2.6369,0.5029,1
54,20157.45,49476.24,36,771,10908.84,0,18,7.3123,2.4545,1
35,10219.8,2973.03,24,439,9307.31,0,2,11.074,0.2909,1
52,36003.6,20875.49,48,528,30233.74,0,23,10.2219,0.5798,1
41,47990.09,41245.31,36,372,19758.17,1,21,5.227,0.8595,1
66,33929.47,17676.94,60,727,25151.4,2,14,8.9996,0.521,1
25,37204.36,33153.74,36,598,19108.68,0,21,6.4604,0.8911,1
26,40064.68,49628.44,60,535,32844.08,0,19,10.0851,1.2387,1
58,69318.33,33045.02,48,396,20125.47,1,2,3.6032,0.4767,1
42,26364.79,7337.19,36,777,39528.16,1,21,18.0841,0.2783,1
38,46784.32,42460.73,60,790,10082.88,0,0,2.7677,0.9076,1
34,46999.67,48399.56,60,595,5971.8,0,10,1.7307,1.0298,1
30,68378.9,36200.4,60,705,15257.06,0,12,2.7834,0.5294,1
66,98434.13,22115.27,48,746,36786.94,2,4,4.5408,0.2247,1
33,134654.09,47523.21,60,574,34166.35,0,6,3.1154,0.3529,1
51,31332.32,48491.46,24,319,10270.44,2,0,4.7073,1.5476,1
50,14765.01,46885.6,48,726,24188.05,0,12,20.4523,3.1755,1
23,42397.43,21767.31,60,660,23763.12,0,9,6.8285,0.5134,1
50,18898.35,39905.97,48,609,12089.18,1,19,8.2042,2.1116,1
26,252899.17,33400.61,48,655,9797.58,0,17,0.4979,0.1321,0
49,29035.42,10625.92,24,326,15906.95,0,12,6.7571,0.366,1
28,68754.69,27704.72,60,346,31650.44,1,0,5.6047,0.403,1
64,85857.11,37889.17,48,755,8072.74,1,16,1.2386,0.4413,0
65,60136.57,45003.79,48,411,18106.08,0,11,3.8001,0.7484,1
63,170421.87,43404.72,60,674,19527.09,2,22,1.4259,0.2547,0
64,43412.87,9423.61,24,614,37595.43,0,5,10.5005,0.2171,1
53,29705.01,25425.6,36,425,12489.14,0,6,5.3306,0.8559,1
37,28796.96,24956.89,60,306,1276.04,0,0,0.7051,0.8667,1
68,76880.18,45139.38,36,659,27902.38,0,9,4.5509,0.5871,1
31,43744.49,2092.99,60,661,30353.76,2,2,8.3362,0.0478,1
33,28799.31,37458.25,60,563,28269.78,2,6,12.0395,1.3007,1
31,63881.38,31694.79,48,574,28179.19,0,9,5.4174,0.4962,1
51,75022.96,46235.43,60,695,19587.48,2,9,3.2563,0.6163,1
48,57686.77,23932.03,24,612,1237.1,0,8,0.4648,0.4149,0
64,84099.66,33568.27,24,791,29331.76,1,5,4.3849,0.3991,1
26,51681.71,48691.86,60,703,37492.55,0,23,8.8938,0.9421,1
61,34331.71,37707.38,48,676,6716.76,0,8,2.6223,1.0983,1
36,79765.0,5234.43,48,840,3182.61,0,22,0.4952,0.0656,0
24,28737.18,10041.61,36,619,10975.61,1,8,4.6996,0.3494,1
55,24901.14,41429.65,60,524,34066.86,0,9,16.7498,1.6638,1
68,98083.04,18070.19,36,755,4692.81,3,3,0.6356,0.1842,1
46,39786.83,35884.07,48,588,28749.15,0,24,8.8964,0.9019,1
32,133173.8,35591.54,24,580,2986.42,0,15,0.4027,0.2673,0
31,81957.56,49697.63,48,716,1795.17,0,24,0.4144,0.6064,0
57,38013.51,24553.89,24,783,35706.42,0,1,11.5947,0.6459,1
45,65626.37,37415.95,36,837,30937.13,0,10,5.847,0.5701,1
38,223469.04,4340.14,48,612,24144.11,0,8,1.3014,0.0194,1
39,77077.28,24204.37,24,356,7293.81,0,2,1.2926,0.314,1
43,69495.64,10960.71,36,422,11514.52,0,6,2.0408,0.1577,1
58,34309.15,42347.43,48,589,2419.88,1,12,1.155,1.2343,1
38,148261.49,42315.6,60,609,25991.83,0,12,2.1608,0.2854,1
46,108094.66,13345.49,48,527,27600.39,0,18,3.0949,0.1235,1
26,34498.21,17277.69,36,305,13408.95,0,10,4.8312,0.5008,1
24,151485.88,35718.93,48,742,13867.44,1,4,1.1575,0.2358,0
64,54114.14,37436.76,36,609,25344.62,0,15,5.8509,0.6918,1
49,29607.14,33566.32,24,301,37853.76,1,1,15.9093,1.1337,1
54,34231.06,49841.34,48,674,16091.02,2,9,6.0049,1.456,1
37,83002.07,43696.79,36,545,19996.82,0,9,3.0665,0.5265,1
63,29729.64,22018.83,36,771,28081.9,0,18,11.5818,0.7406,1
63,25289.14,17694.88,60,603,14021.68,1,19,6.7934,0.6997,1
36,37672.11,30648.79,24,357,34819.9,1,5,11.4982,0.8136,1
22,41204.06,41246.54,60,524,33924.17,0,21,10.0801,1.001,1
54,32728.8,24816.49,60,725,27134.18,0,15,10.1004,0.7582,1
28,37333.0,37409.25,48,501,21708.48,0,12,7.2283,1.002,1
33,84978.94,2919.68,36,817,39349.08,1,18,5.568,0.0344,1
62,57176.68,46440.33,36,329,28244.03,0,2,6.1985,0.8122,1
28,35976.3,39144.07,36,450,25907.45,0,8,9.0042,1.0881,1
50,37922.17,20921.12,48,847,35134.31,0,9,11.2557,0.5517,1
52,45297.46,20432.59,48,409,22422.13,0,15,6.0527,0.4511,1
56,46880.24,6938.57,24,420,10095.48,3,17,2.6582,0.148,1
67,46999.31,41175.38,60,540,5942.01,0,3,1.6923,0.8761,1
50,83128.98,38894.22,24,329,19105.77,0,20,2.9919,0.4679,1
21,55172.67,32251.99,24,765,20868.34,0,23,4.8311,0.5846,1
63,56155.2,6869.91,48,764,33193.92,2,23,7.1239,0.1223,1
59,115389.8,14592.39,36,536,6009.24,0,21,0.6671,0.1265,0
37,151144.39,24027.89,48,670,27408.59,0,15,2.2158,0.159,0
40,23421.68,14766.65,48,448,12513.01,0,17,6.5686,0.6305,1
44,19008.76,22830.75,48,673,37591.69,0,9,24.0314,1.2011,1
42,39749.65,12845.96,24,815,19081.64,3,0,5.9221,0.3232,1
49,78423.36,18780.82,36,732,25084.73,3,22,3.9182,0.2395,1
42,61426.21,33310.25,48,551,26179.27,3,9,5.2499,0.5423,1
64,92268.66,44833.33,24,772,4094.7,0,16,0.7755,0.4859,0
29,38738.21,20481.47,48,835,34161.7,2,18,10.7145,0.5287,1
57,15153.33,35211.6,60,345,6987.34,0,15,5.998,2.3237,1
30,21588.82,8470.07,36,838,16198.06,0,24,9.1344,0.3923,1
56,68791.84,27959.26,24,734,27066.27,0,5,4.9246,0.4064,1
57,92693.36,46241.8,60,575,2681.19,0,7,0.4469,0.4989,0
48,15613.98,3340.92,48,807,23426.74,0,15,18.0579,0.214,1
48,114278.59,14842.75,60,394,16691.69,1,11,1.7787,0.1299,1
62,64781.77,8359.69,60,445,3022.18,1,8,0.5856,0.129,0
63,46992.66,27589.83,24,701,29192.45,0,15,7.7481,0.5871,1
41,33654.64,34622.84,36,803,20302.67,0,6,7.5821,1.0288,1
44,127350.28,4773.4,36,714,12485.89,1,7,1.189,0.0375,1
62,83969.08,5373.65,24,575,3830.95,0,19,0.5795,0.064,0
60,65807.83,43742.2,48,625,22125.23,1,4,4.2007,0.6647,1
22,31607.78,23899.19,60,555,12585.53,1,22,4.9294,0.7561,1
28,129121.45,24221.68,36,812,37894.03,1,8,3.5842,0.1876,1
68,49921.68,47339.86,36,446,23864.89,1,7,6.0527,0.9483,1
47,58653.97,17370.06,60,594,11760.07,1,22,2.4652,0.2961,1
42,51217.45,45057.14,48,674,21380.41,2,19,5.2293,0.8797,1
57,30966.76,48764.23,60,355,21810.07,1,15,8.7666,1.5747,1
47,59387.12,13601.32,24,525,29207.08,0,10,6.0162,0.229,1
49,74470.86,26673.86,24,818,36136.99,0,0,6.0021,0.3582,1
23,37610.39,27649.1,48,319,38522.45,0,16,12.4748,0.7351,1
64,56412.5,43576.07,36,458,28856.69,2,11,6.3958,0.7725,1
33,50771.97,16587.59,36,769,22063.57,2,4,5.3236,0.3267,1
65,84887.22,40306.04,48,665,9384.82,0,13,1.4454,0.4748,1
30,40971.63,48608.35,48,300,16419.66,0,6,5.1057,1.1864,1
56,56159.02,42336.16,24,528,19807.17,2,23,4.6093,0.7539,1
29,63723.05,45638.73,24,582,5570.66,0,6,1.4071,0.7162,1
47,40419.18,36001.01,48,418,10627.95,0,3,3.378,0.8907,1
54,29875.3,45389.88,36,526,39385.88,0,14,16.3265,1.5193,1
21,32939.78,9912.83,60,323,30389.26,2,6,11.131,0.3009,1
52,62662.22,36193.35,60,607,19539.26,0,21,3.8573,0.5776,1
45,42565.97,37130.11,60,606,9428.29,0,23,2.8324,0.8723,1
49,42228.32,23080.69,24,793,23151.18,0,8,6.8521,0.5466,1
27,70438.03,5827.45,48,807,9659.07,0,0,1.6662,0.0827,1
69,90372.47,31877.3,36,610,8127.8,1,1,1.1968,0.3527,1
23,100210.63,4490.28,24,388,4203.38,0,7,0.5257,0.0448,1
40,33945.08,20355.32,48,574,14161.19,0,6,5.1561,0.5997,1
40,85275.92,20896.17,48,779,21898.07,0,22,3.1427,0.245,0
50,171268.86,49948.28,60,756,6793.44,0,2,0.5343,0.2916,0
55,52872.68,16390.5,60,654,8417.2,0,6,1.9724,0.31,1
55,46911.3,41381.79,36,561,15950.0,2,19,4.3741,0.8821,1
69,41396.16,4552.24,36,475,19836.5,0,15,5.7869,0.11,1
59,25893.46,27428.77,60,703,30610.19,0,1,14.3978,1.0593,1
47,81255.36,27761.2,60,529,22881.81,0,0,3.4476,0.3417,1
46,47036.69,32179.99,48,622,24899.19,0,7,6.5233,0.6841,1
34,44809.44,40880.25,36,576,28000.31,0,4,7.8026,0.9123,1
37,74043.35,38572.32,48,574,18313.83,0,9,3.0983,0.5209,1
38,78252.01,38528.39,36,516,14053.77,0,3,2.3193,0.4924,1
65,34183.35,22750.11,36,489,32116.62,0,8,11.4963,0.6655,1
49,34676.64,36918.63,24,317,33218.66,1,13,12.0278,1.0647,1
40,33765.22,25583.15,60,713,6582.29,0,20,2.4909,0.7577,1
47,174226.0,5213.66,24,483,38158.1,1,9,2.6431,0.0299,1
38,118929.67,44728.73,36,542,37231.95,0,17,3.8821,0.3761,1
24,74923.6,44727.84,48,725,34899.67,0,24,5.7389,0.597,1
21,39134.25,17498.18,36,352,17195.01,0,22,5.4217,0.4471,1
21,42017.55,45867.33,24,525,33766.05,0,8,10.1892,1.0916,1
46,60965.44,38383.23,60,618,25308.31,1,4,5.1074,0.6296,1
65,184513.54,21238.46,48,668,8613.09,3,22,0.5889,0.1151,1
40,58298.19,17912.27,36,547,31107.88,0,7,6.5056,0.3073,1
43,66522.49,48806.85,36,476,16540.75,2,11,3.2284,0.7337,1
30,10621.24,36206.09,60,775,12040.5,0,19,14.2853,3.4088,1
31,57213.63,20182.88,36,312,35192.54,0,23,7.4989,0.3528,1
61,21240.88,32815.23,36,660,34559.95,0,22,20.0396,1.5449,1
61,36599.98,29433.26,60,588,34642.74,0,18,11.5191,0.8042,1
25,50419.41,27177.92,24,730,34451.18,1,13,8.469,0.539,1
21,40894.01,32945.69,24,638,22392.05,0,10,6.9736,0.8056,1
37,33470.64,27806.06,24,333,24868.35,0,10,9.3313,0.8308,1
42,33650.12,33429.94,24,623,37980.19,0,23,14.0409,0.9935,1
54,43190.29,45563.29,48,755,5608.97,0,3,1.8221,1.0549,1
65,42073.57,49676.72,48,524,32347.32,1,17,9.5211,1.1807,1
61,49620.71,36045.77,60,432,21287.58,0,8,5.2934,0.7264,1
49,47444.36,46535.4,60,779,39147.1,0,7,10.0976,0.9808,1
24,105590.7,43203.69,60,520,25749.34,0,3,3.0082,0.4092,1
25,14331.85,16161.8,48,700,6920.5,0,18,6.0764,1.1277,1
31,56782.53,46779.58,36,359,32711.89,0,18,7.1877,0.8238,1
41,51154.5,5398.83,48,431,27070.53,0,21,6.3767,0.1055,1
55,45228.64,17836.25,24,692,6382.65,3,1,1.8906,0.3944,1
32,32096.87,32717.36,24,313,855.19,0,10,0.8294,1.0193,1
46,44809.48,27291.94,36,734,21974.07,0,2,6.0877,0.6091,1
39,18396.13,28035.79,60,773,10038.82,0,0,6.8532,1.524,1
65,55494.03,40154.64,48,450,34756.04,0,9,7.6965,0.7236,1
27,61872.77,11345.78,36,769,10411.73,0,20,2.0804,0.1834,1
67,32130.43,49139.62,36,710,26682.82,1,12,10.4752,1.5294,1
27,157064.94,22997.99,48,644,14132.64,0,2,1.1164,0.1464,1
46,45603.21,47592.48,36,495,14337.56,0,6,4.1207,1.0436,1
60,50334.38,20389.56,60,843,7681.69,1,24,1.9124,0.4051,1
25,109258.18,30885.76,48,372,20357.51,0,4,2.3066,0.2827,1
41,177242.49,23614.95,48,493,23381.23,0,1,1.6163,0.1332,1
34,24984.14,34444.89,36,491,23450.04,3,17,11.7227,1.3787,1
24,34672.51,10813.99,60,729,34336.1,0,13,11.9459,0.3119,1
43,46091.95,21230.17,60,800,26267.72,1,19,6.9309,0.4606,1
62,31391.0,5282.29,24,516,29739.39,1,24,11.4528,0.1683,1
40,81443.72,30708.87,48,784,13276.2,0,1,2.0504,0.3771,1
35,29384.14,48208.72,24,659,17117.08,3,4,7.8107,1.6406,1
65,104816.02,4203.51,60,608,1222.56,0,12,0.148,0.0401,0
49,71266.98,33662.24,60,720,3624.82,0,6,0.7048,0.4723,0
28,98560.51,39204.7,24,710,15712.23,0,9,2.1119,0.3978,0
61,29463.21,12229.2,48,816,8784.48,0,19,3.6816,0.4151,1
68,38944.91,15107.57,24,542,32611.9,0,6,10.2426,0.3879,1
39,84018.42,11675.89,60,471,27221.22,0,22,3.9157,0.139,1
68,75354.27,16275.81,60,759,38827.07,0,17,6.2263,0.216,1
59,41269.74,7283.96,36,664,35537.84,0,17,10.3922,0.1765,1
66,44948.85,19776.7,36,377,39117.61,0,1,10.5899,0.44,1
48,37774.56,19708.6,24,789,14928.37,0,24,5.0032,0.5217,1
66,44228.89,40748.84,36,831,19632.86,1,15,5.6338,0.9213,1
47,27468.51,40446.0,60,825,15218.72,0,12,6.943,1.4724,1
24,24836.5,40242.72,48,505,38590.08,0,16,19.0503,1.6203,1
35,89613.24,29217.72,48,590,16406.99,0,5,2.2786,0.326,1
55,43336.8,17642.27,24,803,5112.1,0,22,1.6191,0.4071,0
57,97811.42,21726.3,36,727,10395.14,0,8,1.3494,0.2221,1
21,70093.89,17251.69,24,770,17280.4,0,2,3.0814,0.2461,1
23,59113.01,29932.54,36,812,24318.26,0,24,5.1054,0.5064,1
67,32012.03,47023.0,48,623,24914.42,0,6,9.7066,1.4689,1
44,23707.15,15655.85,36,554,30471.95,0,4,15.6443,0.6604,1
47,37266.67,24024.89,36,350,26090.74,0,20,8.6162,0.6447,1
60,122902.97,33445.61,24,399,19915.59,2,6,2.0806,0.2721,1
56,83564.5,42545.36,48,763,1691.78,0,9,0.3702,0.5091,0
54,35233.46,14160.03,36,798,27953.62,0,21,9.6546,0.4019,1
49,37521.29,15453.92,48,536,3875.59,0,23,1.3425,0.4119,1
44,28072.52,44487.95,36,771,19018.05,0,9,8.6578,1.5848,1
44,19375.19,5852.39,48,697,35907.65,0,9,22.3149,0.3021,1
62,52102.07,31061.49,36,456,24076.72,2,24,5.744,0.5962,1
24,138005.17,43301.86,60,597,8359.11,0,5,0.7896,0.3138,0
23,139048.72,46243.65,48,313,32414.35,0,18,2.8805,0.3326,1
54,70596.96,2608.99,60,415,12366.16,2,24,2.1094,0.037,1
69,34145.86,19743.97,60,438,23302.2,0,17,8.3048,0.5782,1
43,20543.75,14348.71,60,374,25616.03,0,20,15.1025,0.6984,1
43,91879.88,29265.56,36,659,29379.3,1,14,3.9433,0.3185,1
65,64108.36,32377.39,48,323,3066.81,0,12,0.7003,0.505,1
25,40548.87,49989.17,36,705,34243.55,0,19,10.5449,1.2328,1
51,36681.39,26612.6,36,625,4997.09,0,1,1.8766,0.7255,1
61,70281.36,28470.41,48,633,4234.09,0,21,0.8242,0.4051,0
26,29852.6,21887.05,24,628,18546.94,2,9,7.822,0.7332,1
57,56587.27,9088.51,36,599,15201.17,0,22,3.2771,0.1606,1
30,23578.89,16559.58,60,388,2657.24,0,1,1.4928,0.7023,1
60,186671.74,13855.28,36,314,7057.02,3,2,0.4784,0.0742,1
27,32460.25,40458.55,24,600,17848.93,0,4,7.2216,1.2464,1
59,72333.26,28199.19,60,617,33248.35,0,24,5.5938,0.3899,1
58,23889.33,16217.29,36,477,5291.52,0,14,2.8843,0.6789,1
41,44446.79,25476.46,48,761,4628.95,1,6,1.393,0.5732,1
40,83347.27,12505.51,60,568,32290.76,1,14,4.6791,0.15,1
23,94899.45,10886.1,24,404,19946.46,1,11,2.5796,0.1147,1
42,77495.33,43277.23,36,816,14729.85,1,2,2.467,0.5584,1
67,45118.76,47350.92,48,638,18723.47,1,9,5.2422,1.0495,1
24,32873.74,5840.7,60,691,16728.44,1,3,6.142,0.1777,1
48,25678.1,38714.37,60,440,31384.82,0,6,14.9684,1.5077,1
32,120846.83,23758.95,48,468,868.43,0,10,0.1354,0.1966,0
58,52157.47,20670.64,24,316,17609.76,0,16,4.2497,0.3963,1
56,58275.88,35091.74,60,843,6774.76,0,19,1.5155,0.6022,0
67,98638.99,14780.18,24,304,12677.29,1,14,1.6172,0.1498,1
61,69705.8,2987.9,24,436,4930.76,1,16,0.8703,0.0429,1
25,45412.82,12272.14,48,461,17366.03,0,13,4.6564,0.2702,1
33,76622.2,10876.4,60,762,25910.16,0,20,4.0862,0.1419,0
43,33741.11,3634.37,36,737,26632.93,0,11,9.5079,0.1077,1
50,19328.1,17423.14,48,681,31971.38,0,17,20.075,0.9014,1
57,114359.85,24776.89,48,681,32692.95,0,24,3.4847,0.2167,1
45,35471.25,37319.78,24,781,24110.47,1,12,8.6827,1.0521,1
68,40840.36,17631.74,36,654,14449.42,0,18,4.3895,0.4317,1
47,43060.01,11337.93,48,544,2526.96,0,4,0.77,0.2633,1
34,34155.43,13069.75,24,775,1916.86,0,11,0.8648,0.3827,0
68,94921.01,44776.5,60,764,4973.89,0,7,0.7231,0.4717,0
67,61369.84,11826.58,24,489,39361.34,0,7,7.7929,0.1927,1
56,40852.69,44203.55,36,793,31546.11,1,8,9.627,1.082,1
59,22801.89,23460.75,36,822,16492.45,0,18,9.0225,1.0289,1
36,58822.44,46851.22,24,834,18914.95,1,18,4.257,0.7965,1
42,11267.01,21588.42,60,581,29626.56,0,3,31.9372,1.9161,1
41,56367.48,10528.78,36,729,20818.83,1,5,4.4944,0.1868,1
41,109744.29,28353.44,36,552,14736.44,0,22,1.6975,0.2584,1
28,50956.88,30209.92,60,342,14307.65,1,11,3.4879,0.5929,1
69,101093.02,32503.49,48,781,8780.85,0,0,1.1227,0.3215,1
36,23446.9,21751.84,36,440,35481.66,0,17,18.4686,0.9277,1
51,166562.32,4332.86,24,810,16859.08,0,18,1.2276,0.026,0
62,94690.72,32082.56,60,836,30218.34,0,16,3.8973,0.3388,1
30,65223.79,46785.45,36,569,23163.6,0,2,4.5008,0.7173,1
52,34233.61,47962.81,48,660,30286.7,0,3,10.9667,1.401,1
54,30985.88,30650.5,36,594,13175.94,0,13,5.4324,0.9892,1
29,46978.98,2954.58,48,774,30204.35,0,5,7.7309,0.0629,1
37,100877.98,7089.85,36,771,31703.75,2,4,3.7948,0.0703,1
31,22263.14,42031.55,36,460,4619.06,0,5,3.119,1.8879,1
52,49327.96,41827.73,24,344,4112.82,0,12,1.4245,0.848,1
30,76155.47,47408.75,60,506,39427.08,1,8,6.3371,0.6225,1
42,85614.44,29061.17,60,407,5159.18,0,16,0.791,0.3394,1
37,76019.25,43463.18,24,803,27551.21,0,14,4.635,0.5717,1
24,20940.57,41594.57,60,741,30038.62,1,14,17.6109,1.9863,1
68,96670.81,30292.2,60,364,3008.68,0,18,0.4361,0.3134,1
67,51037.51,39614.6,60,566,29987.18,0,7,7.2059,0.7762,1
45,25556.4,8034.11,36,698,17070.84,0,8,8.1204,0.3144,1
41,48315.08,32681.73,36,523,11349.62,0,1,3.0444,0.6764,1
57,15135.54,47765.65,48,588,26780.56,0,13,22.0216,3.1559,1
58,69353.98,9773.96,48,584,33408.42,0,13,5.8157,0.1409,1
69,45404.86,37714.05,60,485,23125.38,0,4,6.2779,0.8306,1
21,22877.99,17397.72,60,525,34889.79,0,2,18.4525,0.7605,1
45,41190.13,41220.99,60,499,1383.06,1,9,0.6031,1.0007,1
56,32065.02,35466.12,24,803,29674.89,0,1,11.6586,1.1061,1
37,33317.89,46456.36,36,310,7191.4,3,12,3.0549,1.3943,1
61,12624.32,36172.9,60,797,11799.92,0,10,11.7894,2.8653,1
44,17974.37,21694.91,60,576,23103.97,3,10,15.666,1.207,1
22,42709.67,2522.84,36,302,11340.58,0,8,3.206,0.0591,1
60,38520.65,40060.01,48,304,7142.08,0,20,2.4849,1.04,1
35,87937.96,21606.32,60,820,35477.18,0,8,4.8903,0.2457,1
52,33554.63,34190.44,60,579,36315.58,0,11,13.1912,1.0189,1
59,35732.33,7043.19,60,722,1936.67,2,0,0.6898,0.1971,1
26,36748.62,44766.49,60,537,20254.79,3,19,6.8577,1.2182,1
21,43555.1,22911.57,36,616,8545.31,0,16,2.5297,0.526,1
67,51786.17,46145.2,36,426,34604.65,0,4,8.3157,0.8911,1
43,38415.01,35936.84,36,603,18769.59,2,11,6.175,0.9355,1
59,69060.13,7830.19,48,477,19399.08,1,10,3.3992,0.1134,1
37,194878.7,29801.44,60,789,25285.17,0,20,1.5876,0.1529,0
54,29873.7,45676.85,48,736,2697.15,0,15,1.4657,1.529,1
61,62012.92,40398.59,48,337,5528.27,0,6,1.2326,0.6515,1
49,49896.98,22063.06,36,782,20186.21,0,22,5.0021,0.4422,1
29,91878.35,47843.09,60,614,38684.92,0,7,5.1567,0.5207,1
33,55370.37,14891.66,60,783,33822.42,0,21,7.3839,0.2689,1
26,31701.82,20005.17,48,396,35629.77,0,18,13.6446,0.631,1
26,24366.58,37986.28,24,316,5917.62,2,24,3.6938,1.559,1
40,70706.57,13179.42,24,746,38365.64,0,14,6.6044,0.1864,1
23,25583.91,26737.97,60,578,29334.71,1,4,13.9683,1.0451,1
37,99732.24,36981.88,60,751,13364.56,1,8,1.6822,0.3708,0
69,68317.12,32910.45,48,328,34646.45,2,20,6.2061,0.4817,1
32,51638.64,9457.76,48,845,30018.74,0,18,7.0217,0.1832,1
68,22306.8,32223.7,36,309,29592.14,0,12,16.4007,1.4446,1
67,73511.26,29490.11,48,400,29517.51,0,6,4.9187,0.4012,1
65,129321.86,28776.55,48,386,32133.72,0,24,3.0374,0.2225,1
21,37984.87,41650.26,24,769,37966.9,0,0,12.5426,1.0965,1
37,31409.18,10827.01,24,600,5906.43,0,2,2.4289,0.3447,1
23,46387.46,38075.17,24,505,39981.14,0,6,10.7531,0.8208,1
46,64871.61,38524.45,24,381,34957.41,0,8,6.7634,0.5939,1
35,35641.59,36686.98,48,511,17944.27,0,3,6.2989,1.0293,1
56,84079.57,26286.48,60,418,6718.8,2,20,1.0214,0.3126,1
52,154265.56,20985.86,24,435,18424.64,2,7,1.5012,0.136,1
52,59763.33,20944.5,36,676,31255.16,0,19,6.3926,0.3505,0
24,40336.35,37222.82,36,727,24296.91,0,17,7.5359,0.9228,1
38,63831.51,25899.04,48,613,11542.26,0,22,2.2713,0.4057,1
69,99347.56,18244.82,36,703,16568.39,0,1,2.0625,0.1836,0
39,53948.33,32022.54,24,542,38194.8,1,13,8.7927,0.5936,1
63,65582.03,42176.54,60,644,32250.92,0,5,6.0298,0.6431,1
55,74821.44,4952.42,60,723,5400.74,0,6,0.8794,0.0662,0
60,28990.76,48662.57,24,315,22042.98,1,23,9.9634,1.6786,1
34,64567.91,6639.29,36,815,37273.9,0,20,6.9617,0.1028,1
53,21912.9,26563.43,48,565,1855.2,0,0,1.319,1.2122,1
34,33022.4,28890.06,60,319,2180.62,0,15,0.9674,0.8749,1
54,97479.51,8634.11,24,310,28810.94,0,2,3.591,0.0886,1
24,82670.75,45948.5,24,319,23234.05,1,24,3.6504,0.5558,1
44,41684.81,24630.42,36,578,2316.98,0,14,0.864,0.5909,1
49,136417.6,8869.78,48,632,39842.65,0,21,3.521,0.065,1
39,22334.46,36157.4,48,846,23413.76,0,10,12.9846,1.6189,1
26,43345.03,33843.41,36,700,19931.22,0,4,5.7782,0.7808,1
53,57818.41,48217.55,24,337,18184.03,0,16,4.191,0.8339,1
69,9091.1,23192.78,36,382,28177.02,0,15,38.0432,2.5512,1
60,44596.13,14854.21,36,331,18605.1,0,19,5.1173,0.3331,1
39,24966.77,4879.71,36,353,26533.53,2,20,12.8182,0.1954,1
21,25310.07,37189.83,24,836,19789.2,0,17,10.1171,1.4694,1
25,41633.57,31629.33,60,344,24623.35,1,4,7.2491,0.7597,1
47,16392.92,48685.32,24,593,32304.85,0,18,25.1329,2.9699,1
36,30188.74,36183.92,60,424,32778.14,0,7,13.269,1.1986,1
26,16624.46,46791.75,60,847,34037.4,0,13,25.1321,2.8146,1
60,52800.3,49595.78,36,643,8517.3,0,10,2.2488,0.9393,1
33,52188.02,22564.69,48,722,2914.24,0,14,0.7782,0.4324,0
68,39770.12,9214.16,36,466,33527.47,0,0,10.1936,0.2317,1
55,89131.41,11400.84,24,568,2170.76,2,19,0.3562,0.1279,0
39,41040.0,17282.01,48,493,8932.88,3,11,2.7172,0.4211,1
32,48346.63,26427.0,48,423,21284.85,0,10,5.4197,0.5466,1
36,28464.12,7876.16,24,570,34289.62,1,14,14.5943,0.2767,1
63,12308.38,16482.46,24,357,35922.86,0,8,35.6924,1.3391,1
30,44927.09,16774.1,36,358,25308.0,0,11,6.8842,0.3734,1
45,41540.79,2196.11,24,749,38686.97,0,0,11.202,0.0529,1
40,136754.85,19000.1,60,516,29332.75,2,21,2.6017,0.1389,1
51,73164.65,7575.31,60,781,21345.11,1,21,3.5216,0.1035,1
24,38258.74,22626.15,48,543,5807.64,0,1,1.9694,0.5914,1
64,53369.67,11433.76,36,402,17437.03,0,16,3.9921,0.2142,1
43,84474.99,41461.48,36,816,32982.46,1,0,4.8489,0.4908,1
22,66839.73,5865.22,48,563,11704.06,0,9,2.1232,0.0878,1
42,133431.5,43551.7,24,540,23341.71,0,12,2.2624,0.3264,1
57,30526.86,29865.28,36,528,39345.66,0,14,15.7928,0.9783,1
28,87993.7,24014.75,48,751,7389.75,0,4,1.076,0.2729,0
27,38035.55,28387.63,48,754,4507.56,0,10,1.6087,0.7463,0
34,55059.51,20053.24,60,843,31926.07,0,20,7.031,0.3642,1
23,35080.26,8125.37,48,673,1484.41,0,6,0.5657,0.2316,0
36,45016.98,38762.23,24,323,25908.61,0,24,7.3369,0.8611,1
39,55655.56,46539.76,24,605,13761.93,1,3,3.3853,0.8362,1
38,69979.12,47603.25,24,673,29090.65,0,19,5.3286,0.6802,1
36,50859.1,34194.15,24,486,5250.0,0,10,1.5749,0.6723,1
28,11029.29,21696.68,48,411,13536.74,0,6,15.2199,1.9672,1
53,46809.0,24961.28,36,792,1172.96,0,13,0.4785,0.5333,1
69,118449.32,33534.35,48,593,9786.09,0,24,1.0622,0.2831,0
32,46587.01,41507.48,36,721,19588.72,0,6,5.3427,0.891,1
31,120461.94,19979.22,36,448,7515.73,0,23,0.804,0.1659,0
25,45609.99,46005.5,36,450,24186.39,3,9,6.6997,1.0087,1
47,19087.92,17565.06,60,473,5166.79,0,15,3.4322,0.9202,1
32,37806.15,27481.27,24,496,29936.33,0,6,9.8655,0.7269,1
37,35064.33,48145.37,60,554,36905.76,0,24,12.9048,1.3731,1
26,42713.92,47033.55,48,713,15744.06,1,21,4.6984,1.1011,1
53,24072.1,35395.76,60,467,21364.14,0,10,10.9442,1.4704,1
25,48762.03,17578.89,36,381,19796.28,1,24,4.9919,0.3605,1
48,40257.2,12513.68,48,369,31523.12,0,18,9.4742,0.3108,1
34,106161.53,5846.88,24,725,39770.55,0,3,4.523,0.0551,1
25,23714.87,36015.41,36,701,29559.6,0,24,15.4637,1.5187,1
53,56806.23,26165.63,24,824,8973.94,2,1,2.126,0.4606,1
68,62731.37,29469.81,60,511,27995.17,0,15,5.4492,0.4698,1
61,78040.92,24674.82,24,401,24822.68,0,1,3.975,0.3162,1
39,39412.85,25181.43,48,637,8799.74,0,7,2.839,0.6389,1
42,55964.93,29421.13,36,632,10017.99,0,10,2.3233,0.5257,1
25,60594.95,45884.58,24,504,26285.08,0,5,5.584,0.7572,1
22,18232.88,3409.58,60,786,32408.84,0,20,21.3673,0.187,1
50,40270.71,40478.57,48,528,30614.96,0,17,9.374,1.0052,1
67,48069.39,20744.78,36,488,24453.27,0,16,6.2483,0.4316,1
59,51572.66,37756.36,60,398,37532.92,0,18,8.8796,0.7321,1
24,51195.32,47529.26,36,710,29376.3,0,10,7.1952,0.9284,1
53,63736.51,16701.78,24,759,21905.68,0,5,4.2553,0.262,1
33,156774.38,6298.62,60,493,32740.1,0,11,2.5141,0.0402,1
40,34294.59,13150.32,60,319,11974.12,2,11,4.2665,0.3835,1
27,61617.61,12660.46,24,610,10907.96,0,11,2.2271,0.2055,1
35,107021.17,37608.77,60,378,38872.48,0,4,4.429,0.3514,1
43,16660.85,4969.19,60,469,38017.96,2,5,27.4421,0.2983,1
34,57577.01,4444.81,60,545,35280.39,2,14,7.3685,0.0772,1
43,17885.98,35293.21,24,771,8967.58,0,6,7.0031,1.9732,1
39,181924.43,28722.54,24,398,23713.71,1,6,1.6431,0.1579,1
49,67052.45,22052.84,36,621,21634.48,1,2,3.9814,0.3289,1
40,61836.83,29617.68,24,440,8522.79,0,23,1.8934,0.479,1
49,15930.26,37291.9,60,408,18187.63,0,7,14.1686,2.3409,1
44,36217.76,6966.63,24,612,18873.26,1,10,6.3494,0.1924,1
38,36319.95,28557.75,60,420,10004.59,0,18,3.4627,0.7863,1
30,141474.3,41572.01,60,398,38217.79,0,21,3.3004,0.2938,1
61,75926.48,19396.6,60,793,19962.24,0,24,3.2061,0.2555,0
28,18183.03,38624.86,24,443,21233.23,0,0,15.0751,2.1242,1
46,64971.33,42580.2,60,409,24143.87,1,1,4.5904,0.6554,1
49,19895.67,41404.6,36,783,35534.62,1,17,22.1263,2.0811,1
30,18442.26,33217.11,48,429,21565.73,3,20,14.4827,1.8011,1
37,64347.49,36432.54,48,699,21868.15,0,21,4.2197,0.5662,1
22,76639.01,39808.41,36,805,9987.64,0,18,1.737,0.5194,1
26,64553.66,37218.05,48,509,24311.28,0,19,4.6634,0.5765,1
25,151410.44,23680.65,36,660,15555.41,0,12,1.285,0.1564,0
48,61160.18,9637.81,24,453,26047.87,1,17,5.1895,0.1576,1
61,54287.89,16867.07,48,832,12379.48,0,18,2.8141,0.3107,0
25,23632.88,11947.83,36,846,28771.27,0,7,14.7776,0.5056,1
38,82007.68,19349.32,36,659,24946.66,0,14,3.729,0.2359,1
46,18199.21,25487.89,60,609,19242.12,0,20,12.9678,1.4005,1
40,164756.09,48034.24,24,773,4318.56,0,17,0.4603,0.2915,0
61,82658.98,48054.21,36,599,25265.24,2,9,3.8617,0.5814,1
69,261418.65,38940.25,48,640,34441.52,1,14,1.6182,0.149,0
47,61919.9,49046.73,60,303,7257.44,0,9,1.5649,0.7921,1
69,85144.04,49904.76,60,468,3846.42,0,17,0.6593,0.5861,1
32,41510.32,44492.32,60,719,2062.97,0,19,0.8107,1.0718,0
27,47764.23,5816.17,24,579,1756.84,0,24,0.5023,0.1218,0
23,26084.06,22450.12,36,688,33761.73,0,5,15.819,0.8607,1
30,20565.59,27637.76,24,484,29240.79,1,0,17.7339,1.3439,1
54,54923.62,7955.96,36,622,8490.78,0,13,1.9034,0.1449,1
45,47595.36,40814.27,60,310,36726.14,0,19,9.4311,0.8575,1
55,25704.36,9136.8,48,577,5845.92,0,2,2.818,0.3555,1
36,28588.53,20399.78,48,438,15279.43,0,0,6.5919,0.7136,1
22,49985.19,5307.78,24,385,18358.28,0,21,4.4604,0.1062,1
44,25441.24,27180.47,60,530,3497.88,0,9,1.8635,1.0684,1
30,60717.49,30657.99,36,750,14225.23,0,16,2.9797,0.5049,0
58,25919.39,37288.49,24,437,4524.29,2,0,2.8139,1.4386,1
42,57154.46,18294.15,60,830,31696.09,0,15,6.7188,0.3201,1
46,24577.16,30345.51,24,637,2349.71,0,22,1.7646,1.2347,1
63,24639.12,37239.07,48,455,1176.89,0,0,0.951,1.5114,1
59,11880.59,38577.69,60,316,29433.7,0,2,30.379,3.2471,1
47,44526.18,16478.81,24,560,31343.51,0,4,8.6323,0.3701,1
49,117294.0,5249.79,36,459,20077.39,0,18,2.069,0.0448,1
67,113368.46,3805.73,48,608,13055.97,0,21,1.3904,0.0336,1
58,59542.2,38866.89,36,380,9839.9,0,13,2.2007,0.6528,1
40,14755.8,20501.07,24,512,5122.6,0,13,4.8606,1.3894,1
47,81334.46,8429.25,60,726,19627.09,0,24,2.9165,0.1036,0
61,56128.54,10855.47,48,641,19898.02,0,17,4.3024,0.1934,1
40,38410.96,38775.22,36,658,18510.45,0,6,6.1194,1.0095,1
64,101156.05,30747.3,36,505,31241.37,0,19,3.8074,0.304,1
39,70917.1,26067.35,60,635,4441.19,2,10,0.825,0.3676,1
40,159042.93,31904.36,24,560,26965.4,0,21,2.1349,0.2006,1
55,21091.32,8599.98,36,542,16361.91,0,9,9.4451,0.4077,1
67,22104.62,17314.03,24,694,10017.52,0,11,5.8299,0.7833,1
22,24455.55,19955.05,24,636,27422.97,0,9,13.8641,0.816,1
50,41315.26,17095.89,24,578,8308.28,0,5,2.62,0.4138,1
54,127122.1,43491.98,60,548,9621.22,0,7,0.9766,0.3421,1
42,33719.94,29908.21,24,329,39942.55,0,6,14.6579,0.887,1
23,34155.45,37007.43,48,430,35602.41,0,12,12.7792,1.0835,1
26,62967.57,13361.89,60,823,28037.0,0,20,5.3856,0.2122,1
35,81299.35,14675.55,36,759,12972.63,0,22,1.975,0.1805,1
47,12809.28,12816.13,60,694,21700.37,0,11,20.5295,1.0005,1
30,91475.73,35023.02,36,827,5501.32,0,11,0.8493,0.3829,0
29,33086.16,18753.97,48,712,13691.09,1,21,5.1073,0.5668,1
53,46098.94,21444.04,24,416,3184.84,0,12,1.0616,0.4652,1
52,114801.35,36037.84,24,448,24607.57,0,20,2.7291,0.3139,1
68,43050.7,48646.34,24,408,34371.08,0,8,10.1456,1.13,1
26,19552.88,9770.02,24,535,32477.28,0,19,20.1818,0.4997,1
61,20244.87,5008.46,60,726,34315.21,0,6,20.3896,0.2474,1
56,48171.98,11352.6,48,816,7396.69,0,15,1.9015,0.2357,0
22,40110.01,37278.11,36,479,26178.34,0,22,8.1418,0.9294,1
49,50801.64,11342.11,60,695,38291.31,0,18,9.0896,0.2233,1
24,38531.57,30048.92,24,300,31438.42,0,23,10.1809,0.7799,1
21,103244.59,30335.19,24,307,633.92,0,24,0.2206,0.2938,0
39,49754.71,16132.31,24,443,35351.11,1,10,8.6882,0.3242,1
46,17021.17,5298.86,36,574,28378.3,0,4,20.1106,0.3113,1
45,80011.03,21161.62,36,586,5321.45,0,16,0.8863,0.2645,1
30,153854.49,10965.7,60,789,12895.99,0,0,1.0201,0.0713,1
35,53796.23,10854.71,48,330,5141.84,2,4,1.1974,0.2018,0
42,56360.86,27084.27,36,751,29327.51,0,1,6.4044,0.4806,1
68,30701.57,34309.81,60,543,639.19,0,1,0.4733,1.1175,1
41,42384.14,5619.92,36,439,18848.63,0,11,5.3807,0.1326,1
42,66285.21,29759.43,60,700,39992.45,3,21,7.3299,0.449,1
56,96671.51,13817.68,24,840,34119.66,0,4,4.3068,0.1429,1
54,64061.59,34318.31,36,463,23695.26,1,10,4.6172,0.5357,1
50,145921.56,40890.36,24,403,27910.4,0,12,2.4353,0.2802,1
45,52004.33,40736.65,48,362,24343.73,1,17,5.8132,0.7833,1
65,25008.79,19753.35,24,314,32528.41,0,13,16.0031,0.7899,1
48,25442.26,29228.94,48,793,35496.4,0,4,17.0293,1.1488,1
21,102810.94,40097.37,36,478,30780.4,0,10,3.7227,0.39,1
69,89703.15,4918.89,48,822,7687.52,0,3,1.0421,0.0548,0
65,18274.05,31069.97,24,740,15214.6,0,21,10.8411,1.7002,1
24,43230.22,42153.06,36,824,31484.12,0,16,9.0645,0.9751,1
27,44182.48,19873.14,60,787,33015.51,0,13,9.057,0.4498,1
69,31228.31,23859.59,36,610,25337.71,0,2,9.9911,0.764,1
29,21031.49,35538.95,60,429,28708.74,0,20,16.7184,1.6898,1
56,30817.48,5258.47,24,765,7392.69,0,23,2.964,0.1706,1
39,27666.87,20510.53,36,801,15220.3,3,1,6.8486,0.7413,1
21,21335.31,16194.12,60,562,21618.13,1,7,12.3109,0.759,1
30,80614.93,2815.72,24,470,39356.48,0,23,5.8759,0.0349,1
56,58091.11,11406.69,48,705,32069.02,0,15,6.6737,0.1964,1
29,37105.72,21002.41,60,324,8108.48,2,5,2.7355,0.566,1
65,14152.67,11476.58,48,748,14420.06,0,20,12.4294,0.8109,1
66,40968.32,30915.12,36,459,9067.48,0,6,2.9075,0.7546,1
62,67012.43,23535.33,60,516,6514.23,0,21,1.2368,0.3512,0
52,31519.88,3895.1,24,789,5239.21,0,14,2.0564,0.1236,1
52,24588.17,15201.93,24,579,38645.27,2,8,19.1696,0.6183,1
26,45532.73,2934.88,48,380,36312.03,0,17,9.586,0.0645,1
68,59936.52,19190.49,24,424,19588.15,0,11,4.0819,0.3202,1
58,14765.39,14437.28,36,469,22167.51,0,5,18.3417,0.9778,1
37,110459.64,35032.97,36,389,33625.6,0,11,3.7587,0.3172,1
30,23167.92,16755.53,48,679,26129.12,1,6,13.7146,0.7232,1
47,38037.6,20007.62,60,410,29439.99,0,14,9.3928,0.526,1
55,99584.58,36816.03,24,463,31750.1,0,0,4.0108,0.3697,1
41,52850.13,25084.05,36,714,19579.64,1,14,4.6039,0.4746,1
45,94622.91,28709.81,60,454,39004.32,0,13,5.0072,0.3034,1
48,124518.23,42384.64,36,493,25320.42,0,24,2.5536,0.3404,1
67,20418.45,11930.64,36,775,25522.67,0,12,15.1945,0.5843,1
35,84223.25,49480.91,60,320,6071.28,0,23,0.9825,0.5875,1
24,108585.39,45205.04,60,408,39515.62,0,20,4.4502,0.4163,1
49,39124.99,15754.54,24,698,3295.63,1,13,1.2121,0.4027,0
29,41038.73,44861.04,48,428,39432.64,2,14,11.8037,1.0931,1
47,15555.56,38189.9,48,808,36467.34,0,20,28.7457,2.4551,1
46,78327.0,46676.31,36,579,34328.6,0,8,5.4579,0.5959,1
39,10711.56,35174.49,48,726,27107.15,1,17,31.1887,3.2838,1
48,87665.59,34374.91,36,326,24549.89,0,5,3.4912,0.3921,1
37,20939.62,2166.29,60,643,39866.49,0,19,22.8672,0.1035,1
63,112917.55,24781.35,36,700,38972.9,0,3,4.2149,0.2195,1
61,62178.47,11612.89,24,594,32567.41,0,7,6.3787,0.1868,1
62,89803.62,17555.91,36,495,3931.03,1,18,0.5904,0.1955,1
40,30101.61,48983.15,36,455,15200.58,0,10,6.6021,1.6273,1
65,22024.88,6104.09,24,739,34704.15,1,7,19.0467,0.2771,1
60,17014.59,36679.35,24,400,28249.55,0,9,21.0016,2.1558,1
59,94345.78,10301.35,48,799,5319.17,2,4,0.7039,0.1092,0
69,72967.11,2355.26,60,584,14255.82,2,1,2.3509,0.0323,0
43,74536.77,26068.1,60,368,1267.31,1,11,0.274,0.3497,1
67,58387.99,9738.33,24,685,35765.73,1,20,7.434,0.1668,1
52,67936.11,48342.38,60,751,30006.71,0,19,5.4426,0.7116,1
67,41150.9,11777.44,36,437,17716.5,0,24,5.2617,0.2862,1
53,61217.01,11217.69,60,547,30535.33,0,5,6.0223,0.1832,1
66,29316.27,3544.01,24,402,37370.18,0,10,15.3571,0.1209,1
25,39909.12,17831.34,60,809,11555.72,0,18,3.564,0.4468,1
63,304369.5,3157.36,24,674,11789.77,1,17,0.47,0.0104,0
68,50179.05,25946.56,48,454,19564.73,0,6,4.8081,0.5171,1
54,15018.34,26269.31,24,386,28422.54,0,16,23.5848,1.7491,1
60,38362.9,4555.68,36,781,39724.98,0,20,12.4656,0.1188,1
31,25990.51,13522.99,36,508,6935.79,2,20,3.3757,0.5203,1
23,53934.8,41941.11,36,477,14014.35,0,3,3.3773,0.7776,1
53,28749.76,24202.15,24,557,14855.88,1,2,6.6217,0.8418,1
31,43170.0,22861.28,24,572,29170.05,3,24,8.3732,0.5296,1
36,31448.17,35541.29,36,323,35520.61,1,3,13.9307,1.1302,1
38,55177.5,36314.33,60,699,7759.91,0,13,1.8193,0.6581,0
50,33643.01,38574.2,24,652,28689.19,1,8,10.8063,1.1466,1
68,60726.05,41863.15,60,600,36430.07,0,22,7.3368,0.6894,1
30,157810.29,13148.03,48,309,5291.18,0,24,0.4232,0.0833,1
38,24522.66,5186.27,48,342,25584.87,0,17,12.5727,0.2115,1
58,75683.32,20252.71,48,350,8494.17,0,17,1.4137,0.2676,1
39,11252.01,43044.7,48,406,17925.07,0,15,20.073,3.8255,1
56,42631.01,5745.38,36,534,5508.95,0,11,1.5956,0.1348,1
33,56237.71,29645.78,24,789,27502.96,1,7,6.1322,0.5272,1
66,31294.34,35651.98,48,774,16354.33,0,8,6.556,1.1392,1
23,16773.65,25107.55,36,591,22906.48,0,17,16.8864,1.4968,1
30,47914.63,14248.42,48,780,21179.92,0,5,5.3788,0.2974,1
58,122917.57,17662.86,24,759,27912.4,0,13,2.7968,0.1437,1
21,44897.19,5439.3,48,724,35875.34,0,5,9.619,0.1212,1
47,68538.04,16044.01,48,628,11550.1,0,6,2.0808,0.2341,1
66,96387.17,4130.14,60,484,24009.09,3,4,2.9977,0.0428,1
28,215967.83,36863.6,60,805,23163.77,0,2,1.3212,0.1707,0
66,26072.27,45103.77,60,777,12948.24,0,9,6.3055,1.73,1
62,27737.31,32408.63,60,313,20233.65,0,15,8.9874,1.1684,1
37,41136.84,33521.75,48,392,2097.9,0,10,0.8157,0.8149,1
29,70916.75,24662.83,48,479,17363.86,0,2,3.0251,0.3478,1
26,12180.35,9489.75,60,604,11185.81,1,14,11.176,0.7791,1
63,72566.26,2370.81,24,774,34627.04,1,11,5.7425,0.0327,1
45,53581.46,18510.85,36,841,14632.77,0,21,3.3923,0.3455,0
59,35583.36,38071.45,48,823,8092.28,0,0,2.9965,1.0699,1
69,63278.82,48100.72,60,410,21422.01,0,12,4.2144,0.7601,1
48,83599.23,22692.08,36,714,32533.1,0,15,4.7603,0.2714,1
53,90836.19,19538.77,60,720,14484.81,3,23,1.9565,0.2151,1
57,49456.96,23406.01,60,710,33949.8,1,6,8.3321,0.4733,1
29,59612.45,22533.19,24,822,13382.12,0,6,2.8828,0.378,1
38,58278.77,32042.23,24,628,29556.12,0,5,6.3607,0.5498,1
41,102612.84,37239.08,48,571,5052.42,0,2,0.6816,0.3629,1
22,61619.26,39677.99,60,313,2956.92,0,11,0.7046,0.6439,1
63,72195.57,33181.03,36,474,29634.25,2,8,5.0789,0.4596,1
58,83750.41,23010.75,48,457,15051.73,0,10,2.2253,0.2748,1
60,158758.34,47604.98,24,533,16023.31,1,5,1.3611,0.2999,1
56,34492.98,36128.95,48,440,23179.03,3,11,8.3258,1.0474,1
63,130017.61,22479.59,48,780,39481.37,0,15,3.6872,0.1729,1
57,215919.27,23435.93,60,418,7274.64,2,21,0.426,0.1085,1
35,35838.37,41263.08,36,681,12344.24,0,21,4.5171,1.1514,1
48,43041.75,23145.96,24,820,26123.79,0,21,7.5522,0.5378,1
38,37908.45,26781.13,48,709,28188.05,0,5,9.0996,0.7065,1
54,72702.64,15994.51,48,348,28392.74,1,11,4.7414,0.22,1
42,16042.46,42267.91,60,669,24018.51,0,3,18.4932,2.6348,1
31,36326.44,27069.7,48,632,23737.21,0,17,8.0276,0.7452,1
33,41598.3,28521.73,36,448,6350.22,0,16,2.0604,0.6856,1
24,39471.86,44272.42,60,456,33467.7,1,7,10.399,1.1216,1
42,39234.14,46184.83,24,451,851.38,1,12,0.849,1.1772,1
27,36550.28,41561.3,48,760,16994.3,1,4,5.8638,1.1371,1
63,78153.6,5137.78,48,675,9008.67,1,2,1.3997,0.0657,1
44,67707.11,23288.44,60,724,4621.43,0,24,0.8879,0.344,0
24,136221.92,18479.89,48,347,13119.89,0,18,1.1897,0.1357,1
48,78273.16,12248.71,24,634,26458.9,1,4,4.1346,0.1565,1
35,25373.14,45629.79,36,768,20134.77,2,17,10.122,1.7983,1
21,44266.25,44723.31,36,544,35004.27,0,5,9.826,1.0103,1
23,41533.72,24334.3,60,561,24187.58,0,8,7.1055,0.5859,1
34,57133.33,8458.92,48,549,10498.79,0,16,2.2421,0.1481,1
58,94461.7,2641.55,60,796,20851.23,0,10,2.6544,0.028,0
21,54803.04,23046.42,60,351,9481.74,0,14,2.1603,0.4205,1
58,54890.47,3917.85,60,788,7556.93,0,18,1.6663,0.0714,0
58,49317.05,31258.69,60,441,38223.31,0,15,9.4274,0.6338,1
41,79725.95,31203.63,60,671,18987.3,0,0,2.9362,0.3914,1
68,34844.72,45149.09,48,550,26222.72,0,14,9.3546,1.2957,1
49,20451.14,11122.36,36,613,35000.57,1,20,20.7184,0.5439,1
25,72167.67,19826.92,36,524,13226.02,3,4,2.2908,0.2747,1
69,61396.02,43258.18,36,355,31666.5,0,19,6.4242,0.7046,1
30,108450.7,24766.23,48,638,31658.66,0,4,3.5601,0.2284,1
48,11421.5,4866.72,48,820,33048.47,0,15,34.8289,0.4261,1
41,46156.37,7317.63,60,799,7983.85,0,7,2.1074,0.1585,0
27,52262.17,41045.82,36,783,38532.19,0,23,9.1092,0.7854,1
23,19800.71,37697.48,60,463,11353.86,0,5,7.2616,1.9038,1
65,46538.82,44042.31,36,740,31184.18,0,11,8.3563,0.9464,1
67,99922.84,7705.34,24,432,6911.08,1,3,0.8685,0.0771,0
40,171385.18,38500.0,48,380,37006.97,0,15,2.6473,0.2246,1
39,88383.81,33445.01,24,649,17399.89,0,10,2.5516,0.3784,1
55,40348.81,13150.08,36,433,26911.81,2,12,8.1124,0.3259,1
24,104496.53,48747.41,60,351,34082.58,0,19,4.0072,0.4665,1
25,84697.52,29377.03,48,793,11654.27,1,14,1.7379,0.3468,1
21,36657.22,45530.14,48,501,15865.34,0,20,5.5041,1.2421,1
24,34576.25,43236.47,60,807,12878.87,0,4,4.7198,1.2505,1
32,44307.04,17990.02,24,313,11673.39,0,12,3.3646,0.406,1
47,26094.78,27725.93,24,684,20656.91,0,1,10.0306,1.0625,1
62,40681.34,22705.68,24,500,22096.43,1,11,6.797,0.5581,1
43,65647.3,36035.72,24,464,3534.5,1,5,0.9206,0.5489,1
45,91409.47,30226.02,48,432,27095.07,3,22,3.6396,0.3307,1
41,39053.54,39672.97,36,418,17090.05,0,2,5.5899,1.0159,1
44,112764.01,2564.11,60,785,35636.41,0,9,3.7969,0.0227,1
45,72407.36,35014.08,36,482,35478.14,0,19,6.0409,0.4836,1
65,74413.44,17315.13,36,757,28943.66,0,24,4.7451,0.2327,1
66,28242.77,12762.66,24,634,34224.44,0,3,14.7675,0.4519,1
52,145024.23,40459.59,36,530,36939.31,0,9,3.1495,0.279,1
52,68324.16,6282.62,24,610,23304.49,0,6,4.139,0.092,1
25,40150.88,12966.08,24,302,38890.3,1,17,11.7847,0.3229,1
56,36117.39,11779.25,36,380,38238.26,0,20,12.8134,0.3261,1
66,40689.64,22151.62,60,574,4840.37,0,21,1.5364,0.5444,1
62,26608.81,17472.17,36,687,21148.82,0,13,9.7565,0.6566,1
69,88696.91,36582.48,36,644,5021.46,1,17,0.8168,0.4124,0
62,28295.18,35569.75,48,518,27523.28,2,0,11.9869,1.2571,1
59,58331.35,17622.6,24,362,30728.39,0,24,6.4725,0.3021,1
36,37423.33,22975.08,48,739,35444.78,2,22,11.519,0.6139,1
53,73311.88,11979.59,60,326,26175.38,0,23,4.3172,0.1634,1
69,79540.6,34200.08,36,680,18432.71,2,20,2.9242,0.43,1
41,33311.47,21018.69,48,547,6659.51,1,20,2.5567,0.631,1
29,48034.55,8375.65,48,453,5441.61,2,16,1.403,0.1744,1
26,20618.94,8108.74,36,509,19683.86,0,2,11.5869,0.3933,1
65,135988.54,17471.39,36,321,33385.63,0,14,2.9889,0.1285,1
55,93041.59,37871.6,24,318,30153.39,0,13,4.0925,0.407,1
59,21219.52,3224.21,24,808,35291.67,0,6,20.034,0.1519,1
42,29139.72,14373.19,48,728,32534.11,0,9,13.5212,0.4933,1
61,45211.6,9799.34,36,336,8615.93,0,24,2.3591,0.2167,1
25,50174.21,47910.94,24,706,8412.81,0,7,2.4895,0.9549,1
62,32479.66,35853.52,24,723,18591.53,0,10,7.4208,1.1039,1
43,24662.6,13195.17,60,637,8050.65,0,4,4.0242,0.535,1
37,62132.15,11958.11,48,570,7905.23,2,2,1.5749,0.1925,1
32,139203.29,43185.47,48,761,11077.27,2,24,1.0325,0.3102,0
43,50655.31,11130.88,48,614,1391.4,3,19,0.3846,0.2197,1
36,41149.73,49858.84,36,357,23068.04,1,8,7.1309,1.2116,1
23,38634.32,15550.55,60,675,16165.97,2,18,5.1017,0.4025,1
50,25386.32,6047.97,24,755,9877.13,1,6,4.788,0.2382,1
42,32754.94,35165.21,60,706,5801.84,2,0,2.3403,1.0736,1
29,96922.47,31262.85,24,684,18506.09,0,9,2.4525,0.3226,1
49,14150.28,49991.46,24,355,24277.36,2,11,22.3546,3.5329,1
67,51126.69,40500.12,60,758,38944.45,0,14,9.2991,0.7922,1
57,49849.95,22584.15,48,774,10526.04,0,20,2.6471,0.453,1
43,52629.9,34477.35,36,815,1540.23,0,24,0.5695,0.6551,0
33,75845.27,41256.77,60,316,29572.6,0,24,4.7877,0.544,1
52,50853.12,26658.87,48,732,9789.2,0,21,2.4411,0.5242,1
66,37332.68,15097.83,48,536,19628.41,0,10,6.4103,0.4044,1
67,33058.25,12085.07,36,606,32424.9,0,5,11.892,0.3656,1
68,106831.3,16173.51,36,732,1960.59,0,2,0.2707,0.1514,0
43,91549.14,42707.3,48,323,6090.01,0,8,0.9149,0.4665,1
65,275566.02,20260.75,36,599,4377.95,0,16,0.2152,0.0735,0
37,41415.35,15759.88,48,537,9732.19,0,22,2.915,0.3805,1
60,33425.43,40682.59,24,791,7334.76,0,18,3.2418,1.2171,1
41,64337.64,3532.18,36,587,13005.77,0,1,2.4441,0.0549,1
22,63412.1,30510.0,24,714,29979.03,0,20,5.9138,0.4811,1
57,71812.44,43934.33,36,699,2172.58,1,4,0.567,0.6118,1
26,81493.5,21684.02,48,715,3413.67,0,17,0.5692,0.2661,0
64,71396.5,14927.27,48,782,22790.79,0,11,3.8828,0.2091,1
38,93434.78,25602.04,48,550,21050.26,0,23,2.772,0.274,1
50,101194.85,36438.9,48,699,19225.97,0,14,2.3699,0.3601,1
42,102283.83,26797.07,48,440,20878.4,0,13,2.515,0.262,1
53,12622.01,2366.67,48,677,29810.54,1,1,28.3884,0.1875,1
50,56355.13,5759.58,36,419,23256.5,0,23,4.9862,0.1022,1
37,28171.72,36623.76,36,637,18550.44,2,21,8.3351,1.3,1
63,92343.32,21197.66,24,749,3729.16,0,9,0.5994,0.2296,0
52,12464.24,39669.24,60,460,39003.46,0,19,38.1873,3.1826,1
62,118365.81,33175.52,36,404,9953.68,1,2,1.1025,0.2803,1
34,29178.29,29912.76,36,391,34831.74,0,8,14.6668,1.0252,1
30,25429.92,45266.01,60,784,15469.62,0,14,7.6559,1.78,1
67,60703.07,3023.46,60,718,27515.49,1,21,5.4493,0.0498,1
56,39184.54,9441.65,24,720,18438.12,2,20,5.767,0.241,1
54,142576.44,31970.05,24,353,14489.43,1,2,1.3316,0.2242,1
29,111059.34,5159.75,48,813,24765.05,0,18,2.6875,0.0465,0
62,36080.19,32958.58,24,396,21676.2,0,5,7.6661,0.9135,1
48,91627.89,49237.81,24,484,9681.08,0,19,1.5366,0.5374,1
31,35342.02,44182.79,60,732,13781.55,1,3,4.9294,1.2501,1
34,35159.54,30364.01,36,770,1857.88,0,10,0.922,0.8636,1
59,75245.46,44910.88,48,424,8146.55,2,7,1.4484,0.5969,1
67,117419.08,7580.87,24,633,13765.4,0,17,1.4391,0.0646,0
39,37622.46,23825.32,60,563,38898.79,0,21,12.5338,0.6333,1
35,39381.16,22576.45,48,490,21320.01,0,12,6.6398,0.5733,1
48,58730.99,18149.48,48,520,28181.45,0,14,5.8353,0.309,1
44,28669.98,2009.67,60,498,27107.21,0,15,11.3599,0.0701,1
28,125397.78,44769.39,24,643,39245.07,0,24,3.9341,0.357,1
63,28505.96,39329.92,24,473,22448.78,0,2,10.14,1.3797,1
29,33526.24,33337.16,24,516,23627.03,1,4,8.954,0.9944,1
67,141540.82,8190.41,24,505,12352.77,1,6,1.0762,0.0579,0
53,55756.71,20153.85,48,672,25231.65,0,0,5.5207,0.3615,1
53,157337.75,46367.7,36,473,30430.11,0,7,2.4191,0.2947,1
39,42977.56,31612.62,48,377,4578.51,0,5,1.4623,0.7356,1
23,222284.04,30963.71,48,622,19464.93,0,3,1.0856,0.1393,1
30,70925.83,45830.08,60,683,17165.06,2,10,3.0334,0.6462,1
60,31211.39,28872.02,48,736,4986.59,0,5,2.1485,0.925,1
67,30924.3,30685.92,24,498,13980.87,1,17,5.9213,0.9923,1
62,20448.71,18594.35,60,306,21639.56,2,19,12.8807,0.9093,1
21,21835.91,19829.16,60,562,26169.84,0,23,14.5633,0.9081,1
49,33000.6,34909.13,60,824,11911.33,0,19,4.5429,1.0578,1
54,27039.15,17380.89,60,319,19313.83,0,20,8.7001,0.6428,1
33,10438.34,28837.18,60,553,29496.14,0,1,34.4615,2.7626,1
21,81219.66,15401.44,24,479,17178.79,0,18,2.6329,0.1896,1
54,78057.63,9974.01,36,652,37660.54,0,18,5.8322,0.1278,1
49,58984.27,23811.32,36,514,1712.89,0,17,0.483,0.4037,1
68,24810.45,12437.41,60,657,10778.98,1,23,5.3137,0.5013,1
67,131672.79,45127.73,36,519,5768.95,0,10,0.64,0.3427,1
33,44050.82,16573.42,48,636,21880.98,0,2,6.0547,0.3762,1
68,29734.41,30675.3,36,618,7506.25,1,10,3.3732,1.0316,1
69,56362.07,14645.21,48,765,29802.7,0,0,6.4102,0.2598,1
49,54455.74,14384.92,24,453,36774.83,1,1,8.2359,0.2642,1
59,10919.98,18830.53,60,650,8684.39,2,23,9.8882,1.7244,1
44,48119.02,45961.98,48,361,36317.14,0,0,9.2956,0.9552,1
46,52697.51,20791.89,24,759,25454.33,0,0,5.9936,0.3946,1
37,39056.14,41420.79,24,539,8248.74,0,12,3.0647,1.0605,1
27,22184.01,11470.31,60,489,29593.55,0,0,16.1115,0.5171,1
33,22579.63,4312.14,36,445,4089.51,0,9,2.237,0.191,1
25,66731.96,39520.54,24,821,27839.85,1,12,5.3024,0.5922,1
46,77416.92,28010.0,36,591,34519.82,2,7,5.4713,0.3618,1
69,37466.19,26178.84,36,359,38039.85,0,21,12.4166,0.6987,1
23,61660.0,15065.88,36,772,2653.98,0,6,0.598,0.2443,0
27,37244.11,5471.22,48,372,2946.46,0,19,0.9861,0.1469,1
69,29379.62,25177.28,36,538,37250.99,0,11,15.5007,0.857,1
59,55753.65,43626.87,36,715,31688.91,0,7,7.0813,0.7825,1
21,24601.02,7761.06,24,478,31083.55,0,12,15.3198,0.3155,1
69,152706.1,46600.2,60,366,29833.56,0,1,2.4054,0.3052,1
37,20691.78,15187.0,48,376,28834.52,1,8,16.9058,0.734,1
63,58121.82,27544.94,36,547,24722.3,0,19,5.2622,0.4739,1
45,53645.0,5192.4,60,367,32603.23,0,16,7.3125,0.0968,1
23,50862.71,22402.24,36,398,1849.81,0,17,0.5832,0.4404,0
35,119376.31,8043.1,36,844,29741.93,0,23,3.0122,0.0674,1
49,9781.75,4302.74,24,841,23525.24,0,15,29.0801,0.4399,1
63,62757.87,48394.77,60,837,36344.63,1,8,7.1037,0.7711,1
52,41604.91,37044.54,24,623,37486.77,0,4,11.2574,0.8904,1
46,69590.65,36514.77,24,422,10032.56,0,19,1.9923,0.5247,1
36,50655.82,6346.39,36,332,31683.67,0,15,7.5474,0.1253,1
45,46863.19,46608.83,36,444,38301.45,1,12,10.1392,0.9946,1
48,23756.49,24534.49,36,816,11032.66,0,22,5.9171,1.0327,1
29,32732.3,42909.64,60,609,34117.85,0,1,12.7701,1.3109,1
21,320906.77,2604.85,60,443,23667.92,0,22,0.8867,0.0081,1
49,69972.76,16313.91,60,816,16102.31,0,11,2.8081,0.2331,1
42,92185.29,49810.26,60,494,33032.57,2,8,4.408,0.5403,1
36,39690.29,22536.23,36,782,34876.81,1,1,10.734,0.5678,1
61,29337.87,44647.69,36,774,11664.55,0,11,5.2784,1.5218,1
64,78108.7,17743.92,24,468,31881.29,0,23,5.0116,0.2272,1
61,15642.85,27215.8,36,482,2461.63,0,21,2.4683,1.7398,1
27,33175.17,43002.52,60,412,16997.67,1,5,6.4076,1.2962,1
34,39626.55,31079.39,48,575,3256.52,0,12,1.1822,0.7843,1
49,86421.65,36809.23,36,775,12106.51,0,15,1.823,0.4259,1
39,62832.49,12983.99,60,477,38039.42,0,19,7.3062,0.2066,1
39,36910.83,9482.74,24,590,29522.13,0,24,9.7263,0.2569,1
22,61168.27,13054.71,36,733,30346.18,1,7,6.0245,0.2134,1
61,40868.26,25666.34,48,762,5812.21,2,6,1.8636,0.628,1
65,93155.24,40446.31,60,716,23358.09,0,14,3.0958,0.4342,1
35,56482.95,18991.7,36,437,15859.0,0,4,3.4814,0.3362,1
23,138949.48,29111.16,60,788,29500.12,0,20,2.5896,0.2095,1
31,41494.8,40631.0,48,467,6704.89,0,17,2.1838,0.9792,1
66,102256.24,13461.27,48,433,11635.89,0,20,1.3984,0.1316,1
50,51753.55,44382.84,24,460,35993.62,0,18,8.7746,0.8576,1
60,32262.27,47747.95,48,676,7206.29,0,12,3.0504,1.48,1
38,233501.72,3870.57,36,629,25480.27,0,22,1.315,0.0166,0
68,107562.28,4837.33,48,694,12948.5,1,24,1.4558,0.045,1
22,56420.85,6366.07,36,471,3734.47,1,15,0.8319,0.1128,1
52,77621.35,39284.88,36,769,9335.45,0,12,1.6119,0.5061,1
28,25611.3,11088.17,60,721,34841.67,0,13,16.4114,0.4329,1
42,26158.07,36833.41,36,555,36466.71,0,15,17.1985,1.4081,1
26,95650.31,23181.25,36,419,17083.43,1,21,2.224,0.2424,1
32,49162.11,42140.24,24,318,25025.59,0,11,6.5371,0.8572,1
67,44645.53,40810.66,60,546,21059.67,0,11,5.8433,0.9141,1
60,41243.03,48063.8,36,504,11547.92,0,10,3.7484,1.1654,1
56,53703.88,14049.82,24,719,14119.42,0,22,3.2858,0.2616,1
35,42085.16,13003.48,60,366,21309.41,0,22,6.1379,0.309,1
48,14482.78,3512.38,48,641,27966.8,1,6,23.2331,0.2425,1
69,114636.92,21699.97,36,644,14319.32,0,3,1.562,0.1893,0
65,45874.46,24035.03,48,686,28107.14,0,5,7.4833,0.5239,1
38,147107.25,48296.66,60,641,38458.74,1,22,3.2029,0.3283,1
22,17029.16,41877.69,60,407,1470.01,0,13,1.5277,2.4592,1
33,16989.12,10006.0,24,701,6971.56,0,13,5.2187,0.589,1
65,41554.12,40327.49,36,601,36692.71,0,11,10.9196,0.9705,1
35,88125.43,10558.37,36,406,3327.0,0,14,0.493,0.1198,1
40,23581.07,5732.72,24,776,30719.35,0,10,15.7541,0.2431,1
49,23038.3,42179.97,48,636,25147.14,0,3,13.5562,1.8309,1
62,61277.71,48846.06,60,759,2384.19,0,24,0.6263,0.7971,1
49,40630.56,6229.69,24,612,528.73,0,10,0.2328,0.1533,1
23,67944.6,41068.39,60,453,20328.97,0,24,3.7113,0.6044,1
39,41069.87,43242.21,48,648,5135.14,0,11,1.7636,1.0529,0
23,61764.4,7700.27,48,828,34952.51,0,19,6.822,0.1247,1
34,111266.1,15596.17,48,599,19490.6,0,7,2.1371,0.1402,1
60,23611.09,37215.71,36,833,9760.54,0,23,5.4861,1.5762,1
24,99794.88,40771.05,60,535,7144.09,0,17,0.9408,0.4085,1
31,17632.72,18990.76,60,510,33513.02,1,5,23.0228,1.077,1
51,70657.67,9676.61,24,585,28890.18,0,8,4.975,0.137,1
63,114870.59,33120.53,60,722,28859.53,0,23,3.0725,0.2883,1
52,35794.85,35694.49,36,793,3869.62,0,16,1.6297,0.9972,0
47,72166.63,26173.18,24,718,25168.45,0,4,4.3664,0.3627,1
50,36597.83,8957.17,48,644,34844.56,0,15,11.4863,0.2447,1
63,69649.35,42535.36,60,822,30753.07,0,12,5.4206,0.6107,1
22,12643.52,32972.77,36,618,5167.19,0,12,5.7735,2.6079,1
69,54029.96,43719.88,36,641,37996.54,0,20,8.7087,0.8092,1
29,62145.56,46782.52,60,678,3254.51,0,8,0.779,0.7528,1
48,109843.2,40673.5,36,845,22497.72,0,1,2.5812,0.3703,1
51,85404.44,48015.56,48,507,37827.99,0,20,5.4557,0.5622,1
54,44500.62,47804.37,60,485,32979.14,0,15,9.108,1.0742,1
35,57574.72,31728.54,60,316,27392.75,0,0,5.8195,0.5511,1
68,20585.25,36952.36,60,589,34325.57,2,7,20.3688,1.7951,1
45,131458.3,35571.61,24,553,27094.61,2,23,2.6086,0.2706,1
56,74213.08,31814.54,48,745,2670.48,0,1,0.539,0.4287,0
28,16049.93,2929.05,36,755,14359.44,0,9,10.7969,0.1825,1
29,56817.08,19083.52,60,446,17371.34,0,12,3.7361,0.3359,1
57,59480.53,6803.76,60,413,22081.9,1,0,4.4778,0.1144,1
68,30811.2,16412.44,36,396,9570.8,1,2,3.9051,0.5327,1
65,51954.28,5291.11,48,681,35306.31,0,8,8.1802,0.1018,1
59,29007.56,46161.51,36,675,9533.68,0,22,4.4744,1.5914,1
52,21104.5,23663.84,36,805,26474.95,0,22,15.4274,1.1213,1
37,33927.86,11089.49,60,621,35125.99,0,3,12.4891,0.3269,1
55,54336.65,30069.4,24,627,29446.12,0,4,6.7797,0.5534,1
57,85562.21,11429.64,24,648,5872.5,0,22,0.8904,0.1336,0
39,51117.95,40613.14,24,469,38080.07,1,1,9.3366,0.7945,1
64,86064.72,16684.12,24,606,4130.7,0,14,0.6729,0.1939,0
49,72346.46,17115.23,24,498,8402.66,2,2,1.512,0.2366,1
27,26337.82,43757.65,60,476,6000.1,1,18,3.066,1.6614,1
48,72017.31,28841.74,24,423,26843.22,0,10,4.673,0.4005,1
29,73221.62,44590.5,36,456,32392.7,0,6,5.5117,0.609,1
48,139396.91,21818.63,60,585,9901.63,0,6,0.8837,0.1565,1
26,62717.3,18508.53,36,534,39180.32,0,21,7.5949,0.2951,1
49,23369.7,26297.74,24,593,6000.13,0,16,3.6436,1.1253,1
37,35156.03,4951.6,48,317,12976.81,0,14,4.4647,0.1408,1
36,16130.48,9401.64,24,473,19867.21,2,7,15.0713,0.5828,1
43,66588.46,12537.04,60,702,32449.48,2,9,5.8854,0.1883,1
51,132240.9,41200.51,36,680,15373.43,0,14,1.4989,0.3116,0
23,11676.24,37222.34,48,419,7605.91,0,19,8.6138,3.1879,1
41,135637.1,11278.75,48,395,18864.98,1,23,1.6898,0.0832,1
46,66061.57,15283.88,48,330,19321.56,0,6,3.5676,0.2314,1
56,25694.98,47324.57,36,396,1140.11,0,16,1.1464,1.8418,1
62,57183.28,6118.54,60,769,1325.09,0,22,0.2995,0.107,0
57,26197.08,28277.84,48,345,11466.73,0,19,5.5224,1.0794,1
42,63847.45,27056.34,36,535,29778.22,0,20,5.738,0.4238,1
62,50920.28,36833.98,36,636,14956.62,0,12,3.7658,0.7234,1
32,59730.98,14548.9,24,584,8842.57,0,5,1.8983,0.2436,1
62,28244.0,46869.09,36,433,4962.5,0,4,2.6616,1.6594,1
33,30822.73,21707.98,60,838,11580.63,0,15,4.6495,0.7043,1
31,66243.51,15714.54,60,559,19516.85,0,1,3.5829,0.2372,1
36,36256.15,18169.73,48,802,4188.49,0,23,1.5116,0.5011,0
28,53605.7,18738.67,36,479,1089.89,0,23,0.3605,0.3496,1
60,64330.56,11548.56,36,566,5528.63,1,4,1.0911,0.1795,1
60,42898.26,46546.59,24,383,29650.19,0,4,8.8366,1.085,1
65,98033.12,10394.01,24,709,18919.23,0,11,2.3689,0.106,1
22,43856.13,44375.97,36,455,18084.11,0,22,5.2855,1.0119,1
50,43073.13,21436.6,36,789,1280.23,2,17,0.5226,0.4977,0
50,33556.2,14925.27,36,627,28582.31,0,20,10.3696,0.4448,1
32,91490.39,11528.43,24,645,8475.4,0,0,1.1746,0.126,1
30,32069.96,26208.43,24,396,4089.19,0,12,1.9387,0.8172,1
64,104057.0,34124.41,60,482,33760.3,0,19,3.9589,0.3279,1
31,54060.96,45114.61,48,626,19681.51,0,11,4.5774,0.8345,1
35,245059.64,33317.44,48,677,30082.86,0,7,1.5071,0.136,0
36,32982.23,25215.8,48,386,32964.45,0,0,12.1847,0.7645,1
37,105357.68,3606.85,48,434,38602.37,0,14,4.4053,0.0342,1
46,66579.05,45940.49,24,389,25136.13,0,9,4.8755,0.69,1
22,36017.04,45313.72,24,787,3196.98,1,0,1.6942,1.2581,1
32,67118.02,20178.41,36,388,22528.68,0,13,4.1281,0.3006,1
46,65184.2,3393.66,60,592,20626.14,0,12,3.8076,0.0521,1
43,40168.44,37201.74,60,745,2773.77,0,19,1.0139,0.9261,1
38,63384.11,40000.68,48,698,12598.93,0,9,2.543,0.6311,1
52,98524.94,28038.36,36,813,16781.03,0,4,2.1387,0.2846,1
69,66623.49,21338.0,36,694,6858.53,0,8,1.3421,0.3203,0
58,38119.79,42854.38,24,316,846.08,0,13,0.8284,1.1242,1
67,36853.23,11240.79,36,541,30400.64,0,20,10.0006,0.305,1
23,46516.11,23098.79,60,843,34139.56,0,0,8.9065,0.4966,1
58,95556.9,3175.33,60,303,9549.52,0,14,1.2059,0.0332,1
23,31186.06,9872.51,36,580,650.11,2,18,0.3557,0.3166,1
50,62024.13,47159.9,24,832,35652.51,0,19,7.278,0.7603,1
21,19197.2,29748.0,60,770,5791.42,1,6,3.9301,1.5496,1
50,70036.16,40668.43,24,537,16427.56,1,17,3.105,0.5807,1
65,76961.65,25352.02,24,777,14955.67,3,3,2.4966,0.3294,1
52,165474.59,42071.7,60,388,6988.33,2,23,0.5576,0.2542,1
48,85406.36,27869.62,24,412,24153.02,0,20,3.5568,0.3263,1
41,38533.35,2217.81,48,441,36782.41,0,5,11.4691,0.0576,1
66,19521.12,45185.55,48,350,20792.07,0,2,13.36,2.3147,1
33,66737.21,9131.17,48,507,38930.04,0,3,7.0342,0.1368,1
47,40282.27,23626.63,36,822,8035.48,0,24,2.5893,0.5865,0
56,59901.78,24880.37,60,807,34015.84,0,1,6.8974,0.4154,1
27,31821.23,4267.34,48,569,10647.87,2,2,4.0489,0.1341,1
42,44182.42,4547.38,24,562,10396.39,1,17,2.8751,0.1029,1
30,17676.81,38602.49,48,485,5148.81,0,1,4.0412,2.1838,1
59,26167.58,16421.64,24,520,34613.5,0,24,16.1869,0.6276,1
35,24043.93,21662.15,60,380,29139.82,0,7,14.7235,0.9009,1
35,82757.83,29077.4,48,708,13995.44,0,6,2.1172,0.3514,1
24,29841.09,19922.53,60,385,14301.96,0,8,5.8848,0.6676,1
52,112056.45,39201.8,48,403,33869.39,0,23,3.7145,0.3498,1
43,30017.44,44454.3,24,583,37139.48,0,8,15.5876,1.4809,1
26,172398.31,4866.46,24,759,24295.82,1,1,1.7053,0.0282,0
44,15225.08,32499.36,36,760,16570.15,0,6,13.7717,2.1346,1
40,63232.97,17247.68,36,420,2599.17,0,24,0.5842,0.2728,0
57,50169.31,29997.21,36,651,5499.32,0,12,1.5147,0.5979,1
40,23697.74,25227.55,48,739,6100.62,0,24,3.3554,1.0646,1
32,35222.52,18016.57,60,488,11433.73,0,7,3.9977,0.5115,1
53,41907.96,6551.15,48,849,10652.76,1,0,3.0894,0.1563,1
48,56947.43,28853.12,24,528,21943.83,0,2,4.8773,0.5067,1
28,27949.37,7414.04,60,685,37791.95,0,7,16.2789,0.2653,1
21,63271.62,9493.76,24,430,34535.61,1,18,6.625,0.15,1
57,52671.74,49144.41,36,470,20611.94,0,3,5.0069,0.933,1
42,78238.01,17201.85,24,629,1183.28,0,9,0.2914,0.2199,0
26,29219.24,30052.94,48,334,3201.76,0,17,1.5721,1.0285,1
41,38345.8,15067.13,24,500,34483.86,0,18,10.9879,0.3929,1
52,116456.26,43544.45,24,467,11703.39,1,20,1.3929,0.3739,1
55,28463.47,15600.33,24,808,13064.57,1,11,5.782,0.5481,1
35,21258.54,19610.49,60,810,6021.21,3,10,3.5833,0.9225,1
25,33571.3,31202.6,24,545,9312.98,1,5,3.7936,0.9294,1
66,16889.21,43759.36,24,523,10263.93,0,5,8.5881,2.591,1
68,133751.13,41178.28,36,640,16777.69,0,22,1.6079,0.3079,1
26,41371.27,14665.27,36,836,25114.25,0,7,7.4027,0.3545,1
45,41611.7,41818.64,48,739,14449.67,0,21,4.4182,1.005,1
66,76535.98,35657.38,36,843,18269.6,0,9,3.0198,0.4659,1
60,31718.83,49511.77,24,449,7685.05,1,21,3.6879,1.561,1
49,43063.96,46901.49,36,655,2727.39,1,1,1.123,1.0891,1
27,31220.61,27590.56,60,832,14255.49,1,12,5.656,0.8837,1
60,17102.53,37996.57,48,672,2968.41,0,18,2.6382,2.2217,1
33,50536.68,29368.63,36,711,12338.95,0,21,3.1236,0.5811,1
58,90711.23,30559.78,48,551,33585.15,0,21,4.5271,0.3369,1
38,51409.43,6872.04,48,313,14993.77,0,5,3.5333,0.1337,1
22,85124.89,2107.79,48,514,8133.84,0,3,1.1528,0.0248,1
28,25400.52,4312.95,60,835,36131.67,0,10,17.1037,0.1698,1
31,31181.38,48398.27,24,319,25754.3,1,17,10.6875,1.5522,1
53,22548.45,8060.87,60,787,39535.95,0,23,21.112,0.3575,1
58,61079.68,4130.71,48,735,12359.93,3,1,2.4452,0.0676,1
68,40515.29,16862.92,36,620,8414.58,1,2,2.631,0.4162,1
47,39615.07,30232.64,36,351,12268.64,2,16,3.9707,0.7632,1
40,73232.29,47526.11,60,656,32593.45,1,8,5.4706,0.649,1
32,36908.98,35594.6,36,647,6485.38,0,18,2.43,0.9644,1
63,93695.27,15264.94,48,625,10022.59,0,17,1.3244,0.1629,0
51,56466.03,47074.78,48,826,28214.5,2,5,6.2045,0.8337,1
47,39352.36,3729.97,24,518,29651.02,0,23,9.0891,0.0948,1
52,19322.74,48994.59,48,821,38374.23,0,3,24.4654,2.5356,1
30,72981.74,4814.75,36,704,39215.99,0,16,6.4701,0.066,1
23,58090.73,38184.8,24,318,26709.48,0,22,5.8461,0.6573,1
65,59792.83,4174.28,36,593,14830.39,2,18,2.9996,0.0698,1
47,60948.11,46714.95,60,314,18394.06,0,20,3.7749,0.7665,1
55,35687.24,7215.96,24,625,17851.07,0,10,6.1036,0.2022,1
51,44764.72,4422.99,48,457,15801.43,0,17,4.2606,0.0988,1
35,37229.97,44684.73,24,403,13860.69,0,23,5.0677,1.2002,1
36,103781.05,6598.11,48,581,7132.06,0,15,0.8406,0.0636,0
33,41561.43,40300.7,48,446,14963.28,3,18,4.5628,0.9697,1
69,33808.11,37857.66,36,813,38784.57,0,8,14.1396,1.1198,1
55,108148.27,30746.15,48,367,35345.18,0,16,3.9929,0.2843,1
31,101314.29,20142.21,48,803,24884.4,0,15,2.9971,0.1988,1
41,56490.32,45947.87,48,368,8115.84,3,5,1.9274,0.8134,1
31,45346.08,43811.9,36,712,35207.26,0,18,9.639,0.9662,1
50,39037.2,22459.86,48,363,12818.71,0,3,4.0843,0.5753,1
68,47744.33,13122.8,60,536,22055.74,2,10,5.5984,0.2749,1
55,29003.54,15083.44,36,695,36515.89,0,19,15.2815,0.5201,1
42,65514.07,12575.53,60,438,13720.26,0,14,2.5515,0.192,1
58,132124.74,27980.09,24,615,36577.04,0,23,3.4279,0.2118,1
51,68704.63,43689.86,36,722,9787.57,0,8,1.9215,0.6359,1
34,25287.32,39133.37,60,431,37183.77,2,20,17.9549,1.5475,1
44,64412.34,40184.5,36,525,14667.29,0,10,2.9405,0.6239,1
69,55089.98,23517.85,48,772,15296.75,1,9,3.4387,0.4269,1
52,64072.91,17477.35,36,417,22343.81,0,9,4.2756,0.2728,1
56,29979.19,38353.08,24,638,14207.55,0,18,6.3266,1.2793,1
52,49119.65,40078.32,60,718,18274.31,0,24,4.6276,0.8159,1
35,83271.31,35376.98,36,734,20302.3,0,0,3.0673,0.4248,1
63,25796.68,3541.14,48,478,19895.27,1,16,9.2891,0.1373,1
55,37441.17,30304.87,60,761,38463.82,0,18,12.4896,0.8094,1
23,41245.11,18658.2,60,403,11630.64,0,17,3.4743,0.4524,1
36,89234.26,11417.25,60,413,11740.89,1,23,1.6045,0.1279,1
25,97587.0,35330.97,24,570,33597.91,0,20,4.3125,0.362,1
41,15536.08,14889.25,48,605,15984.35,0,16,12.5858,0.9584,1
30,89188.31,45816.38,48,354,3391.29,1,18,0.5847,0.5137,1
39,99446.3,16307.8,60,823,19509.53,0,2,2.387,0.164,0
45,95684.58,28648.67,36,733,22234.04,0,12,2.8882,0.2994,1
24,35675.65,41732.58,60,489,24898.86,0,1,8.609,1.1698,1
49,42707.03,21301.68,48,688,9786.18,0,8,2.8745,0.4988,1
39,19140.22,41775.58,24,634,38943.75,0,12,25.5072,2.1826,1
63,13947.12,36737.43,24,645,29612.22,0,0,26.7952,2.6341,1
22,39461.92,46201.57,60,564,28945.56,0,9,9.0362,1.1708,1
30,51322.33,17640.06,24,403,34978.46,0,20,8.3504,0.3437,1
63,54505.76,7041.35,24,440,1532.04,0,24,0.4019,0.1292,0
45,80232.49,22656.78,36,538,24719.12,0,2,3.7913,0.2824,1
40,307638.75,39719.05,24,729,32804.56,0,9,1.3442,0.1291,0
68,38654.0,23620.89,36,397,1857.76,2,18,0.7804,0.6111,1
39,26020.98,14575.42,60,760,30367.76,0,6,14.1166,0.5601,1
43,68028.42,3324.95,48,556,39593.04,0,16,6.9963,0.0489,1
44,56013.36,17025.14,48,310,23939.71,0,24,5.2047,0.3039,1
31,34727.5,36242.29,36,477,17275.35,1,22,6.3173,1.0436,1
66,84669.55,9085.46,48,692,18417.53,0,11,2.6371,0.1073,1
54,30116.82,18362.21,60,593,27339.49,1,7,11.0153,0.6097,1
48,45381.51,2971.11,48,696,23013.25,1,17,6.1016,0.0655,1
25,46978.69,36644.24,24,688,31609.02,0,2,8.4641,0.78,1
25,27760.58,44272.79,60,836,17154.68,0,24,7.7344,1.5948,1
41,17574.02,29289.36,60,565,16984.32,2,3,11.9307,1.6666,1
32,55902.81,3241.86,48,432,29965.63,0,20,6.4469,0.058,1
24,111438.63,12446.02,48,577,25997.99,0,24,2.8275,0.1117,1
69,87250.72,23046.52,36,400,31234.87,0,7,4.3839,0.2641,1
62,90824.08,30203.9,24,703,35542.97,0,4,4.8623,0.3326,1
40,30352.38,25821.26,48,583,10904.53,0,10,4.5239,0.8507,1
58,55739.36,45961.57,48,576,12943.92,1,1,2.9928,0.8246,1
45,20858.24,47054.54,36,438,21314.55,3,18,13.0145,2.2559,1
34,54249.5,7143.32,48,520,37252.89,1,2,8.2733,0.1317,1
31,112788.62,8642.76,24,368,33470.17,0,11,3.5993,0.0766,1
52,114909.75,19186.64,24,476,19003.61,0,6,2.068,0.167,1
31,165755.52,22219.27,60,672,23138.2,0,5,1.7019,0.134,1
38,88743.62,30131.2,60,844,28636.25,0,22,3.9401,0.3395,1
47,65215.3,39111.67,24,600,21145.86,0,7,4.1908,0.5997,1
38,82853.88,8516.85,36,527,4388.72,1,4,0.6699,0.1028,0
43,73743.23,40526.71,60,671,14433.1,2,12,2.4586,0.5496,1
31,30201.52,31281.36,24,698,2380.68,0,12,1.4638,1.0358,1
41,19747.89,49082.45,24,442,26959.68,0,21,17.625,2.4855,1
64,83254.31,33256.05,60,436,13816.39,3,0,2.0713,0.3995,1
25,172130.63,36372.39,24,355,29665.33,0,13,2.1738,0.2113,0
43,85338.66,11370.03,24,681,17473.55,1,3,2.5237,0.1332,1
61,15784.22,38905.37,24,770,2300.74,0,21,2.9816,2.4648,1
45,35897.35,5804.78,24,507,15494.83,2,19,5.2606,0.1617,1
61,43563.91,33513.46,60,334,9138.44,0,0,2.6711,0.7693,1
30,16096.77,4667.5,36,565,8964.48,0,13,6.7796,0.29,1
42,21458.19,7530.84,24,320,15415.59,0,18,8.7963,0.351,1
39,47942.36,7177.58,48,439,39143.89,0,18,9.8352,0.1497,1
21,57353.01,4519.24,36,564,38422.74,1,2,8.0655,0.0788,1
27,27129.89,17414.67,48,699,32236.44,0,19,14.4192,0.6419,1
24,20873.51,49728.92,48,756,10195.96,0,10,6.4572,2.3824,1
21,100306.27,18714.82,24,419,30675.2,0,8,3.7631,0.1866,1
35,38967.48,38517.24,60,682,1106.86,0,24,0.5385,0.9884,0
60,42461.48,8351.22,48,834,2725.79,0,23,0.8195,0.1967,0
32,35312.7,23815.57,48,338,33511.44,3,18,11.5565,0.6744,1
42,30862.43,10885.56,48,321,22787.35,0,1,8.9484,0.3527,1
42,107116.25,11220.66,24,346,15245.65,1,12,1.7603,0.1048,1
67,28915.19,6785.12,24,838,29748.11,0,2,12.463,0.2347,1
37,54601.14,22738.12,60,683,5017.34,3,10,1.186,0.4164,1
49,49277.49,5625.68,24,781,11824.12,0,13,2.9365,0.1142,1
66,15231.12,45670.95,36,347,29240.54,1,14,24.037,2.9985,1
34,56645.52,23499.22,60,380,8683.17,0,4,1.9224,0.4148,1
40,19411.46,42251.17,24,344,24225.38,1,6,16.0642,2.1766,1
68,71773.89,49014.29,24,574,18182.7,0,1,3.3814,0.6829,1
53,24056.25,34533.4,48,610,8493.37,0,5,4.5956,1.4355,1
63,67051.16,45272.52,24,531,35591.12,0,10,6.7073,0.6752,1
35,37884.47,8497.64,48,385,17703.34,0,1,5.6637,0.2243,1
32,32708.99,41839.7,24,404,24154.18,1,12,9.5011,1.2791,1
60,55622.32,15018.43,24,476,10494.99,0,0,2.3992,0.27,1
40,20269.74,24684.71,24,488,14198.8,0,2,9.0148,1.2178,1
50,47026.55,33035.97,24,359,2434.86,0,19,0.9726,0.7025,1
58,78382.03,45370.09,24,519,19586.97,0,1,3.2881,0.5788,1
23,91634.46,45727.7,60,415,14121.42,0,18,1.9491,0.499,0
48,37138.95,6420.91,24,769,13511.45,2,21,4.4521,0.1729,1
46,40538.55,19498.66,24,466,35652.76,1,8,10.7942,0.481,1
50,20027.44,40072.41,48,744,28302.86,0,17,17.4587,2.0009,1
33,31243.67,35751.53,36,532,18562.94,0,22,7.511,1.1443,1
33,19224.36,3264.92,36,413,8216.37,1,0,5.1853,0.1698,1
22,63834.19,23594.69,60,807,38943.43,2,19,7.3948,0.3696,1
57,81251.13,41804.15,24,450,3453.23,0,13,0.7673,0.5145,1
69,37326.75,37408.85,36,669,5876.19,0,13,2.2232,1.0022,1
58,25979.44,21768.79,48,648,11177.7,0,17,5.3725,0.8379,1
22,58977.72,37287.73,48,466,38203.87,1,12,7.9313,0.6322,1
56,29121.17,28458.11,60,371,11515.84,0,3,4.9408,0.9772,1
46,73362.14,45806.19,48,652,19911.34,0,17,3.413,0.6244,1
31,156569.95,30182.1,36,310,30566.01,0,18,2.4069,0.1928,1
28,28834.85,21235.24,36,452,37202.83,0,23,15.7279,0.7364,1
64,31413.55,43420.19,36,461,24401.06,0,3,9.782,1.3822,1
60,20419.74,4393.7,24,685,15678.96,1,5,9.3216,0.2152,1
63,53512.23,45224.51,48,443,39427.59,0,11,9.0528,0.8451,1
42,51373.33,35424.65,48,438,1533.42,0,8,0.5306,0.6896,0
40,41675.32,47149.08,24,505,33370.84,0,12,10.1745,1.1313,1
28,49498.03,14024.23,36,395,11458.48,0,23,2.8724,0.2833,1
49,26207.35,35356.23,48,655,32789.35,0,13,15.3511,1.3491,1
60,18071.3,40854.24,36,770,6905.59,0,14,5.3391,2.2607,1
46,31087.41,35700.92,24,617,14199.33,0,13,6.0553,1.1484,1
50,15532.45,12096.02,36,811,2710.87,0,17,2.3539,0.7788,0
37,28833.21,15228.3,60,318,8385.08,0,1,3.5954,0.5282,1
40,59032.09,29203.63,24,712,24310.3,0,2,5.1891,0.4947,1
36,50807.49,23444.03,36,706,30579.33,0,17,7.3762,0.4614,1
66,16911.18,37285.63,24,701,36493.46,0,18,26.9978,2.2048,1
63,92005.89,20176.48,48,400,5227.58,0,17,0.7366,0.2193,1
27,43619.41,43255.07,60,317,6052.63,1,14,1.8634,0.9916,1
36,22480.55,22732.18,24,454,37581.63,1,21,20.5665,1.0112,1
65,39394.72,3921.98,36,428,30756.0,0,24,9.4018,0.0996,1
67,34551.04,2833.48,48,614,21820.18,0,23,7.5989,0.082,1
68,29125.13,33043.64,36,665,19330.66,0,5,8.3427,1.1345,1
47,79822.09,27946.55,36,761,6729.78,0,3,1.1284,0.3501,0
43,25240.5,28051.74,24,460,15482.4,0,9,7.9164,1.1114,1
44,54763.97,39920.43,24,675,15217.89,0,11,3.6991,0.729,1
29,21921.19,20034.57,36,631,26109.69,0,4,14.5975,0.9139,1
55,47947.52,49781.46,24,319,24156.75,0,19,6.5649,1.0382,1
40,57483.52,47385.44,36,845,2858.59,1,4,0.8715,0.8243,0
57,57549.63,2622.16,24,761,34014.97,1,15,7.1154,0.0456,1
62,51456.07,44995.65,60,457,37533.14,0,17,8.9279,0.8744,1
37,42471.6,34666.38,24,663,31318.23,0,14,9.2568,0.8162,1
67,25888.22,26100.34,36,622,7546.18,0,7,3.834,1.0082,1
51,26068.13,29971.88,48,388,7300.65,1,0,3.6482,1.1498,1
28,58647.33,42409.15,24,472,29181.43,3,8,6.3325,0.7231,1
35,22997.82,47649.79,60,339,17914.27,0,11,9.7618,2.0719,1
51,20041.8,28896.01,60,502,31262.75,0,0,19.0069,1.4418,1
50,115596.61,10701.99,60,542,3481.42,1,4,0.3799,0.0926,1
66,41947.32,32708.19,60,805,28799.24,1,8,8.3946,0.7797,1
40,71754.71,5658.51,36,387,17251.79,0,0,2.9114,0.0789,1
59,82792.51,32486.66,60,831,1723.9,0,13,0.3283,0.3924,0
32,50547.88,40813.37,48,450,22033.74,0,16,5.4326,0.8074,1
69,39102.2,18959.91,24,399,28111.92,0,2,8.8697,0.4849,1
37,39502.88,5416.85,60,546,21365.46,0,15,6.5177,0.1371,1
62,128645.82,35226.85,24,836,5353.76,0,7,0.6363,0.2738,0
50,35056.46,18287.78,36,795,32728.41,0,18,11.377,0.5217,1
49,54494.72,13956.64,24,588,13024.85,0,14,2.9962,0.2561,1
39,73599.35,35080.72,36,714,36897.66,0,1,6.1749,0.4766,1
66,56978.31,48540.15,36,378,36321.58,0,5,7.9335,0.8519,1
31,93960.54,37775.47,24,684,8414.32,0,9,1.2756,0.402,1
54,38872.04,25584.8,60,737,19316.43,1,20,6.0947,0.6582,1
27,73424.29,30824.51,48,827,5925.94,0,12,1.0735,0.4198,0
64,16701.18,8829.39,24,640,27271.01,0,14,19.8589,0.5287,1
54,109990.5,41034.24,48,358,34150.72,0,10,3.8191,0.3731,1
40,96171.67,31006.16,24,843,26110.75,1,8,3.4192,0.3224,1
58,40837.02,48359.86,48,518,10788.76,0,13,3.4663,1.1842,1
44,63786.9,49015.2,24,399,3514.43,0,2,1.0454,0.7684,1
30,83670.27,19020.16,48,402,3235.79,0,19,0.5209,0.2273,0
52,26300.63,49450.2,48,418,24631.66,0,15,11.7086,1.8802,1
35,44949.02,47928.01,24,306,38156.48,0,7,10.7197,1.0663,1
57,22394.04,32711.93,24,687,27963.49,0,10,15.7148,1.4607,1
40,97056.63,18006.29,36,777,29359.73,0,1,3.6919,0.1855,1
23,80310.56,38160.33,48,821,13507.36,0,4,2.1371,0.4752,1
57,41416.34,15019.39,24,580,23648.52,0,11,7.0333,0.3626,1
60,38632.61,32232.51,60,341,13005.7,1,8,4.2067,0.8343,1
28,44829.7,3179.92,60,395,36115.8,1,10,9.6817,0.0709,1
60,28613.83,32171.97,36,803,5734.3,0,15,2.7796,1.1244,1
64,44160.12,47677.2,60,545,25464.97,0,24,7.1357,1.0796,1
43,26300.98,13286.87,24,523,29368.37,0,9,13.6521,0.5052,1
60,84035.84,39352.62,48,413,28090.36,0,24,4.1283,0.4683,1
31,96970.44,16084.33,24,843,10664.01,0,10,1.4026,0.1659,0
66,86432.22,35976.79,60,629,19698.25,0,0,2.8181,0.4162,1
28,23944.17,35598.67,60,802,26702.2,2,0,13.6796,1.4867,1
49,43257.66,10867.41,24,452,37272.25,1,0,10.4652,0.2512,1
50,69622.11,30662.14,36,516,20236.57,1,23,3.6348,0.4404,1
30,77750.08,43240.11,24,788,12370.1,1,19,2.1873,0.5561,1
59,16263.54,20361.59,36,571,15767.58,0,14,12.0514,1.252,1
48,76442.47,36093.29,60,699,21882.1,0,8,3.5295,0.4722,1
69,23249.5,34372.64,48,649,39066.17,1,5,20.5332,1.4784,1
56,44695.2,14360.67,48,721,25319.1,0,18,6.8781,0.3213,1
33,104244.31,46094.89,24,560,6612.08,0,7,0.9822,0.4422,1
52,96109.38,29048.58,36,818,33804.19,0,16,4.3215,0.3022,1
56,108627.31,19054.05,60,563,7667.16,0,11,0.8821,0.1754,1
57,25854.44,9889.2,48,617,2030.47,0,1,1.038,0.3825,1
46,29984.2,24726.0,24,415,4458.29,0,7,2.1966,0.8246,1
42,34972.57,37045.45,24,511,31551.81,0,0,11.3559,1.0593,1
24,44897.42,31934.73,60,459,36124.88,0,12,9.7976,0.7113,1
51,55827.43,36898.52,60,776,11094.03,0,10,2.5168,0.6609,1
38,105488.05,40004.52,24,447,20175.34,0,20,2.4847,0.3792,1
58,28080.56,23168.23,24,746,24090.31,1,18,10.7073,0.8251,1
44,33613.67,26967.98,24,377,17038.27,0,1,6.4838,0.8023,1
43,115172.31,49348.26,36,561,3080.3,0,19,0.4638,0.4285,1
42,24454.54,48466.47,60,351,2737.78,0,17,1.7398,1.9819,1
22,75819.55,21911.22,24,557,17893.8,0,20,2.9766,0.289,1
51,46481.58,34888.62,60,547,32015.77,3,23,8.4155,0.7506,1
31,61873.31,14844.33,24,587,3842.87,0,3,0.8653,0.2399,0
48,30127.01,9329.48,24,553,8624.19,0,6,3.59,0.3097,1
66,74929.71,38883.26,24,513,11155.83,0,4,2.0461,0.5189,1
52,33106.17,22936.64,60,391,22585.48,0,8,8.3251,0.6928,1
25,20915.39,10498.53,24,843,2206.24,0,12,1.5168,0.502,1
58,65383.39,38424.7,24,531,34471.69,0,17,6.6205,0.5877,1
30,10917.77,45928.18,60,312,19093.7,0,14,21.8277,4.2067,1
60,34863.61,46797.13,24,832,19666.68,0,17,7.4404,1.3423,1
66,58377.33,30624.02,48,744,13397.5,0,0,2.8851,0.5246,1
44,77239.64,25022.77,48,802,8874.1,1,3,1.4597,0.324,0
55,102325.23,8809.6,24,825,14864.93,0,12,1.7863,0.0861,1
64,142418.75,40053.91,36,705,36579.31,1,13,3.1759,0.2812,1
68,118545.12,47375.51,60,843,4222.12,0,7,0.5073,0.3996,0
43,54991.22,44694.1,24,587,2898.78,1,20,1.0389,0.8127,1
37,96314.16,38085.61,60,725,5020.83,0,4,0.7046,0.3954,1
21,54484.3,2219.31,36,735,31190.61,0,19,6.8832,0.0407,1
51,73979.51,21572.04,36,380,2412.45,0,6,0.4885,0.2916,1
51,34214.07,21714.28,60,787,13660.03,0,23,4.918,0.6347,1
62,64682.47,44929.68,36,481,17281.93,0,8,3.4377,0.6946,1
62,36903.15,5151.23,36,657,20530.89,0,5,6.7227,0.1396,1
54,44173.2,27498.68,60,554,626.37,0,11,0.2947,0.6225,0
29,64804.95,8534.45,36,465,19727.23,0,24,3.6968,0.1317,1
42,171927.38,33790.11,48,764,8199.51,0,10,0.6214,0.1965,0
33,62122.42,40028.26,24,555,4366.14,0,14,1.1656,0.6443,1
45,48677.65,32814.04,48,722,21565.2,0,16,5.4848,0.6741,1
68,29760.41,40140.09,48,497,29893.89,0,2,12.391,1.3488,1
38,83928.54,31159.82,24,512,37422.61,0,16,5.5363,0.3713,1
32,40083.66,11112.28,48,824,36550.05,3,20,11.0114,0.2772,1
60,61358.66,20367.85,24,351,16260.37,0,7,3.346,0.3319,1
37,74694.77,47929.7,24,564,28310.28,1,21,4.869,0.6417,1
35,104659.29,15832.4,60,624,27977.0,0,11,3.238,0.1513,1
62,81261.16,5017.39,24,306,16778.17,0,12,2.5085,0.0617,1
35,23527.5,20471.84,24,343,4379.31,0,11,2.6687,0.8701,1
35,17495.18,19582.74,36,471,15589.35,0,4,11.0659,1.1193,1
59,74673.68,24574.82,36,401,39698.14,1,0,6.4892,0.3291,1
33,51616.81,28894.56,48,595,22423.87,1,16,5.3531,0.5598,1
37,61999.51,49636.32,24,504,13984.94,0,4,3.1071,0.8006,1
52,137565.38,38299.23,24,790,29880.68,0,20,2.7457,0.2784,0
29,33861.95,3722.76,60,617,27609.87,0,7,9.8064,0.1099,1
60,106387.73,36210.19,24,470,23362.6,0,1,2.8054,0.3404,1
40,34064.19,41563.12,60,517,25678.59,0,22,9.29,1.2201,1
46,125387.13,44990.28,24,800,23605.05,0,4,2.4385,0.3588,1
47,76903.84,22352.29,36,492,38272.94,0,13,6.069,0.2907,1
41,19845.31,17054.03,36,632,20610.79,3,1,12.7493,0.8593,1
38,38163.42,42287.59,36,452,23812.54,0,20,7.8569,1.1081,1
33,154724.41,39325.54,48,322,19130.37,3,11,1.5472,0.2542,1
36,143503.56,27730.04,24,515,24208.78,0,24,2.121,0.1932,0
29,70441.15,7658.37,36,342,35687.66,0,13,6.1158,0.1087,1
32,60629.74,33284.54,60,660,13920.31,1,4,2.8649,0.549,1
64,56604.33,5152.04,36,713,20088.16,0,20,4.289,0.091,1
58,63717.63,6817.61,24,717,18220.13,0,17,3.4849,0.107,1
39,45049.62,17894.73,36,615,16220.1,0,24,4.453,0.3972,1
27,101378.02,19816.42,24,729,32930.97,2,17,3.9957,0.1955,1
55,69335.33,24174.75,24,798,9661.83,0,15,1.8465,0.3487,0
68,27468.27,18278.86,36,648,20246.76,2,4,9.067,0.6655,1
38,72619.96,3621.83,60,374,37023.06,1,1,6.1278,0.0499,1
36,54121.7,9555.95,48,532,6869.57,0,17,1.5673,0.1766,1
59,40640.6,7525.37,24,337,683.46,0,21,0.2944,0.1852,0
24,153141.27,22696.81,48,561,10976.33,0,2,0.8971,0.1482,1
45,52169.97,12182.19,36,745,36931.3,0,8,8.5727,0.2335,1
52,15152.13,16090.17,24,511,3961.17,2,5,3.6681,1.0619,1
60,42412.45,24635.24,24,757,5914.44,0,17,1.9638,0.5808,0
33,88973.43,13306.97,36,581,13153.42,0,0,1.8239,0.1496,1
65,28116.59,13804.6,48,505,30903.29,1,17,13.3121,0.491,1
37,87177.64,41990.92,60,304,30175.59,0,21,4.25,0.4817,1
69,26940.52,28308.17,36,542,3939.28,0,1,2.1049,1.0508,1
57,109316.67,43124.45,36,447,37386.77,0,22,4.2355,0.3945,1
26,34768.25,26697.24,60,622,9933.34,0,22,3.582,0.7679,1
39,39692.81,45644.68,60,686,11585.15,0,16,3.7324,1.1499,1
33,37965.96,14227.62,60,692,15763.5,1,11,5.0574,0.3747,1
46,70155.65,31600.16,60,549,25562.46,0,21,4.4625,0.4504,1
34,148222.79,26155.13,36,727,21091.72,0,20,1.7664,0.1765,0
51,49459.04,46097.16,60,668,37180.29,0,23,9.2073,0.932,1
24,48701.13,22087.02,48,746,22802.52,0,23,5.7319,0.4535,1
59,34753.61,43031.54,60,321,34352.96,0,24,12.1093,1.2382,1
28,18464.26,29067.39,24,849,3589.05,0,1,3.1197,1.5743,1
45,36897.02,36010.06,24,838,34308.13,0,0,11.646,0.976,1
33,23031.05,44570.87,60,581,8309.67,1,9,4.7167,1.9353,1
52,15797.55,49851.51,36,578,14820.91,0,21,12.31,3.1556,1
58,46807.66,37094.7,36,419,13135.52,0,1,3.6317,0.7925,1
58,35399.14,17097.05,48,552,13822.62,0,4,4.8065,0.483,1
48,111965.21,16352.58,36,776,36787.9,0,16,3.9915,0.1461,1
50,29337.99,16836.98,48,364,17942.95,0,0,7.4826,0.5739,1
23,73293.0,6699.6,48,602,11084.75,0,13,1.8377,0.0914,1
48,72438.53,4572.75,48,616,12128.88,1,20,2.025,0.0631,1
23,109346.81,29880.46,60,473,32231.79,0,5,3.5919,0.2733,1
65,43891.0,40908.25,36,714,21795.01,0,10,6.2695,0.932,1
54,108166.33,3734.46,24,559,18255.14,1,6,2.0425,0.0345,1
36,68635.7,29198.45,48,584,37109.15,0,19,6.5944,0.4254,1
42,97107.2,19844.53,24,372,37235.3,0,19,4.7035,0.2044,1
52,206177.77,44839.29,48,378,30366.67,0,20,1.8218,0.2175,1
58,45527.23,8978.57,36,343,20961.26,0,21,5.5907,0.1972,1
28,54311.2,29044.74,60,302,5106.16,2,23,1.2352,0.5348,1
28,39454.77,48604.19,48,742,28464.02,0,8,8.9652,1.2319,1
26,123671.7,18561.58,48,378,32696.94,0,22,3.2101,0.1501,1
34,233933.38,37605.29,24,676,34155.65,0,2,1.8324,0.1608,1
52,76152.95,44357.66,60,438,23483.68,0,5,3.817,0.5825,1
55,18656.53,10938.11,36,306,24865.14,1,8,16.1889,0.5863,1
30,28857.75,49641.3,48,812,28516.99,0,5,12.2884,1.7202,1
23,98297.51,40850.56,36,376,35020.19,0,9,4.4137,0.4156,1
32,24671.06,8603.08,60,342,2294.24,0,23,1.1857,0.3487,0
69,34189.72,16922.47,24,456,22747.27,0,7,8.2314,0.495,1
51,33477.72,31998.56,60,829,15079.3,1,19,5.5963,0.9558,1
49,46803.33,44476.05,60,519,33409.79,2,15,8.7561,0.9503,1
25,57183.81,11352.11,60,489,5785.54,0,6,1.2538,0.1985,1
45,15777.52,37097.87,60,561,36433.2,1,22,28.1805,2.3513,1
61,19604.94,14991.1,36,443,5398.26,0,22,3.5591,0.7647,1
51,19887.69,40659.99,36,784,4028.4,0,23,3.1122,2.0445,1
41,21366.58,34805.22,24,577,14186.72,1,17,8.7821,1.629,1
40,49493.87,27099.63,48,606,39791.61,0,17,9.7845,0.5475,1
59,55091.29,33193.57,48,849,25535.21,0,14,5.7127,0.6025,1
42,90031.11,44069.37,60,455,1544.32,0,21,0.3037,0.4895,0
24,68388.34,20548.44,60,599,10345.95,0,5,1.8755,0.3005,1
33,34566.68,38924.01,36,646,6392.03,2,4,2.5944,1.1261,1
65,56272.26,9627.46,48,722,539.67,1,17,0.1579,0.1711,0
62,92275.77,35656.91,24,725,20840.16,1,7,2.9034,0.3864,1
69,42769.07,38031.55,60,341,15553.75,0,2,4.5419,0.8892,1
40,40690.45,23263.89,36,615,24724.57,1,15,7.4821,0.5717,1
33,27806.52,40093.86,60,376,9046.39,0,16,4.1924,1.4419,1
37,30245.56,28740.96,60,395,33326.6,0,16,13.4125,0.9503,1
56,73964.8,46941.17,36,562,15634.94,0,11,2.7482,0.6346,1
53,48908.44,7398.39,48,504,19574.74,0,22,4.8406,0.1513,1
21,158741.86,8279.43,48,587,29433.19,1,6,2.238,0.0522,1
35,32662.26,42436.52,60,562,7063.52,0,21,2.855,1.2993,1
33,77406.33,42433.34,48,614,10862.56,0,21,1.821,0.5482,1
37,61811.55,24618.79,36,668,6612.7,0,20,1.4165,0.3983,0
44,46461.32,48270.19,48,551,30839.22,0,5,8.2249,1.0389,1
28,37748.42,34610.69,60,632,4352.11,0,1,1.5669,0.9169,1
47,70267.25,49176.96,60,725,19815.62,0,4,3.524,0.6999,1
65,67887.3,27554.98,36,594,30121.43,0,1,5.4597,0.4059,1
43,55336.78,11677.44,60,584,20556.59,0,2,4.5,0.211,1
66,63283.55,23330.87,48,616,20592.74,0,4,3.997,0.3687,1
28,50105.8,49063.37,36,811,3015.15,0,16,1.0485,0.9792,0
28,18311.63,19779.87,60,328,31423.02,0,18,20.8082,1.0802,1
46,51566.32,47936.79,36,593,24358.3,0,9,5.9783,0.9296,1
67,41725.58,40257.02,36,306,26866.77,2,11,8.0483,0.9648,1
33,157589.07,23221.1,48,841,30749.08,0,21,2.3783,0.1474,0
59,71684.61,28009.81,48,514,22644.4,0,17,3.8884,0.3907,1
57,55320.87,31157.08,24,514,20590.61,0,18,4.748,0.5632,1
69,64711.75,33956.77,36,463,26695.03,0,12,5.1252,0.5247,1
48,26532.59,5681.56,48,469,36050.32,0,24,16.3582,0.2141,1
45,34000.78,46812.23,60,520,25720.64,0,7,9.353,1.3768,1
36,40099.8,30655.99,24,559,31638.71,0,2,9.8502,0.7645,1
22,61886.26,46695.16,24,560,19470.73,0,22,4.1527,0.7545,1
38,37765.4,32331.13,60,771,23788.09,3,11,7.7299,0.8561,1
37,36284.17,22688.74,48,554,7615.91,1,3,2.6751,0.6253,1
50,25829.74,29212.54,36,577,19796.46,0,13,9.574,1.131,1
59,49765.27,41816.16,24,323,6381.15,0,6,1.9588,0.8403,1
33,54140.6,17654.04,60,732,18947.35,2,20,4.2648,0.3261,1
52,63393.33,47910.08,60,777,3065.59,0,12,0.7315,0.7558,0
49,32286.04,24365.85,60,793,23260.19,0,11,8.7962,0.7547,1
66,61234.46,47899.38,60,681,11826.05,0,14,2.474,0.7822,1
50,26260.87,44276.32,24,673,33744.93,0,1,16.2629,1.686,1
38,42983.08,38847.77,36,622,15362.42,0,21,4.5901,0.9038,1
33,58743.94,24437.01,48,388,36752.04,0,0,7.6116,0.416,1
63,41972.62,30173.37,60,391,19179.06,1,5,5.6271,0.7189,1
41,19204.37,42225.41,60,676,34030.48,2,0,21.704,2.1987,1
50,20628.33,28114.68,36,380,12242.22,1,18,7.5759,1.3629,1
41,55968.09,37433.1,36,399,18338.28,0,9,4.1548,0.6688,1
68,69410.32,39951.63,48,422,25529.79,0,22,4.5576,0.5756,1
37,60089.48,26628.57,24,695,10716.71,0,13,2.3617,0.4431,1
60,70420.9,27739.88,36,322,26464.47,0,1,4.641,0.3939,1
39,41426.44,11496.07,24,818,11899.79,0,8,3.5858,0.2775,1
35,76348.61,13747.48,24,576,19629.56,0,2,3.1753,0.1801,1
29,59972.18,45437.27,60,394,1423.11,0,18,0.4363,0.7576,1
30,33400.49,42335.82,24,681,3588.2,0,13,1.9229,1.2675,0
64,66747.51,2485.88,60,676,9470.5,0,15,1.7101,0.0372,0
51,58549.63,43730.6,60,324,32356.47,1,6,6.781,0.7469,1
43,133719.08,3211.27,48,590,26585.18,1,0,2.3918,0.024,1
50,112149.94,23997.46,24,526,35791.2,0,4,3.9366,0.214,1
53,46379.73,5236.77,36,472,36236.08,0,2,9.4131,0.1129,1
29,38154.22,48503.51,36,752,15299.52,0,16,5.2356,1.2712,1
67,124924.74,48671.32,36,587,15017.47,0,22,1.5724,0.3896,0
21,68249.39,31321.81,48,368,33511.85,0,13,6.007,0.4589,1
64,44157.2,20825.84,60,580,17344.51,0,15,4.8078,0.4716,1
55,14862.0,26575.65,60,641,34359.45,0,6,28.1004,1.7882,1
31,31154.07,38590.37,36,632,20484.23,2,8,8.3031,1.2387,1
54,29881.15,12713.26,60,685,17276.17,0,6,7.023,0.4255,1
36,44899.04,23202.68,60,641,11523.26,0,14,3.1831,0.5168,1
29,71048.0,37388.9,48,616,5496.23,0,19,1.0599,0.5262,0
52,77866.56,20978.84,24,606,21273.14,0,2,3.4131,0.2694,1
35,120574.3,3535.83,24,472,13346.39,0,21,1.3429,0.0293,0
32,85719.66,26354.93,48,843,10352.89,0,15,1.5262,0.3075,1
53,22465.12,37395.74,48,499,7201.58,2,21,4.263,1.6646,1
65,90944.49,48887.19,60,374,15850.57,0,17,2.199,0.5375,1
34,138689.77,3778.22,48,516,22456.97,0,6,1.9499,0.0272,1
28,134629.9,27916.19,60,831,33562.53,0,16,3.033,0.2074,1
28,23677.53,23597.06,24,748,32897.51,0,24,17.1711,0.9966,1
47,43710.43,13637.54,48,306,34275.01,1,17,9.4877,0.312,1
32,87254.49,32612.61,60,692,23261.23,0,2,3.2738,0.3738,1
21,24464.89,9853.88,24,685,22602.22,0,21,11.2878,0.4028,1
63,17414.37,15625.51,24,800,36253.1,1,10,25.4301,0.8973,1
60,59182.04,39524.35,36,446,11897.6,1,22,2.635,0.6678,1
62,32684.14,24099.76,24,615,6245.3,0,13,2.6616,0.7374,1
31,18418.84,49696.19,48,753,3769.6,0,16,3.1305,2.6981,1
59,102509.65,20550.12,48,486,35301.26,2,18,4.1826,0.2005,1
63,54099.9,24236.53,60,624,15185.04,0,21,3.4578,0.448,1
51,35867.42,16412.37,48,617,20199.69,1,19,6.8725,0.4576,1
37,27495.83,13342.09,24,693,32220.87,0,4,14.3048,0.4852,1
53,54433.75,46269.51,60,678,15240.14,1,2,3.5297,0.85,1
52,66786.1,37943.68,24,773,34784.21,2,15,6.534,0.5681,1
49,59608.87,18003.32,36,317,13207.07,0,23,2.7594,0.302,1
41,19705.48,35607.49,60,448,29429.1,0,0,18.2828,1.807,1
41,65258.48,48357.62,36,311,26861.11,0,10,5.1863,0.741,1
60,74359.72,5554.3,60,761,8453.17,1,9,1.3791,0.0747,1
43,39893.06,14696.21,48,459,5417.66,0,6,1.7218,0.3684,1
26,91469.99,11627.77,24,565,4906.41,1,15,0.7072,0.1271,1
42,29402.93,43749.59,60,846,26211.1,0,1,10.9949,1.4879,1
58,106335.12,10601.14,48,379,1011.28,2,7,0.139,0.0997,0
57,53071.19,16787.65,48,817,26596.63,1,14,6.0929,0.3163,1
65,36399.06,28105.32,48,367,31387.65,1,15,10.5409,0.7721,1
28,40494.88,31812.53,36,543,12449.15,0,2,3.951,0.7856,1
61,89283.41,40792.82,48,308,29955.17,1,19,4.1403,0.4569,1
69,56519.75,21551.52,60,456,7032.76,0,1,1.5694,0.3813,1
55,72188.81,27643.75,36,763,38439.39,0,14,6.5175,0.3829,1
31,93414.47,48342.18,24,599,9666.61,2,13,1.5005,0.5175,1
44,35753.87,16273.36,48,619,19790.42,0,20,6.756,0.4551,1
69,52911.66,13908.52,60,548,39229.6,0,8,8.9496,0.2629,1
41,42844.24,36108.76,60,622,36331.95,0,3,10.3446,0.8428,1
22,90240.61,39014.54,36,761,26548.87,0,22,3.6745,0.4323,1
60,38969.2,21909.39,24,697,15083.11,2,7,4.9257,0.5622,1
39,50448.03,12222.99,36,692,28153.49,0,9,6.7776,0.2423,1
59,194353.66,39388.29,48,527,18680.81,0,16,1.2041,0.2027,1
48,105986.79,34183.66,24,543,4799.18,3,5,0.7046,0.3225,1
37,26340.5,44058.93,24,356,31941.12,0,4,15.3878,1.6727,1
26,84219.83,42527.67,24,442,34928.66,0,9,5.2293,0.505,1
39,74106.73,11849.37,36,491,16600.47,3,16,2.7414,0.1599,1
58,25326.79,41952.28,60,818,26796.19,0,15,13.0275,1.6564,1
48,45888.35,10408.34,36,703,1699.32,0,24,0.52,0.2268,0
22,27760.74,43457.79,60,574,8291.38,1,22,3.8972,1.5654,1
58,11666.06,38975.4,36,338,23025.42,2,16,24.7982,3.3409,1
57,44910.06,29353.33,60,492,11326.26,1,17,3.1571,0.6536,1
24,36183.05,32826.64,60,626,37802.36,0,19,12.7185,0.9072,1
42,25322.75,6995.81,24,782,33563.24,0,8,16.0432,0.2763,1
46,48739.65,3914.49,60,324,26372.75,0,10,6.5092,0.0803,1
69,13734.04,17871.04,48,401,39954.17,0,1,35.2349,1.3012,1
63,50249.96,41427.48,48,516,10108.29,0,13,2.62,0.8244,1
56,49475.8,24357.71,60,566,36805.52,1,14,9.0254,0.4923,1
33,73662.1,12722.91,60,461,12530.65,0,0,2.0759,0.1727,1
52,18733.95,42058.35,60,586,24065.49,0,0,15.8641,2.245,1
37,176955.67,12974.11,60,546,17657.5,3,8,1.2121,0.0733,1
61,140572.88,41143.7,24,473,18006.98,0,11,1.6835,0.2927,1
56,30824.69,23743.02,48,695,30619.15,0,16,12.1125,0.7703,1
66,117694.0,24247.75,24,308,14227.97,0,14,1.5537,0.206,1
39,81981.04,15090.54,48,747,20547.37,0,3,3.0536,0.1841,1
55,37659.67,45208.35,60,620,8862.69,0,4,3.0641,1.2004,1
66,34060.31,6261.69,48,424,30657.13,0,13,10.847,0.1838,1
60,35641.47,8931.5,48,340,22301.3,0,5,7.5712,0.2506,1
48,267218.33,32522.47,36,636,10575.01,1,5,0.5155,0.1217,1
21,110865.35,42805.53,36,625,11004.44,0,18,1.3198,0.3861,1
62,43405.28,6581.66,60,485,12094.7,0,22,3.3741,0.1516,1
38,45713.39,37220.11,24,540,28122.03,1,23,7.7893,0.8142,1
68,81509.02,37640.55,36,638,24006.13,0,0,3.6882,0.4618,1
60,79394.67,29913.09,60,393,32978.7,0,8,5.0599,0.3768,1
53,27608.37,25362.95,24,715,23075.43,0,21,10.4891,0.9187,1
32,58601.95,17412.21,36,362,12612.81,0,0,2.6818,0.2971,1
28,35188.47,18870.17,48,819,38533.37,0,24,13.2747,0.5363,1
44,53708.14,34372.81,36,508,35501.12,0,3,8.1453,0.64,1
36,47628.76,5133.79,60,508,11513.45,0,24,2.9224,0.1078,1
24,90272.37,30076.88,36,675,36551.37,0,15,4.9699,0.3332,1
58,41732.43,15379.15,36,384,28944.91,0,4,8.4458,0.3685,1
64,52627.31,24397.08,24,506,16880.4,2,15,4.0808,0.4636,1
47,15885.23,28831.02,24,646,18941.63,0,21,15.2163,1.815,1
29,59527.39,44511.65,48,460,18132.07,0,13,3.8421,0.7478,1
67,30726.69,29795.59,60,749,31976.11,2,8,12.6819,0.9697,1
36,19726.52,12903.66,48,415,7432.42,0,13,4.6848,0.6541,1
32,96516.43,5814.05,48,661,2817.38,0,15,0.3653,0.0602,0
51,47807.53,32095.44,36,550,20189.09,0,5,5.2914,0.6713,1
44,14096.82,28162.32,48,482,11971.18,2,16,10.69,1.9978,1
34,30632.78,34246.3,24,627,22775.01,0,0,9.4808,1.118,1
65,49168.14,24051.04,48,306,39138.7,0,17,9.6745,0.4892,1
45,50053.59,41606.04,60,819,27022.38,1,10,6.6447,0.8312,1
54,36328.45,46168.62,48,686,38389.12,0,10,12.9984,1.2709,1
23,6508.23,3920.21,60,669,29416.16,0,11,54.3586,0.6023,1
44,35201.81,37716.15,60,847,3498.64,3,1,1.4069,1.0714,1
62,93210.9,3687.71,48,378,35627.38,0,15,4.5966,0.0396,1
29,113713.42,23364.64,48,520,8357.32,0,21,0.9333,0.2055,1
46,34047.28,24156.95,48,711,34659.18,0,9,12.393,0.7095,1
40,151751.63,35418.48,60,778,30088.79,0,20,2.426,0.2334,1
60,18579.11,18915.36,24,396,33625.39,2,13,22.2272,1.0181,1
30,30151.23,41403.26,36,692,10516.43,0,6,4.6432,1.3732,1
39,83691.92,18457.47,48,767,32392.17,0,7,4.6996,0.2205,1
23,76147.93,18440.86,36,670,24608.91,0,9,3.9588,0.2422,1
44,48738.7,12692.51,48,692,3733.98,0,9,0.9845,0.2604,0
25,25047.38,34825.71,60,317,35620.71,0,9,17.3437,1.3904,1
23,25007.25,5676.19,60,483,35134.04,0,13,16.9048,0.227,1
47,31716.42,19426.64,36,442,23093.65,2,18,8.9417,0.6125,1
36,25667.87,14810.76,24,762,18378.66,0,8,8.8807,0.577,1
69,53019.86,13008.11,60,806,16321.61,0,16,3.7431,0.2453,1
35,46380.74,4927.2,36,633,24308.12,0,18,6.3246,0.1062,1
55,24420.61,11138.39,60,361,33746.79,0,1,16.674,0.4561,1
32,39619.25,23419.73,48,462,22854.14,3,14,7.0699,0.5911,1
61,9999.98,26179.59,36,478,5621.25,2,5,7.6182,2.618,1
64,60086.01,14936.22,36,534,12593.68,1,15,2.598,0.2486,1
46,75360.26,33211.69,48,359,26895.75,2,16,4.3929,0.4407,1
67,28365.08,18118.08,36,527,26049.58,0,23,11.2333,0.6387,1
54,30582.23,19627.8,48,538,20996.48,0,9,8.3991,0.6418,1
43,57224.26,39565.97,24,383,9998.88,0,11,2.4425,0.6914,1
51,52248.15,28494.4,48,340,11187.9,2,11,2.7059,0.5454,1
40,77953.75,47752.39,24,737,19627.86,2,18,3.3277,0.6126,1
32,30760.67,19246.46,36,828,16082.6,0,5,6.4825,0.6257,1
43,32980.3,41736.34,48,404,12979.51,0,1,5.039,1.2655,1
24,42940.94,37440.2,36,836,33263.6,1,20,9.5863,0.8719,1
43,25856.74,44729.07,24,681,20408.74,0,17,10.3365,1.7299,1
68,42383.42,47925.99,60,392,20371.22,1,6,5.9938,1.1308,1
68,26111.63,2368.47,60,514,17408.21,0,4,8.0184,0.0907,1
21,62978.09,6238.29,60,516,27395.66,0,23,5.2398,0.0991,1
45,27968.0,34368.26,60,788,7438.16,0,21,3.4372,1.2288,1
22,57052.98,20729.59,60,450,37771.73,0,7,8.0172,0.3633,1
50,117473.7,41318.0,24,673,4632.2,0,11,0.649,0.3517,0
23,63381.96,2575.03,60,748,28556.84,0,24,5.4147,0.0406,1
41,54476.88,40734.92,60,721,28319.96,0,22,6.3878,0.7477,1
45,21629.56,8491.62,36,506,5000.54,0,0,2.9051,0.3926,1
40,112805.54,15931.95,48,776,39725.19,0,24,4.2612,0.1412,1
69,95744.35,48515.75,48,525,1855.4,0,14,0.3592,0.5067,1
42,44631.4,4476.71,48,686,14905.25,0,12,4.0326,0.1003,1
41,38930.36,18753.95,48,405,17278.42,0,24,5.4464,0.4817,1
53,30079.88,6057.38,24,375,32210.84,0,9,12.9508,0.2014,1
58,143433.41,42973.01,48,815,1677.79,0,17,0.2153,0.2996,0
35,78462.71,35744.77,36,486,22502.3,0,17,3.5933,0.4556,1
66,31099.76,40416.19,24,831,8558.04,0,6,3.9519,1.2996,1
35,94803.52,27309.42,60,574,23117.26,0,14,2.9837,0.2881,1
66,109479.13,19170.56,36,838,26030.7,0,4,2.9116,0.1751,1
45,48400.83,2109.13,36,317,1848.57,0,4,0.4728,0.0436,1
41,39870.48,15340.51,60,584,3164.85,0,0,1.0295,0.3848,1
44,27015.06,26698.57,60,601,3866.36,0,5,1.9151,0.9883,1
25,74941.05,33889.38,36,798,34164.96,0,15,5.6214,0.4522,1
26,37939.75,12989.0,24,556,37103.35,0,7,11.9066,0.3424,1
69,37010.08,8667.24,60,518,17790.05,0,3,5.815,0.2342,1
63,48682.87,11677.51,48,656,35054.45,1,12,8.7007,0.2399,1
68,30007.29,18995.65,36,555,19310.3,0,18,7.9333,0.633,1
64,122645.58,9122.16,36,573,16344.49,0,9,1.624,0.0744,1
67,87618.47,9527.23,60,633,21484.18,0,16,2.9642,0.1087,1
43,51325.06,4100.08,60,667,31712.33,0,19,7.4304,0.0799,1
24,29414.76,43122.81,48,314,9338.75,0,17,4.1763,1.466,1
47,30383.2,12548.41,48,478,12418.41,0,4,5.008,0.413,1
38,29589.79,41451.32,48,744,34030.54,0,11,14.1511,1.4009,1
41,23425.53,23038.85,48,702,36681.07,1,0,19.0362,0.9835,1
48,59492.86,32357.02,36,387,5358.89,0,24,1.2622,0.5439,1
55,33340.81,5633.7,60,393,28344.93,0,24,10.2357,0.169,1
42,32217.64,30011.86,24,694,880.0,0,20,0.7935,0.9315,1
60,30080.66,15919.78,60,327,10224.39,1,0,4.1846,0.5292,1
43,89513.72,6570.08,60,374,3210.8,0,2,0.4451,0.0734,1
23,31096.65,45595.16,48,353,20857.96,0,6,8.4155,1.4662,1
60,104969.67,30974.15,48,620,14063.66,0,20,1.6815,0.2951,1
30,41249.07,13601.97,36,533,5934.71,0,10,1.8364,0.3298,1
45,23224.23,22143.1,48,529,512.67,0,24,0.5033,0.9534,0
69,64962.19,19131.21,36,631,15841.29,1,19,3.0244,0.2945,1
28,83480.28,35627.82,60,771,12131.63,1,20,1.8292,0.4268,1
31,29295.23,31156.79,60,616,2344.21,0,14,1.173,1.0635,1
25,50916.6,2949.54,60,400,34144.87,2,2,8.0588,0.0579,1
65,59342.3,11495.7,36,547,16725.73,2,7,3.4468,0.1937,1
57,51915.9,24950.14,36,779,31103.98,2,2,7.3497,0.4806,1
65,37239.06,23383.32,36,520,17170.66,0,21,5.7424,0.6279,1
58,83197.47,26800.39,48,638,3166.85,0,22,0.5373,0.3221,0
49,42164.33,36310.92,24,447,16073.39,0,12,5.0051,0.8612,1
25,34084.3,34736.43,48,595,35502.23,0,1,12.754,1.0191,1
29,16999.69,19895.04,24,706,807.01,0,22,1.1548,1.1703,1
68,17095.07,44123.92,48,777,35864.49,0,2,25.8206,2.5811,1
22,55800.74,5020.76,60,323,26440.75,0,18,5.7041,0.09,1
21,46806.16,30056.47,36,485,39827.53,0,14,10.4249,0.6421,1
60,83488.74,47584.9,48,469,36686.65,0,20,5.4155,0.57,1
50,96584.22,28355.91,36,843,34823.62,0,14,4.4245,0.2936,1
31,42316.73,23845.1,48,737,1981.64,3,19,0.7028,0.5635,1
48,86611.68,8428.04,60,600,11569.79,0,6,1.6225,0.0973,1
64,34992.62,40889.08,36,663,15302.38,0,2,5.6371,1.1685,1
32,44804.6,19942.15,60,476,28142.99,0,24,7.6265,0.4451,1
59,44042.44,35659.8,24,443,26121.31,0,16,7.522,0.8097,1
46,126429.17,11482.25,36,822,7281.99,0,1,0.7214,0.0908,0
33,22763.38,4009.43,48,780,29605.01,0,15,15.6507,0.1761,1
28,50791.41,16662.44,36,791,6647.31,0,10,1.6798,0.3281,0
48,32285.68,15507.87,24,785,18529.11,0,8,7.1271,0.4803,1
50,40969.82,43926.81,24,784,23360.21,0,10,7.3783,1.0722,1
29,39931.89,43504.34,48,736,34891.95,0,23,10.7578,1.0895,1
59,51186.87,27626.92,60,494,25437.22,1,22,6.0713,0.5397,1
51,109990.63,2911.95,36,765,38216.33,0,24,4.1782,0.0265,1
41,153460.77,12959.58,60,375,39782.5,2,4,3.1277,0.0844,1
67,72688.82,32672.6,60,459,20598.49,0,12,3.4904,0.4495,1
54,27242.14,6867.6,48,789,2533.45,0,18,1.179,0.2521,0
51,44144.51,35629.87,36,399,1618.6,1,12,0.709,0.8071,0
45,57317.5,2574.19,24,415,34298.1,0,1,7.2031,0.0449,1
32,38401.28,34761.77,48,679,20244.08,0,21,6.5524,0.9052,1
21,41512.71,42537.88,60,362,14988.35,0,1,4.5376,1.0247,1
42,46971.85,24522.45,24,431,11736.02,0,7,3.2593,0.5221,1
60,77911.38,41795.89,60,547,11630.69,0,4,1.8987,0.5365,1
57,67380.37,39513.33,36,694,3376.39,0,10,0.7968,0.5864,1
67,33992.68,34228.12,60,710,12468.22,0,1,4.6029,1.0069,1
21,69961.51,23367.17,24,727,25969.84,1,5,4.6214,0.334,1
21,137945.89,15051.39,36,625,15715.79,2,21,1.4035,0.1091,1
62,19776.13,43321.47,48,845,37938.8,0,23,23.5686,2.1906,1
62,37707.05,33132.34,60,674,26892.73,0,11,8.7342,0.8787,1
41,36025.66,40304.81,36,597,34627.08,0,5,11.9071,1.1188,1
35,51428.61,28494.41,36,578,5009.33,0,15,1.3535,0.5541,1
37,16410.47,10249.59,48,595,18295.38,0,18,13.5345,0.6246,1
42,110929.75,49013.02,48,826,2136.83,1,23,0.3416,0.4418,0
58,50416.56,10771.46,24,414,35853.03,0,17,8.6405,0.2136,1
55,58622.86,45739.59,36,792,6301.31,0,8,1.5499,0.7802,1
65,54687.47,11990.66,36,356,32314.15,0,21,7.1637,0.2193,1
36,35957.05,19939.97,24,441,36990.54,0,16,12.6222,0.5545,1
28,74547.57,23124.01,60,708,17954.59,1,19,2.9522,0.3102,1
67,49174.87,46226.05,36,377,15879.76,0,16,4.1884,0.94,1
37,14033.48,44633.53,36,301,24204.65,0,2,21.7575,3.1805,1
37,45940.48,41514.61,60,334,29743.04,0,14,7.9498,0.9037,1
46,41500.33,20080.41,48,694,26001.59,0,9,7.6394,0.4839,1
33,74462.06,2215.68,48,517,545.61,0,21,0.0954,0.0298,0
37,247916.64,34716.0,48,366,31544.44,0,18,1.5619,0.14,1
58,61488.85,21725.78,24,368,6321.83,0,4,1.4104,0.3533,1
37,174884.17,38338.79,60,523,18262.21,0,23,1.2969,0.2192,1
68,32476.24,40152.9,48,660,11653.09,0,23,4.6149,1.2364,1
34,33749.66,23106.72,24,757,37152.35,0,12,13.5522,0.6847,1
65,42282.97,37908.92,60,593,20333.27,0,24,5.9499,0.8966,1
26,63266.76,42316.99,48,625,21125.34,0,3,4.1741,0.6689,1
55,33377.54,46566.85,36,502,3507.8,3,13,1.7262,1.3952,1
66,18636.78,29957.86,36,596,35945.76,0,20,23.6809,1.6075,1
34,49703.62,39366.98,48,560,9941.59,0,19,2.5982,0.792,1
67,24691.24,25739.11,48,817,16851.32,0,6,8.4504,1.0424,1
28,95750.14,3999.82,24,431,39419.14,0,24,4.9611,0.0418,1
35,72136.99,9450.63,36,624,4998.86,1,5,0.8752,0.131,0
47,31078.92,8154.78,60,367,28881.85,1,10,11.2042,0.2624,1
33,64439.06,10244.75,48,425,10775.31,0,10,2.0464,0.159,1
69,35281.18,2490.21,60,692,17081.71,0,17,5.824,0.0706,1
51,47509.49,43217.93,48,701,17018.62,0,6,4.526,0.9097,1
55,47810.34,28887.17,36,635,37323.2,0,18,9.5692,0.6042,1
26,40079.56,20391.2,48,328,909.31,0,23,0.3994,0.5088,1
25,80693.07,21669.39,60,344,15004.56,2,2,2.2851,0.2685,1
42,25046.81,24240.85,36,400,34170.72,0,8,16.6939,0.9678,1
69,67655.62,5546.41,48,525,36465.23,0,13,6.4883,0.082,1
43,58848.26,15183.94,36,718,12797.32,0,16,2.6956,0.258,1
45,21104.79,42878.07,24,561,10057.21,1,21,6.7343,2.0317,1
54,30434.96,37696.41,60,591,18720.14,0,22,7.6288,1.2386,1
46,25429.68,29043.47,48,511,29960.66,0,2,14.4236,1.1421,1
67,39345.78,25073.79,48,755,6584.52,0,5,2.1675,0.6373,1
25,50466.04,14430.71,48,535,31486.44,0,10,7.5584,0.2859,1
46,28084.36,24620.24,60,833,20750.56,0,12,9.0417,0.8767,1
40,87682.46,30697.05,24,368,6061.82,0,13,1.0047,0.3501,1
26,92472.77,36206.62,60,545,27034.49,2,2,3.5865,0.3915,1
26,102811.43,9998.73,48,536,25313.93,0,8,2.9789,0.0973,0
38,9596.68,41029.29,60,630,25083.33,0,5,32.2201,4.2754,1
24,157771.17,18598.94,48,662,30314.07,0,10,2.3351,0.1179,1
37,54156.46,26156.39,60,830,7658.3,1,7,1.7935,0.483,0
34,50431.93,31179.41,36,764,28051.15,2,19,6.8807,0.6182,1
34,46114.18,25428.57,60,528,35548.13,0,7,9.3607,0.5514,1
33,22186.76,29453.93,48,808,21447.3,0,20,11.9319,1.3275,1
27,60831.0,7353.13,48,681,19698.17,0,14,3.916,0.1209,1
64,128948.27,22743.46,60,426,32012.63,0,14,3.0144,0.1764,1
35,53766.95,15462.44,60,413,6276.32,1,7,1.4583,0.2876,1
39,25108.0,6129.26,36,542,13964.52,0,12,6.7555,0.2441,1
63,19630.03,11199.16,24,444,34224.48,0,14,21.207,0.5705,1
67,41092.7,30917.34,24,738,20241.08,1,15,6.287,0.7524,1
64,31369.27,11440.95,36,637,33697.23,0,1,13.0121,0.3647,1
55,74723.12,10691.07,24,707,10448.79,0,2,1.7495,0.1431,0
37,111552.57,28535.86,24,467,15888.2,1,15,1.837,0.2558,1
55,64977.15,45425.72,48,466,33032.93,0,9,6.2753,0.6991,1
39,46580.85,39857.26,48,832,6958.06,0,19,2.0064,0.8557,0
40,45273.68,45444.28,48,464,35843.72,0,0,9.7515,1.0038,1
56,51156.77,29983.05,60,561,12739.6,0,4,3.1056,0.5861,1
55,24441.45,21676.62,60,560,38921.53,0,2,19.2867,0.8869,1
52,70358.52,37022.79,24,474,33195.24,0,6,5.9247,0.5262,1
68,25629.77,14545.47,60,395,18495.62,0,17,8.7733,0.5675,1
64,95769.67,5746.59,48,656,29818.66,0,13,3.7513,0.06,1
60,39420.91,18541.51,60,669,22432.86,0,13,6.9228,0.4703,1
44,80699.32,16363.36,24,441,34203.27,0,13,5.1874,0.2028,1
37,20252.6,34425.87,48,466,20965.3,0,0,12.8472,1.6998,1
27,80358.71,28465.41,24,618,39525.81,0,17,6.0795,0.3542,1
63,111025.64,8636.62,60,634,5773.52,0,2,0.6396,0.0778,0
21,22721.2,45608.2,36,773,27220.53,0,20,15.0454,2.0073,1
55,45793.52,30480.27,36,444,10203.31,0,21,2.8956,0.6656,1
52,59929.95,23968.84,48,353,8053.5,2,23,1.7126,0.3999,1
56,61717.37,46985.36,24,421,16625.9,0,12,3.6133,0.7613,1
33,39985.34,6670.49,36,423,15014.73,0,19,4.5617,0.1668,1
26,35972.1,39900.46,36,466,2330.24,0,14,1.1471,1.1092,1
34,57065.66,19503.94,48,321,17395.08,0,19,3.7434,0.3418,1
57,60568.63,35378.71,48,575,38100.77,0,17,7.6946,0.5841,1
68,33642.89,46674.82,24,707,18941.6,0,2,7.4499,1.3874,1
35,29880.9,26850.23,36,781,12421.7,1,18,5.288,0.8986,1
67,101399.7,3086.66,24,598,37988.5,0,14,4.5109,0.0304,1
24,52292.13,3384.72,24,576,20476.04,0,17,4.7312,0.0647,1
60,12543.74,17866.92,48,621,11840.55,1,0,11.6834,1.4244,1
36,101773.66,39519.59,24,414,31428.09,1,17,3.8998,0.3883,1
48,34259.33,15836.54,60,571,9332.73,0,4,3.3614,0.4623,1
36,51023.63,18054.49,24,467,10286.09,1,23,2.5961,0.3538,1
24,61384.86,39654.11,36,735,13311.11,0,20,2.8175,0.646,0
65,20126.45,7577.08,24,563,16093.35,2,11,9.7836,0.3765,1
46,41221.63,42647.02,60,549,23523.72,0,18,7.0549,1.0346,1
48,108071.08,14758.04,60,761,20853.74,0,22,2.3429,0.1366,1
52,94241.47,4458.71,36,738,29877.37,0,19,3.8201,0.0473,1
65,41183.15,7632.45,36,641,28828.25,0,22,8.4618,0.1853,1
22,75319.95,47722.63,24,765,2299.63,0,23,0.6832,0.6336,0
51,81512.77,23663.55,60,357,5789.22,0,18,0.9103,0.2903,1
23,79055.14,14309.03,60,304,9000.08,0,0,1.4023,0.181,1
28,24646.37,27021.01,24,564,24107.72,0,23,12.2859,1.0963,1
44,131227.82,34752.64,36,548,35862.94,3,21,3.3677,0.2648,1
35,37111.95,17302.32,60,394,13333.81,0,2,4.4047,0.4662,1
63,52344.5,36813.02,24,756,38567.89,0,24,9.1933,0.7033,1
51,39704.96,14108.1,36,616,7327.99,0,0,2.3332,0.3553,1
29,56266.62,7392.19,24,418,37026.93,0,23,7.9624,0.1314,1
59,29185.91,28385.99,36,501,32139.59,0,24,13.5386,0.9726,1
65,42827.1,9253.7,36,352,15866.82,1,16,4.5179,0.2161,1
22,54701.93,47143.27,60,616,8649.33,0,8,2.0698,0.8618,1
28,102210.47,2021.55,48,543,15956.07,0,4,1.8783,0.0198,1
27,95068.89,38273.41,60,393,8942.68,0,4,1.2093,0.4026,1
64,98000.89,15414.71,24,579,22665.49,2,10,2.854,0.1573,1
59,82552.63,42612.17,36,391,23205.34,0,20,3.5452,0.5162,1
62,148450.26,4887.24,60,337,30843.48,0,16,2.4998,0.0329,1
36,41188.54,47744.03,36,712,21350.67,1,15,6.6068,1.1592,1
55,44593.31,6866.95,60,542,14133.28,0,4,3.834,0.154,1
50,43505.13,39818.37,24,663,36508.16,0,11,10.5277,0.9153,1
30,47255.37,26832.43,24,363,3580.94,0,13,1.1933,0.5678,1
58,20707.84,22658.95,24,500,32446.88,0,9,19.3498,1.0942,1
38,57460.7,15447.48,60,606,16678.2,0,12,3.5368,0.2688,1
25,66014.72,42385.74,48,474,7653.43,0,14,1.5517,0.6421,1
49,42005.5,11588.07,24,847,5254.05,2,5,1.6389,0.2759,0
59,17078.84,36619.58,60,398,9220.19,0,4,6.9072,2.1441,1
54,49655.2,23398.0,48,525,5317.26,0,15,1.4028,0.4712,1
63,22542.91,49927.76,60,848,18627.76,1,5,10.3589,2.2148,1
65,63347.24,31347.15,60,572,14312.74,0,24,2.8103,0.4948,1
43,52658.71,7001.1,24,485,14585.27,0,22,3.3902,0.133,1
25,55849.91,22137.02,48,751,6696.3,0,10,1.5379,0.3964,1
50,25935.76,5182.35,60,804,26559.83,1,20,12.3287,0.1998,1
26,104500.83,15711.47,60,393,24507.99,0,8,2.8444,0.1503,1
66,54291.64,18479.21,60,606,39300.31,0,20,8.7546,0.3404,1
64,28323.8,42952.48,60,816,7121.95,0,4,3.3207,1.5165,1
24,69409.91,42223.4,24,473,33443.61,1,10,6.0861,0.6083,1
49,51981.4,2554.75,60,372,1837.93,2,5,0.4341,0.0491,1
43,147583.62,27549.37,48,444,3396.1,0,23,0.3228,0.1867,0
26,35181.49,12730.1,36,355,26098.04,0,16,9.0224,0.3618,1
52,23190.08,17364.47,48,543,16555.55,0,8,8.7541,0.7488,1
62,58314.61,3039.26,60,503,9604.79,0,7,1.9869,0.0521,1
38,89979.35,37987.8,60,315,608.88,0,6,0.1656,0.4222,1
35,197556.8,47628.31,48,425,26694.26,0,4,1.6817,0.2411,1
60,381233.49,12524.82,36,765,17913.52,0,16,0.5748,0.0329,0
52,19317.58,18405.1,24,727,7246.1,0,22,4.9776,0.9528,1
29,45200.23,11908.83,36,650,38902.85,0,8,10.416,0.2635,1
57,23236.33,46642.34,36,378,14358.25,2,18,8.0842,2.0073,1
30,42258.88,2449.09,36,800,12470.86,0,11,3.5606,0.058,1
40,216716.7,30025.39,48,678,20657.41,0,7,1.1785,0.1385,1
26,29976.63,43796.67,36,563,11449.67,0,15,5.0704,1.461,1
68,48379.39,10942.74,24,604,11274.1,0,13,2.9095,0.2262,1
23,34595.65,30319.77,60,787,38668.32,1,13,13.5879,0.8764,1
62,26850.04,4431.11,48,424,10815.33,0,18,4.8749,0.165,1
31,143727.44,41100.09,48,380,24415.94,1,2,2.11,0.286,1
63,19466.41,15172.6,36,474,1979.14,0,6,1.4798,0.7794,0
37,46652.96,49460.16,60,424,6596.8,1,5,1.9089,1.0602,1
52,51677.51,46256.46,60,647,1372.17,1,4,0.4976,0.8951,1
24,48058.3,37160.77,60,666,21611.83,0,15,5.5511,0.7732,1
24,40561.5,25848.45,48,834,19918.46,1,10,6.0521,0.6373,1
37,129133.98,38796.28,24,714,13571.44,0,22,1.4114,0.3004,0
61,13806.18,8269.23,60,551,28161.11,0,24,24.5968,0.599,1
39,63695.62,16889.58,48,533,25218.89,2,0,4.8174,0.2652,1
25,65421.07,3291.03,36,657,24213.5,0,9,4.4582,0.0503,1
52,58232.21,32961.18,60,625,13782.2,0,16,2.9533,0.566,1
42,29777.06,40665.81,36,364,13422.26,0,20,5.8643,1.3657,1
26,101014.43,47421.71,60,592,35001.21,0,23,4.2519,0.4695,1
55,98026.01,34952.34,36,623,21986.61,1,22,2.8104,0.3566,1
42,29153.98,37140.38,48,630,11253.25,0,6,4.9504,1.2739,1
21,23891.31,44981.88,36,828,21957.22,0,2,11.6561,1.8828,1
40,21276.07,46946.15,48,434,11037.45,0,24,6.7769,2.2065,1
42,56119.75,25582.28,36,718,7819.31,1,4,1.8239,0.4559,0
68,50416.27,7269.79,36,429,11645.97,0,11,2.82,0.1442,1
31,39471.54,24388.03,36,848,25341.25,0,9,7.9101,0.6179,1
33,170892.57,28691.55,60,656,20875.6,0,2,1.4995,0.1679,0
62,37173.42,32314.15,24,821,6997.76,1,15,2.6936,0.8693,1
23,54857.81,49485.66,24,759,36362.56,0,5,8.4052,0.9021,1
29,43626.35,46043.03,60,794,20182.7,0,15,5.7626,1.0554,1
32,159192.72,21025.48,36,838,31852.15,1,23,2.4451,0.1321,0
43,14856.6,7445.78,36,560,13562.19,0,7,11.1215,0.5012,1
34,40702.88,12310.0,60,435,38323.6,2,19,11.359,0.3024,1
53,70866.51,10342.38,48,526,30207.68,0,19,5.1516,0.1459,1
38,42897.42,19088.61,48,527,18453.02,1,8,5.2732,0.445,1
69,22413.09,44071.49,60,557,36140.57,1,12,19.743,1.9663,1
61,54500.12,23022.49,24,713,28839.93,0,1,6.5613,0.4224,1
29,18531.1,29229.31,48,519,17505.86,0,8,11.7304,1.5773,1
43,73287.17,10600.01,60,535,38978.44,0,12,6.4112,0.1446,1
30,38255.49,25656.72,48,319,12292.46,0,13,4.0236,0.6707,1
39,34582.98,43934.13,60,723,10634.54,0,23,3.9442,1.2704,1
67,91829.94,39126.24,48,712,35838.92,1,12,4.7898,0.4261,1
25,26851.19,5897.15,48,688,28441.19,0,18,12.7655,0.2196,1
67,19428.96,43379.47,60,644,14147.64,1,15,9.1846,2.2327,1
43,28387.68,15143.75,24,766,9656.19,0,17,4.3486,0.5335,1
50,167409.87,33954.38,24,488,7532.51,0,15,0.6413,0.2028,1
45,26843.73,9026.38,48,667,12883.11,0,1,5.8432,0.3363,1
48,61041.79,34382.93,48,684,5458.83,2,0,1.214,0.5633,1
54,81309.0,3713.67,24,397,6241.25,0,9,0.944,0.0457,1
65,27893.53,30830.95,60,569,31176.66,0,24,13.6335,1.1053,1
68,27915.22,33005.13,36,517,3018.53,0,13,1.6917,1.1823,1
67,54616.71,13735.84,48,320,17851.89,0,16,3.9852,0.2515,1
45,56116.96,46974.85,36,571,16497.45,0,17,3.8068,0.8371,1
30,110036.81,4206.67,48,459,38427.55,0,6,4.2003,0.0382,1
34,30898.45,44802.05,24,791,18888.9,0,20,8.0609,1.45,1
62,39091.01,20331.08,60,728,6853.79,2,16,2.208,0.5201,1
66,269153.68,36267.91,48,346,3991.99,0,3,0.2117,0.1347,1
50,16721.07,33274.32,36,522,29431.32,0,11,21.7849,1.99,1
61,14785.28,10075.82,24,457,6335.59,1,21,5.4828,0.6815,1
45,21379.24,17311.97,48,346,37550.33,0,7,21.2792,0.8098,1
34,94936.48,27424.33,60,832,22588.93,0,1,2.913,0.2889,1
55,37685.44,42632.49,48,650,16367.02,0,18,5.4945,1.1313,1
68,37677.26,47833.28,60,618,27531.14,0,13,9.0224,1.2696,1
54,27470.46,2988.16,60,530,8357.66,0,22,3.6727,0.1088,1
30,85054.8,18922.8,24,597,15599.17,2,16,2.3121,0.2225,1
55,21578.82,34070.91,48,744,1819.85,2,22,1.4067,1.5789,1
31,34582.35,27331.01,60,404,35168.29,0,16,12.3614,0.7903,1
31,28130.64,47265.06,24,598,17297.65,0,7,8.219,1.6802,1
41,9863.89,2814.53,48,367,30473.6,0,5,37.1442,0.2853,1
41,36792.77,23011.49,60,837,36715.76,0,9,12.1,0.6254,1
42,47310.74,34102.58,24,340,26285.33,0,6,7.0275,0.7208,1
65,30782.05,12444.02,48,499,15341.99,0,1,6.082,0.4043,1
27,41732.48,36841.83,60,847,24971.38,0,14,7.357,0.8828,1
37,42379.68,5898.97,24,674,14733.08,0,21,4.2413,0.1392,1
22,45260.26,23649.85,24,705,22908.9,0,4,6.3352,0.5225,1
32,26044.73,34459.28,48,533,17570.53,0,2,8.4263,1.3231,1
62,25162.4,14804.34,24,807,6419.8,0,8,3.3558,0.5884,1
38,50421.25,5544.63,48,541,31314.0,0,4,7.4801,0.11,1
31,20218.38,47937.04,48,638,20108.55,0,23,12.5276,2.371,1
36,43110.63,45863.51,60,319,8010.63,0,19,2.4426,1.0639,1
69,130782.95,46465.76,48,470,35727.27,0,5,3.367,0.3553,1
38,47892.1,48968.11,24,515,34202.14,3,3,9.081,1.0225,1
55,16383.99,10865.51,48,315,22573.63,2,3,16.6992,0.6632,1
46,54605.56,9573.25,60,582,38827.59,0,24,8.5677,0.1753,1
36,80105.05,3642.3,24,600,37123.23,1,20,5.5839,0.0455,1
26,30418.61,44807.49,60,464,35931.73,0,16,14.4695,1.473,1
64,40971.34,38132.62,36,557,5765.03,0,14,1.9987,0.9307,1
63,28951.77,32396.6,60,652,12137.87,0,6,5.2547,1.119,1
67,37148.96,46528.46,36,386,16702.51,0,18,5.8128,1.2525,1
67,32881.72,29603.68,36,825,33360.42,0,10,12.4748,0.9003,1
68,63665.69,8227.08,48,308,34913.81,0,2,6.613,0.1292,1
62,132582.11,10489.49,24,762,30183.67,0,14,2.7715,0.0791,1
32,50732.87,8344.83,48,835,19159.77,0,21,4.573,0.1645,1
33,19437.4,16767.58,24,596,6895.1,0,18,4.6881,0.8626,1
24,223610.28,20215.85,60,516,1890.25,0,16,0.1195,0.0904,0
59,69545.69,40248.28,36,527,28122.44,0,5,5.0454,0.5787,1
22,78580.77,11180.19,36,331,39769.09,1,22,6.1205,0.1423,1
46,47181.84,36817.53,36,730,14146.15,0,4,3.858,0.7803,1
47,56366.91,25578.97,60,469,22964.91,0,12,4.9798,0.4538,1
47,39930.85,49983.68,60,530,32517.98,0,16,10.0226,1.2518,1
35,84306.78,39275.96,48,369,7866.02,0,1,1.2361,0.4659,1
28,36811.22,48509.74,48,410,33267.5,0,17,11.1742,1.3178,1
27,65750.64,18432.87,24,388,25201.05,0,9,4.7396,0.2803,1
67,87696.94,7906.41,24,301,23009.01,1,23,3.1935,0.0902,1
66,103524.23,26283.0,36,355,30610.13,3,7,3.6328,0.2539,1
60,91050.14,7963.49,60,570,10017.47,0,7,1.3377,0.0875,1
32,26524.94,25637.68,60,573,24783.83,0,17,11.4056,0.9666,1
33,125950.94,14957.17,48,843,9994.86,0,11,0.982,0.1188,0
63,73024.87,25570.27,48,569,7591.65,0,20,1.3351,0.3502,1
37,58885.84,47582.54,24,489,25122.51,3,4,5.5236,0.808,1
37,63103.16,15873.64,24,782,11136.6,0,3,2.2436,0.2516,1
56,44576.68,49684.83,48,607,28717.98,0,23,8.0095,1.1146,1
41,37050.12,13007.81,48,321,20822.17,0,23,6.8318,0.3511,1
28,39296.74,11989.2,60,313,27950.67,0,12,8.5963,0.3051,1
25,106178.44,28149.85,24,785,35718.94,0,24,4.1694,0.2651,1
46,51463.65,42418.16,48,845,5960.72,0,3,1.5959,0.8242,0
36,58048.3,37976.17,48,763,3136.18,1,0,0.8119,0.6542,1
56,50822.03,36729.77,36,732,16296.72,0,10,4.0889,0.7227,1
48,32834.83,15566.38,48,699,28809.95,0,8,10.6476,0.4741,1
49,13519.76,3080.81,48,578,35502.98,0,16,31.5691,0.2279,1
67,77748.31,9763.92,60,409,1874.38,0,19,0.3144,0.1256,1
32,72960.0,18774.72,48,347,31821.85,0,10,5.2982,0.2573,1
57,48685.01,48640.82,24,381,3478.98,0,9,1.3571,0.9991,1
50,25485.31,46149.32,36,577,23432.74,0,16,11.6371,1.8108,1
43,146164.99,11630.94,60,680,14092.06,0,2,1.1729,0.0796,1
36,39947.0,36829.88,24,609,1197.34,0,18,0.8207,0.922,1
34,56894.33,29792.81,36,841,4335.19,0,22,1.0889,0.5237,1
30,32148.18,4392.45,36,539,14472.19,0,2,5.4476,0.1366,1
27,21810.98,19841.87,48,482,38173.26,2,5,21.2297,0.9097,1
65,69827.26,25331.54,36,483,6615.87,0,19,1.2579,0.3628,1
57,19920.7,34043.56,36,765,11243.09,0,5,7.3424,1.709,1
49,56242.22,16155.45,48,736,39768.26,0,24,8.5569,0.2872,1
23,56340.33,46823.29,60,532,19484.51,0,6,4.3162,0.8311,1
35,25037.8,23690.19,48,300,10858.68,0,0,5.4408,0.9462,1
56,22519.79,13929.42,60,804,24829.61,0,7,13.3545,0.6185,1
67,30876.13,17188.55,36,661,17723.27,0,15,7.0737,0.5567,1
66,33639.75,38090.5,24,582,34403.17,1,19,12.8385,1.1323,1
39,19577.95,32733.7,60,828,815.18,1,23,0.834,1.672,1
33,24957.14,37624.55,60,468,39872.68,0,14,19.4733,1.5076,1
62,51304.98,16032.41,60,485,3119.34,0,18,0.7921,0.3125,0
41,161744.63,17688.73,60,421,21716.39,0,9,1.633,0.1094,1
57,89732.55,21042.52,36,740,28047.3,0,11,3.829,0.2345,1
47,53976.92,11052.46,24,773,22218.29,2,4,5.0419,0.2048,1
49,96471.71,35170.14,60,421,12380.56,0,2,1.6129,0.3646,1
40,98054.44,17808.78,24,591,34289.59,1,12,4.2872,0.1816,1
45,40823.45,17659.34,36,546,17501.71,0,18,5.2888,0.4326,1
26,57224.51,14929.52,60,487,12377.7,0,2,2.6478,0.2609,1
56,88145.02,23735.73,24,822,30849.18,0,19,4.3344,0.2693,1
22,95672.25,39054.85,60,583,6261.31,0,2,0.867,0.4082,0
42,96224.91,42109.22,60,423,8597.86,0,15,1.1597,0.4376,1
52,26470.7,40616.38,36,546,10484.41,0,11,5.2644,1.5344,1
36,99213.66,31817.29,60,705,17677.8,0,17,2.2023,0.3207,0
38,149469.28,15460.52,24,636,1303.28,0,21,0.1564,0.1034,0
25,120097.19,37273.05,24,458,39675.14,0,16,4.1195,0.3104,1
56,25557.52,3889.37,36,566,24205.96,0,20,11.4161,0.1522,1
50,21978.37,40311.32,48,591,38843.42,0,21,21.6667,1.8341,1
65,64804.83,39450.92,48,450,32394.4,1,16,6.1507,0.6088,1
39,118764.8,34160.05,36,584,5805.24,0,16,0.6824,0.2876,0
43,56145.44,6700.42,36,450,8758.19,0,6,1.9117,0.1193,1
54,42574.61,49872.38,48,423,1860.75,0,13,0.8173,1.1714,1
33,46438.61,38307.64,48,571,33434.72,1,10,8.8459,0.8249,1
63,90426.74,37270.73,24,639,23941.58,0,15,3.3832,0.4122,1
49,40418.2,5072.38,24,746,8995.07,0,21,2.7333,0.1255,1
56,65419.31,21137.85,24,756,38818.35,0,24,7.2821,0.3231,1
42,45332.62,6136.3,48,830,29601.19,0,3,7.8696,0.1354,1
67,28767.37,19329.78,36,412,28367.99,0,18,12.0574,0.6719,1
56,27446.26,29383.31,60,829,11046.26,0,21,5.0437,1.0706,1
29,67183.68,44185.87,24,825,12878.26,1,7,2.6291,0.6577,1
59,9669.75,15581.01,60,363,26885.16,0,4,33.6863,1.6113,1
39,65352.94,31923.9,36,692,23945.29,1,2,4.5596,0.4885,1
58,44250.77,9903.29,48,798,26067.7,0,2,7.125,0.2238,1
26,86478.39,18990.27,24,817,35213.5,0,16,4.9961,0.2196,1
67,70324.71,47467.4,48,654,6835.84,0,5,1.3352,0.675,1
35,50350.94,37886.76,36,452,5095.17,2,9,1.4651,0.7525,1
40,25837.47,28198.68,24,628,22803.01,0,22,11.1364,1.0914,1
29,26690.38,14081.45,36,778,20256.15,0,8,9.283,0.5276,1
52,33290.29,20225.85,36,690,16413.36,0,5,6.119,0.6076,1
24,82549.76,9521.28,24,711,36236.15,1,23,5.3252,0.1153,1
38,141665.38,18966.43,60,557,22556.02,0,21,1.9374,0.1339,0
25,59750.61,9230.38,24,806,22906.43,0,1,4.6776,0.1545,1
40,34422.6,40174.74,48,593,14973.96,1,2,5.5118,1.1671,1
43,36643.29,5876.44,60,776,14090.84,0,10,4.6466,0.1604,1
31,37669.08,11091.46,24,807,39510.38,3,14,12.7338,0.2944,1
57,91497.66,35176.0,24,418,25111.37,0,13,3.4856,0.3844,1
42,37229.19,45320.8,24,777,33092.07,0,12,11.2752,1.2173,1
24,47752.56,48300.4,24,618,18174.6,0,16,5.0729,1.0115,1
49,109850.88,42129.1,24,694,8078.25,0,20,1.0742,0.3835,1
64,34874.58,12150.65,48,347,13331.22,0,10,4.6742,0.3484,1
54,68475.85,15714.14,36,737,14172.03,0,5,2.5601,0.2295,1
33,84143.0,43796.11,48,774,22814.04,0,21,3.3837,0.5205,1
62,50922.76,44687.98,36,849,6607.32,1,1,1.8495,0.8776,1
29,158335.37,32751.35,24,435,15787.22,2,0,1.2999,0.2068,1
62,133155.37,17054.77,48,817,4472.8,0,22,0.4351,0.1281,0
51,57403.37,12754.72,36,623,20112.95,0,3,4.2786,0.2222,1
27,30263.87,42909.57,36,496,37923.26,0,8,15.5097,1.4178,1
24,31134.28,11852.24,24,410,13887.88,0,10,5.5431,0.3807,1
39,55691.61,33766.61,24,849,2463.64,2,23,0.834,0.6063,0
62,25488.48,48461.76,60,414,24546.04,0,5,11.9366,1.9013,1
50,57605.03,35853.99,60,787,25571.82,0,15,5.4515,0.6224,1
51,134976.68,14368.18,36,664,19443.0,0,9,1.764,0.1064,0
55,50893.58,15560.28,60,783,16175.95,0,2,3.8752,0.3057,1
41,48466.66,6458.95,48,609,35760.25,0,23,8.8873,0.1333,1
51,81790.46,34939.4,36,412,37568.27,0,9,5.6543,0.4272,1
39,67164.58,26884.91,48,569,27089.88,0,11,4.9401,0.4003,1
51,24612.59,11910.64,60,619,20298.39,0,0,9.9934,0.4839,1
52,37304.14,12928.08,48,474,3168.13,0,24,1.1058,0.3466,1
22,152721.7,2433.18,36,318,12391.01,0,9,0.9789,0.0159,1
30,59591.43,48964.13,48,502,11761.12,1,24,2.5738,0.8217,1
22,26799.54,41744.87,36,425,2800.58,0,9,1.7732,1.5577,1
22,43690.79,20920.16,60,766,33812.84,0,23,9.3827,0.4788,1
44,16822.08,47412.31,36,553,34748.38,0,3,25.7272,2.8185,1
37,16082.5,34501.76,60,591,36538.65,0,8,27.6925,2.1453,1
52,88376.62,38070.2,24,451,29801.47,0,8,4.2619,0.4308,1
36,48889.45,34637.86,60,498,28565.3,1,11,7.1531,0.7085,1
36,66924.88,38328.74,36,498,19374.15,0,10,3.6648,0.5727,1
66,98197.0,10205.07,36,752,34367.22,1,20,4.2344,0.1039,1
59,60095.14,28995.1,24,479,20650.32,0,5,4.3648,0.4825,1
51,76104.39,42770.06,24,517,1670.82,0,6,0.5444,0.562,0
63,57204.36,2938.04,60,619,23603.96,0,8,4.9618,0.0514,1
44,106068.34,7925.26,48,322,15923.07,0,10,1.8201,0.0747,1
21,142069.04,13790.71,48,383,21091.27,1,22,1.8058,0.0971,1
31,55256.56,16146.88,24,625,17907.89,0,16,4.0351,0.2922,1
41,53883.61,10769.79,60,628,20123.53,0,10,4.5215,0.1999,1
24,59402.76,31967.86,24,629,4788.62,0,24,1.2364,0.5382,0
27,46013.26,16112.92,24,772,1074.06,0,21,0.4552,0.3502,0
46,38554.64,9588.79,36,777,13937.4,0,17,4.4209,0.2487,1
67,91950.13,45479.66,36,534,10554.29,0,8,1.5423,0.4946,1
32,38585.9,35361.66,36,418,10377.28,0,16,3.5328,0.9164,1
51,37273.47,13810.82,24,339,37515.26,0,20,12.2631,0.3705,1
37,84037.81,19325.77,60,559,32849.91,0,24,4.7367,0.23,1
53,87997.68,37557.71,48,305,1028.15,0,15,0.2469,0.4268,0
31,198805.64,39963.68,48,610,844.41,0,13,0.1012,0.201,0
48,101905.21,10468.94,36,365,31187.55,0,0,3.7068,0.1027,1
52,80516.43,46955.65,60,673,39401.99,1,1,5.989,0.5832,1
21,87799.1,39693.05,36,445,18875.65,1,10,2.7305,0.4521,1
67,44858.57,43127.09,60,533,17608.63,0,6,4.9027,0.9614,1
48,68687.95,8905.22,60,328,11395.07,2,9,2.0167,0.1296,1
62,70670.62,8881.62,60,769,26832.03,1,11,4.5813,0.1257,1
27,35410.26,16657.7,24,660,19130.15,0,10,6.7181,0.4704,1
22,47602.16,5103.03,60,654,7116.99,0,1,1.8156,0.1072,1
62,86806.38,6371.23,24,325,19514.3,1,24,2.7343,0.0734,1
44,48479.41,8873.94,48,589,15366.65,0,13,3.8494,0.183,1
24,70752.48,36196.63,48,370,35647.33,0,8,6.1739,0.5116,1
64,83958.55,3451.05,24,388,30977.67,0,11,4.4481,0.0411,1
39,81640.93,5995.75,48,476,28199.27,0,9,4.1632,0.0734,1
46,138467.4,47320.81,48,326,13422.83,0,23,1.2487,0.3417,1
31,34586.93,6015.52,36,588,6014.81,0,1,2.1448,0.1739,1
60,131335.6,27798.19,24,830,34654.82,0,11,3.2722,0.2117,1
63,65157.7,32843.51,24,783,14038.52,1,2,2.8375,0.5041,1
31,80856.3,48012.49,24,733,23921.79,0,12,3.8472,0.5938,1
65,74471.44,45190.53,36,792,23837.61,0,18,4.0434,0.6068,1
23,72244.55,23152.77,24,577,37158.1,0,23,6.3323,0.3205,1
32,33442.32,47223.87,48,645,7283.08,0,12,2.9664,1.4121,1
23,79092.35,22748.76,60,537,30980.0,0,23,4.7579,0.2876,1
62,20675.43,34156.1,36,436,18772.33,1,21,11.4461,1.652,1
47,172328.81,14461.19,36,462,7402.7,1,15,0.5435,0.0839,0
69,61641.57,32558.94,24,592,33507.72,2,22,6.7872,0.5282,1
22,98319.97,27833.07,60,327,32895.49,1,0,4.0715,0.2831,1
69,73798.26,31127.89,60,555,2087.21,3,7,0.4238,0.4218,1
36,50108.75,34767.26,60,564,28522.88,0,12,6.9694,0.6938,1
22,35438.36,10325.85,48,780,6564.04,0,6,2.2955,0.2914,0
50,31627.99,16460.61,60,700,24609.23,1,20,9.4411,0.5204,1
40,78246.54,37339.59,24,759,25930.2,2,20,4.2153,0.4772,1
58,75825.91,9863.55,48,432,26777.16,0,1,4.2702,0.1301,1
48,68532.89,18523.53,60,490,5243.83,0,12,0.9722,0.2703,1
45,45676.55,33990.98,24,423,24133.48,0,11,6.7124,0.7442,1
52,62814.52,47007.25,48,730,4444.6,0,16,1.0362,0.7484,1
30,38035.98,5614.41,48,517,29949.39,0,8,9.4857,0.1476,1
62,32581.71,26794.92,60,702,3017.91,0,9,1.276,0.8224,1
60,41506.49,5931.46,48,621,30433.54,2,2,8.8344,0.1429,1
53,42616.71,20198.33,36,600,35397.95,0,20,10.1253,0.474,1
33,118009.64,10418.55,24,370,12292.39,0,10,1.2941,0.0883,1
61,21611.52,33173.04,60,513,31242.53,0,23,17.6547,1.535,1
62,48058.84,38375.96,24,844,16992.09,0,11,4.6421,0.7985,1
67,71639.93,13872.47,24,673,32009.69,2,6,5.4586,0.1936,1
57,161348.31,36218.58,36,635,27606.97,0,22,2.128,0.2245,1
36,34048.44,23447.31,48,470,11921.05,0,9,4.3736,0.6886,1
65,25095.64,15611.84,36,643,8152.48,0,9,4.1056,0.6221,1
42,75644.44,27123.28,36,755,36632.31,0,19,5.9308,0.3586,1
40,54117.6,20223.21,48,709,33639.68,0,9,7.5527,0.3737,1
63,42938.37,13039.82,60,600,26566.13,0,3,7.4852,0.3037,1
47,63740.58,38328.55,24,795,14300.18,1,9,2.9929,0.6013,1
61,82216.11,40281.16,60,590,20663.15,1,21,3.1139,0.4899,1
36,76284.42,40414.99,60,736,22535.63,1,9,3.6509,0.5298,1
54,58749.39,20342.85,36,401,3899.76,1,3,0.912,0.3463,1
52,108021.25,10137.37,48,309,38903.24,1,6,4.3452,0.0938,1
46,55184.49,42339.74,48,340,4126.86,0,17,1.0892,0.7672,1
45,50305.64,17804.67,24,669,29006.5,2,22,7.0962,0.3539,1
22,75232.23,37907.21,48,425,19965.67,0,2,3.3106,0.5039,1
32,23009.95,41237.63,60,682,30515.21,0,23,16.2725,1.7922,1
60,70930.31,38871.32,48,626,10806.75,0,14,1.9653,0.548,1
29,40866.61,20710.69,48,749,16106.86,0,4,4.8563,0.5068,1
32,22070.76,47024.8,60,822,21257.31,0,8,11.9839,2.1306,1
46,63266.46,33687.8,24,831,5269.0,0,19,1.2656,0.5325,1
29,37236.19,29635.82,24,572,34147.58,0,11,11.4026,0.7959,1
30,18607.3,35499.64,60,801,39665.73,0,20,25.9623,1.9078,1
52,29065.76,4146.9,48,786,16994.71,0,15,7.0521,0.1427,1
54,135102.74,20744.72,48,526,15384.25,1,10,1.4048,0.1535,1
68,35100.92,44298.42,24,526,23966.18,2,16,8.8244,1.262,1
40,59502.94,9731.83,24,640,27702.41,0,2,5.6685,0.1636,1
59,25578.89,21891.23,24,571,34808.77,0,14,16.758,0.8558,1
22,172915.3,21451.9,36,694,15229.19,0,3,1.0982,0.1241,1
21,51103.18,19090.0,24,423,30710.68,0,8,7.3982,0.3736,1
56,32518.61,28992.86,48,494,9983.19,0,7,3.9069,0.8916,1
44,83371.07,49817.51,24,472,27377.7,0,17,4.2394,0.5975,1
47,167731.48,14280.74,48,502,18936.44,0,21,1.3761,0.0851,1
22,38370.51,35837.94,48,332,26636.38,1,3,8.5638,0.934,1
51,32130.89,38383.76,48,510,15502.4,0,4,6.0884,1.1946,1
34,194287.91,30055.93,24,350,12126.4,0,8,0.8263,0.1547,1
22,45542.13,6678.83,24,706,19696.61,1,15,5.2632,0.1467,1
49,42533.13,29473.93,60,840,35856.56,2,3,10.2549,0.693,1
35,13539.57,47766.29,24,817,27156.66,0,15,25.8327,3.5279,1
32,48040.6,18418.89,24,432,24660.46,0,4,6.3516,0.3834,1
57,21729.64,32705.03,24,395,28934.68,0,6,16.7315,1.5051,1
48,35029.44,48051.09,36,723,29299.91,0,10,10.4945,1.3717,1
40,14638.63,40303.53,24,381,12142.39,0,6,11.3303,2.7532,1
59,102856.4,35038.77,36,614,9693.14,0,5,1.2444,0.3407,0
44,20333.67,48615.15,48,579,20610.71,0,18,12.7612,2.3909,1
41,15299.11,10187.98,48,385,6339.55,1,16,5.139,0.6659,1
30,28426.29,39091.94,48,665,19252.26,0,24,8.471,1.3752,1
66,103611.32,21528.12,48,665,27875.29,2,5,3.2804,0.2078,1
34,37534.06,19300.72,36,392,792.7,0,18,0.4248,0.5142,1
57,40669.95,26992.28,36,370,4890.32,0,16,1.6642,0.6637,1
38,65321.03,3620.05,48,625,38505.07,0,11,7.0875,0.0554,1
44,44757.09,17001.42,24,806,37153.71,0,11,10.1514,0.3799,1
34,103029.98,9978.34,48,625,17007.7,0,12,2.0051,0.0968,1
54,42455.93,8657.16,48,490,23806.3,0,5,6.7797,0.2039,1
32,42875.29,18192.34,36,513,6634.05,2,18,1.9982,0.4243,1
42,190711.29,40508.69,48,346,13574.97,2,0,0.9073,0.2124,1
26,50670.5,11653.33,36,388,31820.82,1,12,7.6126,0.23,1
56,56293.95,27507.96,60,526,34310.68,0,4,7.4116,0.4886,1
65,43206.43,37935.5,36,696,16509.04,0,0,4.8778,0.878,1
56,11419.29,13566.63,48,516,12786.58,0,2,13.7338,1.188,1
42,82761.83,46361.76,24,600,27426.43,1,2,4.2568,0.5602,1
34,132762.82,43591.9,36,715,28857.17,0,14,2.7178,0.3283,1
36,104133.52,14056.55,36,469,39360.38,0,14,4.5808,0.135,1
56,35071.74,49502.63,36,664,28044.49,0,21,10.0661,1.4115,1
45,44182.13,34120.21,48,531,9986.52,3,3,2.9054,0.7723,1
52,60446.4,15732.8,48,627,2869.39,0,7,0.6347,0.2603,1
53,59181.32,34689.8,36,532,10675.41,2,2,2.36,0.5862,1
65,73760.74,33979.92,24,336,9452.78,1,7,1.7682,0.4607,1
56,55372.41,31097.29,48,701,4166.95,0,11,1.0434,0.5616,0
40,39466.33,36161.41,24,725,18053.31,1,22,5.9474,0.9163,1
38,53218.82,14879.15,60,707,11881.5,0,17,2.735,0.2796,1
58,89256.64,48991.3,24,516,37041.08,0,12,5.2544,0.5489,1
23,282029.54,43179.0,48,469,16454.44,0,7,0.7384,0.1531,1
43,36338.58,37795.58,36,657,35126.36,0,16,11.9464,1.0401,1
52,56146.67,3262.64,60,485,12615.92,0,8,2.708,0.0581,1
65,39420.11,30338.5,24,460,33343.88,2,6,10.5351,0.7696,1
36,58955.07,35911.23,36,583,18453.32,1,21,3.9591,0.6091,1
25,88026.36,42996.79,60,483,1778.15,2,23,0.3401,0.4885,1
24,43266.15,47415.54,24,836,19734.66,2,24,6.0214,1.0959,1
41,14362.57,45960.95,36,441,9457.34,0,14,8.9683,3.2001,1
60,90866.28,21490.16,60,530,12643.97,0,23,1.7171,0.2365,1
34,53010.83,45032.06,48,767,27532.12,0,21,6.4448,0.8495,1
59,39925.91,2035.94,24,687,21415.43,0,15,6.462,0.051,1
51,34920.44,18870.81,24,457,35600.19,0,19,12.5038,0.5404,1
34,59084.44,7466.29,60,617,37470.21,0,24,7.6354,0.1264,1
26,32288.81,44387.25,24,484,27792.82,0,7,11.0164,1.3747,1
32,34634.16,46543.13,36,720,34609.65,0,23,12.4395,1.3439,1
36,23174.99,14288.4,24,482,8205.44,1,15,4.557,0.6165,1
37,32551.61,19630.9,24,351,3631.34,1,18,1.6402,0.6031,1
65,71576.23,49226.13,36,302,13652.28,0,15,2.5181,0.6877,1
43,21403.25,29171.05,36,376,13365.79,1,24,7.948,1.3629,1
34,97854.84,25858.68,48,315,26771.15,1,13,3.349,0.2643,1
27,24164.21,26020.9,36,529,33694.21,0,22,17.0916,1.0768,1
66,53635.23,35417.03,24,566,12226.85,0,15,3.0657,0.6603,1
52,65576.28,47818.07,60,605,17278.53,0,0,3.3077,0.7292,1
35,80401.26,19597.88,24,305,4645.74,0,17,0.8153,0.2438,1
64,80413.32,10287.58,48,409,16803.27,1,17,2.5395,0.1279,1
37,46610.63,10880.62,60,442,8969.14,0,0,2.3558,0.2334,1
61,44226.04,2977.23,48,506,15606.99,0,16,4.2515,0.0673,1
67,70117.0,28659.7,24,728,11020.72,0,19,2.0905,0.4087,1
64,57919.9,46597.63,36,465,32444.82,0,6,6.9902,0.8045,1
54,39835.24,36227.69,60,559,660.48,2,5,0.3809,0.9094,1
25,61241.7,49662.3,24,693,13878.98,0,12,3.125,0.8109,1
65,44343.58,45657.32,60,420,38784.81,1,6,10.7016,1.0296,1
47,34189.67,25609.17,48,712,27320.21,0,23,9.7762,0.749,1
43,39065.53,25354.37,24,439,31000.61,0,7,9.8472,0.649,1
60,65634.14,32161.15,60,467,34465.01,0,11,6.3993,0.49,1
34,28089.4,7324.91,24,383,14792.84,1,15,6.45,0.2608,1
35,95206.3,31168.84,24,720,3104.81,1,2,0.555,0.3274,1
63,35088.75,24275.55,48,567,16722.25,0,6,5.8918,0.6918,1
53,12632.96,32851.54,48,337,26281.9,0,5,25.6152,2.6005,1
51,68290.46,29130.08,48,602,15146.27,0,12,2.7681,0.4266,1
55,9692.66,16899.0,36,637,18208.34,0,13,23.124,1.7435,1
37,26711.48,31172.58,60,629,33107.41,0,12,15.1067,1.167,1
48,209708.52,19568.69,48,498,1931.37,1,7,0.1338,0.0933,0
39,92595.5,11341.81,36,304,13721.48,3,18,1.8191,0.1225,1
66,88117.41,34403.4,36,731,19792.31,1,13,2.8255,0.3904,1
43,25051.99,16704.66,60,670,12317.89,0,24,6.0337,0.6668,1
52,43827.72,44673.19,60,402,18110.26,2,4,5.1624,1.0193,1
60,103244.78,11567.96,48,734,16369.69,0,17,1.9306,0.112,1
33,71954.02,30806.91,36,680,36994.4,0,3,6.3124,0.4281,1
40,96907.69,29434.34,60,365,19978.34,0,22,2.5346,0.3037,1
55,142760.13,11491.61,60,569,19314.72,0,0,1.6396,0.0805,1
25,72843.31,23114.57,60,346,10552.28,0,0,1.8018,0.3173,1
29,23425.72,34425.86,60,664,2329.75,0,8,1.4873,1.4696,1
49,70194.77,17289.31,36,479,12329.39,0,18,2.1898,0.2463,1
26,42560.48,7463.87,24,367,1574.72,0,0,0.5317,0.1754,1
45,22595.0,31531.55,60,414,33157.58,0,14,17.8888,1.3955,1
51,83845.8,12757.85,36,325,8569.36,0,12,1.2772,0.1522,1
42,100835.29,34710.8,60,506,36492.14,0,22,4.4116,0.3442,1
22,46335.34,42294.42,36,372,35490.52,0,6,9.4957,0.9128,1
65,59414.03,7921.06,48,558,26755.49,0,13,5.4372,0.1333,1
25,14134.85,23005.24,24,685,34570.48,0,1,30.1629,1.6276,1
47,96207.62,23356.27,36,329,35177.64,3,12,4.4686,0.2428,1
45,78901.6,32361.72,36,720,31165.68,1,7,4.8766,0.4102,1
28,56961.7,18051.58,36,302,20563.15,0,11,4.4376,0.3169,1
21,23121.78,22091.32,60,820,38026.84,0,12,19.9267,0.9554,1
40,18276.57,2575.58,48,819,32800.77,0,2,21.5715,0.1409,1
64,165370.76,7876.44,60,820,5515.91,0,18,0.4098,0.0476,0
43,26910.12,29353.38,48,700,17086.38,1,11,7.892,1.0908,1
52,53130.72,12363.0,24,573,21817.8,0,20,5.0441,0.2327,1
31,27413.33,8939.69,60,771,21411.87,1,1,9.4381,0.3261,1
59,12414.93,17571.81,36,671,15491.62,0,19,15.4457,1.4154,1
67,64138.76,9849.71,24,730,21499.79,0,17,4.0993,0.1536,1
44,70425.9,4861.88,60,838,4173.19,3,15,0.7249,0.069,0
31,18010.71,15625.2,48,647,26381.68,1,8,17.7942,0.8676,1
49,95317.73,9889.21,60,370,20160.82,0,21,2.5589,0.1037,1
46,35740.47,40371.0,60,781,31612.29,0,16,10.8399,1.1296,1
36,25602.51,5007.53,36,555,27888.81,0,24,13.1368,0.1956,1
55,24614.51,37877.28,36,402,4954.41,0,23,2.9283,1.5388,1
40,82680.22,20374.22,24,446,14353.03,0,17,2.2064,0.2464,0
66,15456.07,34415.42,36,439,29581.74,0,18,23.7093,2.2267,1
23,23264.8,4529.09,60,722,13807.0,0,6,7.1606,0.1947,1
21,63510.45,46193.79,60,363,22892.59,1,3,4.4709,0.7273,1
67,58642.0,38834.03,48,570,38470.15,0,7,8.0378,0.6622,1
21,26550.69,8726.87,60,812,3656.86,0,0,1.7185,0.3287,1
37,106064.69,12501.65,24,306,8016.42,0,9,0.9659,0.1179,1
22,25138.61,32911.82,24,692,19484.07,0,3,9.9554,1.3092,1
49,43255.15,46235.01,36,300,29668.12,0,16,8.5869,1.0689,1
40,39952.35,23399.95,48,560,13539.4,0,6,4.2131,0.5857,1
26,40045.08,25310.37,60,346,5139.73,0,24,1.6666,0.632,1
28,43599.53,13414.41,36,301,12973.15,1,0,3.6732,0.3077,1
49,42825.15,20384.52,60,834,25955.09,0,15,7.3681,0.476,1
68,42509.87,15728.85,24,658,31805.64,0,23,9.1633,0.37,1
53,43951.57,18827.42,24,776,39092.01,0,9,10.8874,0.4284,1
23,94015.44,2988.69,48,721,30573.16,0,10,3.9103,0.0318,1
55,42640.16,3970.92,60,503,19944.22,0,5,5.6314,0.0931,1
25,74248.11,34672.95,60,526,12058.37,0,21,2.0423,0.467,1
47,53596.21,34726.17,24,450,37136.9,1,23,8.6388,0.6479,1
64,61067.7,17851.07,48,546,21601.31,0,0,4.3178,0.2923,1
32,78178.25,44502.2,36,316,27707.35,0,8,4.4427,0.5692,1
40,24731.59,14773.38,48,603,19161.39,0,10,9.4466,0.5973,1
65,71427.62,20997.67,36,813,10063.23,0,5,1.7886,0.294,0
40,43161.65,37106.03,36,496,22104.07,0,18,6.432,0.8597,1
29,27540.04,37691.27,24,745,33676.22,0,12,15.358,1.3686,1
59,78078.34,43335.96,36,640,15641.18,0,16,2.5889,0.555,1
24,37978.0,3394.83,60,360,26914.7,0,13,8.5222,0.0894,1
39,61481.82,10820.42,24,566,2173.07,2,19,0.5121,0.176,1
58,9628.96,32747.44,48,396,37493.23,0,20,47.5758,3.4009,1
47,75784.54,18233.59,48,582,38812.3,1,3,6.2058,0.2406,1
65,231898.56,4090.96,36,546,15758.64,0,6,0.8213,0.0176,0
63,48795.88,30150.4,60,334,20186.16,1,14,5.0878,0.6179,1
33,41850.83,20867.51,48,768,6843.02,1,21,2.0868,0.4986,1
33,37168.82,19476.55,36,367,8249.77,1,9,2.8381,0.524,1
42,68415.71,14689.49,48,488,24281.71,0,4,4.3126,0.2147,1
48,40844.87,2287.9,60,340,25266.68,2,12,7.4344,0.056,1
67,72296.79,10753.28,36,366,13993.47,2,14,2.3723,0.1487,1
65,137787.63,24763.29,60,607,15274.11,0,2,1.3662,0.1797,1
42,81196.17,15235.35,36,418,20496.03,0,24,3.0917,0.1876,1
63,44143.47,43970.66,60,485,37621.8,0,18,10.4264,0.9961,1
39,25102.3,8863.98,48,369,6411.44,0,2,3.1532,0.3531,1
28,38371.44,44016.33,48,583,22285.35,0,18,7.2561,1.1471,1
28,44515.29,21431.64,60,847,2798.35,0,11,0.8506,0.4814,0
62,22222.05,15240.34,48,647,18604.79,0,13,10.2181,0.6858,1
46,94104.5,16606.01,48,494,16189.88,1,7,2.1086,0.1765,1
68,68971.72,17843.4,36,783,6985.86,1,17,1.3017,0.2587,0
46,26130.15,26315.07,60,579,6977.82,1,3,3.4059,1.0071,1
43,16856.15,18986.35,36,647,18278.81,2,23,13.3883,1.1264,1
63,75411.2,33065.9,48,777,5500.5,0,10,0.9849,0.4385,0
33,18287.89,22408.59,48,397,12143.75,1,16,8.2747,1.2253,1
48,51552.68,34238.9,24,581,3313.12,0,18,1.1033,0.6642,1
29,38341.51,31012.47,60,718,12243.1,0,3,3.9936,0.8088,1
40,79220.19,13733.79,60,522,21580.85,0,5,3.3037,0.1734,1
39,79772.9,41013.12,36,551,29882.9,0,1,4.6666,0.5141,1
68,29948.5,40351.11,60,379,33301.07,0,6,13.6128,1.3473,1
59,83514.86,49471.06,36,712,13844.78,0,18,2.1868,0.5924,1
32,41205.23,10402.41,48,692,37582.48,0,13,11.0081,0.2525,1
35,49581.76,42696.23,24,633,10004.68,1,15,2.8519,0.8611,1
51,50195.26,43855.08,48,627,3682.77,0,7,1.0988,0.8737,0
34,188886.23,32823.88,36,301,37037.88,1,17,2.411,0.1738,1
31,45631.87,26306.47,36,502,21822.52,1,8,5.9309,0.5765,1
46,17977.18,47948.46,24,557,14379.48,0,3,10.9321,2.6672,1
62,31925.87,48689.21,48,666,35975.38,0,13,13.9034,1.5251,1
47,76330.41,32801.48,60,445,31141.96,1,23,4.9818,0.4297,1
31,41338.9,19258.87,24,677,33381.53,0,19,9.923,0.4659,1
58,49462.68,41223.93,60,740,12047.57,1,21,3.0895,0.8334,1
54,37828.91,6284.26,48,754,35002.67,0,23,11.145,0.1661,1
63,9045.61,15948.59,24,706,26166.01,0,20,35.5937,1.7631,1
39,30736.18,49306.61,48,318,29651.63,0,21,11.9776,1.6042,1
26,46799.35,41088.0,48,732,12840.68,0,17,3.512,0.878,1
66,16954.95,47099.96,60,728,10178.11,0,19,7.7592,2.7779,1
58,24165.82,30550.14,60,551,16623.17,0,4,8.5074,1.2642,1
69,39974.55,21568.28,60,520,23220.9,0,0,7.0786,0.5396,1
62,40183.47,49025.12,48,412,26806.48,0,22,8.3102,1.22,1
48,62109.43,16852.43,36,448,20169.6,0,5,3.9874,0.2713,1
21,41518.14,38355.89,48,357,28105.14,1,19,8.3542,0.9238,1
55,60753.52,28793.93,36,496,28479.1,0,3,5.7832,0.4739,1
60,32208.17,12968.34,24,317,26809.94,3,18,10.1901,0.4026,1
28,55655.75,2839.2,60,514,10417.99,0,16,2.2564,0.051,1
67,118500.1,20420.68,60,315,18129.98,0,5,1.8704,0.1723,1
27,58301.32,28288.9,48,698,30747.05,0,4,6.4499,0.4852,1
31,42573.64,10793.14,36,532,35534.98,0,5,10.1006,0.2535,1
59,27843.6,21898.63,24,324,20296.26,0,0,9.1405,0.7865,1
24,51646.89,31529.12,48,700,39478.23,0,17,9.3253,0.6105,1
45,43010.66,36316.31,24,664,7401.15,0,14,2.4871,0.8444,1
32,68679.03,4531.64,36,594,9362.97,0,15,1.6579,0.066,0
46,16429.79,33880.68,60,736,18699.68,0,22,14.0703,2.0621,1
58,43788.91,4720.03,60,370,20595.25,0,8,5.6655,0.1078,1
66,63042.76,3352.9,36,324,17266.85,0,21,3.3044,0.0532,1
32,52977.86,9315.78,60,673,17500.68,1,21,3.9992,0.1758,1
63,40154.44,33374.91,48,844,19746.4,0,4,6.1089,0.8312,1
57,39822.53,4535.43,36,757,13146.57,1,10,3.9995,0.1139,1
66,25354.0,3003.02,60,513,5672.25,0,4,2.7084,0.1184,1
44,61532.65,7662.06,36,510,38266.29,1,5,7.5041,0.1245,1
36,63255.11,47586.61,24,840,31901.98,2,1,6.4282,0.7523,1
33,20997.04,45549.33,48,338,32688.67,0,9,19.2242,2.1693,1
45,77558.09,6150.37,48,559,14915.88,0,21,2.3277,0.0793,1
24,33098.22,16592.63,48,394,16453.43,3,3,6.0906,0.5013,1
31,39120.58,47470.04,60,689,37465.81,0,13,11.7351,1.2134,1
52,149094.84,6689.01,24,519,38930.08,0,2,3.1557,0.0449,1
69,128175.02,6540.61,60,567,37733.52,0,12,3.5429,0.051,1
27,20579.31,6128.19,60,793,25882.71,0,22,15.152,0.2978,1
66,22756.4,48870.86,36,365,10087.28,0,14,6.0351,2.1476,1
31,26092.57,37669.21,48,686,24396.45,0,15,11.5809,1.4437,1
48,126973.63,12295.25,60,492,23768.92,0,4,2.2657,0.0968,1
61,34053.04,4205.47,48,619,36375.29,0,9,12.8492,0.1235,1
43,20241.77,48331.59,24,846,12810.91,0,2,8.7886,2.3877,1
65,102689.79,22423.47,24,474,8426.86,2,15,1.0939,0.2184,1
43,70007.97,30722.02,48,411,10999.38,0,7,1.9951,0.4388,0
48,189200.58,15401.42,48,607,10104.23,0,15,0.6612,0.0814,1
63,69923.62,38401.3,24,639,26111.18,1,4,4.7557,0.5492,1
67,48091.96,11446.51,24,379,32591.1,2,10,8.2512,0.238,1
46,57046.42,39771.77,60,777,15040.47,0,18,3.3033,0.6972,1
45,37354.3,13068.95,24,410,7468.31,0,15,2.5741,0.3499,1
49,107290.73,6699.79,60,786,14052.12,0,13,1.5842,0.0624,0
39,110742.77,24983.48,24,752,22089.06,2,10,2.5064,0.2256,1
53,18963.05,41034.41,60,712,26747.2,3,13,17.3587,2.1639,1
56,86294.08,20473.51,36,485,22217.05,1,15,3.1686,0.2373,1
34,25780.12,3385.94,36,386,10640.85,0,24,4.9968,0.1313,1
34,208614.16,28558.87,60,523,36761.74,0,17,2.142,0.1369,1
55,121810.99,34662.63,48,350,17793.6,0,2,1.824,0.2846,0
50,24764.93,37553.36,36,425,18629.31,0,2,9.5324,1.5164,1
48,56579.34,21292.4,24,445,38711.72,0,0,8.3986,0.3763,1
37,88951.97,6656.94,48,340,34800.51,0,11,4.7134,0.0748,1
23,33717.91,30047.67,24,654,32347.63,0,6,11.9579,0.8911,1
36,21594.51,17818.3,36,744,7716.3,0,10,4.563,0.8251,1
66,52107.9,47450.6,24,662,33604.45,0,12,8.1941,0.9106,1
50,44550.63,26130.18,60,835,18484.69,0,13,5.0963,0.5865,1
49,28323.06,24668.77,48,583,8771.05,0,21,3.9339,0.871,1
65,102914.64,16842.06,36,335,39639.84,0,11,4.6766,0.1637,1
35,22620.85,18261.75,48,576,7296.14,0,5,4.0723,0.8073,1
66,45948.71,26612.23,60,624,36916.54,2,5,9.757,0.5792,1
45,54671.39,16719.91,36,481,520.88,0,6,0.2163,0.3058,0
58,59005.35,44830.63,24,770,17797.76,0,5,3.9994,0.7598,1
62,96606.75,23072.86,48,716,1680.89,0,8,0.2685,0.2388,0
67,42445.59,16017.06,36,449,36541.86,1,20,10.4567,0.3774,1
58,10279.9,9458.95,36,703,5472.62,0,16,6.695,0.9201,1
43,38868.28,34272.83,60,813,27087.39,0,16,8.5392,0.8818,1
45,75765.47,3237.77,36,740,25433.2,1,14,4.0424,0.0427,1
62,44959.15,23599.8,36,545,31273.2,2,0,8.5221,0.5249,1
27,45159.26,28405.85,60,345,30001.67,0,13,8.098,0.629,1
42,67220.13,18309.66,24,374,1781.73,0,1,0.4543,0.2724,1
37,72753.04,37991.25,24,448,15841.82,0,19,2.8741,0.5222,1
38,16783.77,34431.7,36,705,13239.66,3,21,10.1499,2.0515,1
69,48474.32,48627.15,24,302,38928.97,2,6,10.1386,1.0032,1
61,43602.57,26420.81,60,308,31108.28,0,12,8.6826,0.6059,1
30,51280.8,27814.99,24,813,28464.41,0,20,6.932,0.5424,1
30,15035.15,13800.29,36,537,17965.34,0,6,14.6446,0.9179,1
27,108429.03,20503.23,60,839,35693.25,0,17,3.988,0.1891,0
68,49218.97,3289.31,24,589,1164.38,1,5,0.3173,0.0668,1
58,63259.17,35085.19,48,480,9523.33,0,18,1.9452,0.5546,1
47,141434.29,16957.89,48,614,27953.01,0,8,2.4016,0.1199,1
53,63626.9,27937.62,60,565,20581.32,0,9,3.9694,0.4391,1
21,19458.82,14239.64,24,382,21585.39,0,3,13.6773,0.7318,1
64,46543.09,31809.74,36,557,16945.63,0,20,4.5968,0.6834,1
54,73492.07,23483.96,48,498,7075.1,0,20,1.2351,0.3195,1
24,50715.01,25129.31,24,591,7065.75,0,11,1.9196,0.4955,1
37,136501.77,47245.14,24,382,12132.01,0,12,1.2396,0.3461,1
24,29331.66,35895.7,36,565,18998.23,0,17,8.1804,1.2238,1
63,103473.78,14571.19,36,716,33052.97,0,12,3.8801,0.1408,1
46,81100.18,26188.25,24,318,18149.86,1,19,2.847,0.3229,1
24,51702.43,24400.3,36,829,35962.92,0,22,8.5042,0.4719,1
21,59802.19,40162.53,60,670,5260.41,0,17,1.1899,0.6716,0
27,27265.76,42001.05,48,322,11235.03,0,4,5.3298,1.5404,1
50,40767.73,15605.26,48,684,3285.69,1,15,1.0628,0.3828,1
29,69304.87,41415.27,24,821,20646.01,0,20,3.8736,0.5976,1
55,44825.38,10616.07,24,678,4056.28,0,20,1.2043,0.2368,0
28,50824.98,38612.99,36,389,31929.52,0,22,7.7919,0.7597,1
44,88917.65,13941.66,48,443,2070.67,0,9,0.3186,0.1568,1
39,15609.79,16300.7,36,503,19278.04,0,13,15.168,1.0443,1
56,61183.38,42918.46,24,819,17114.27,0,22,3.7074,0.7015,1
63,142332.78,22163.59,24,691,8488.2,0,14,0.7935,0.1557,0
47,39100.09,49547.16,24,600,23680.72,0,10,7.9013,1.2672,1
52,23235.41,9293.27,24,804,15750.88,2,7,8.3346,0.4,1
34,38814.3,24240.75,24,452,8319.69,0,16,2.8844,0.6245,1
38,19727.14,37157.62,24,828,33149.23,0,2,21.1064,1.8836,1
48,56129.18,2257.62,60,638,26597.47,2,0,5.6944,0.0402,1
49,46900.5,9289.05,60,811,980.04,0,6,0.2904,0.1981,0
36,59351.88,2977.12,36,634,20323.65,0,20,4.1258,0.0502,1
55,45308.89,49658.14,60,808,11216.61,0,1,3.1899,1.096,1
67,55134.84,38509.98,36,355,36646.93,3,9,8.209,0.6985,1
51,64234.15,19930.84,36,429,29160.44,0,17,5.5511,0.3103,1
24,23894.69,9501.68,60,397,24658.78,0,6,12.4633,0.3976,1
57,60334.0,6338.4,48,721,4017.64,0,4,0.8253,0.1051,1
37,116882.48,27531.55,36,379,37260.51,0,3,3.9039,0.2355,1
59,27528.21,48842.78,24,587,6195.95,1,13,3.5881,1.7743,1
68,58982.49,34381.33,36,468,18304.49,0,23,3.9184,0.5829,1
66,106597.92,19526.64,36,378,27401.14,0,2,3.1457,0.1832,1
46,24513.34,26040.85,48,370,20043.38,2,12,10.0774,1.0623,1
68,79119.35,49947.36,24,562,35357.57,1,2,5.6783,0.6313,1
59,42906.8,26900.78,48,829,33495.98,3,7,9.5248,0.627,1
61,89931.43,48281.67,48,509,5847.03,1,17,0.9144,0.5369,0
24,29891.39,2785.36,48,416,24896.63,1,18,10.0181,0.0932,1
50,48755.19,36606.23,36,376,2562.02,0,3,0.8809,0.7508,1
50,19710.5,32103.75,24,614,28962.81,0,9,18.4473,1.6288,1
42,63727.62,34895.83,24,310,29572.83,0,2,5.8424,0.5476,1
31,64166.85,29387.22,48,350,14107.4,0,11,2.7528,0.458,1
22,67811.12,4120.49,60,306,31570.46,0,23,5.5989,0.0608,1
64,65838.48,9179.07,24,848,26281.75,0,5,4.8599,0.1394,1
32,46413.92,46268.06,24,560,20410.0,3,18,5.7753,0.9969,1
50,20199.68,13180.4,48,811,18483.27,0,22,11.1435,0.6525,1
56,88898.16,49660.99,36,499,4811.05,1,3,0.8356,0.5586,1
38,47903.29,34620.25,48,629,21478.61,0,2,5.5612,0.7227,1
46,62074.49,23329.02,60,389,6665.95,1,17,1.3638,0.3758,1
27,43864.94,46162.35,60,354,26413.2,2,7,7.4363,1.0524,1
21,158777.04,40159.34,48,520,23991.2,1,23,1.8764,0.2529,0
46,34871.0,22590.32,60,391,11975.97,0,1,4.2508,0.6478,1
43,34075.49,5292.46,36,355,10256.46,2,24,3.6637,0.1553,1
46,19206.69,43678.62,36,478,19304.47,2,6,12.8191,2.2741,1
65,52456.95,38721.92,36,360,20743.27,1,10,4.9913,0.7382,1
26,149498.89,39955.27,60,416,32018.05,0,5,2.6235,0.2673,1
26,52839.94,37753.22,36,535,12506.34,1,18,3.0784,0.7145,1
64,56177.37,15236.22,48,332,16435.19,0,2,3.5785,0.2712,1
28,87897.66,43224.59,36,542,14060.17,0,12,2.0834,0.4918,1
44,54028.01,2107.16,60,373,16067.61,0,19,3.5765,0.039,1
42,100667.04,13389.26,24,320,22900.33,0,24,2.7963,0.133,1
39,110045.09,4234.86,60,453,22520.11,0,23,2.4634,0.0385,1
57,34344.76,7308.63,48,553,14773.02,0,1,5.2149,0.2128,1
38,20779.91,27554.2,48,506,24296.19,1,4,14.3621,1.326,1
51,74143.21,3788.3,60,448,24833.76,0,14,4.0295,0.0511,1
57,59490.91,10706.29,36,601,21312.46,1,9,4.359,0.18,1
50,26173.01,13171.53,36,596,18368.29,0,5,8.5894,0.5032,1
62,32636.19,33456.26,24,790,3578.5,0,13,1.8283,1.0251,0
53,32575.45,24503.39,36,343,21880.09,0,20,8.3108,0.7522,1
30,53555.56,24003.8,48,443,28651.65,2,0,6.5319,0.4482,1
57,89181.69,38884.76,36,543,9005.42,0,8,1.3571,0.436,1
32,92228.45,23922.63,60,718,31224.49,0,9,4.1145,0.2594,1
50,78786.26,18727.46,60,816,23664.0,1,21,3.6518,0.2377,1
47,41140.47,48197.65,24,361,9882.08,0,20,3.4682,1.1715,1
59,185733.38,2398.08,48,837,6936.58,0,10,0.4514,0.0129,0
29,50007.7,16658.86,60,616,10193.36,0,21,2.5127,0.3331,1
41,38820.91,31250.85,48,734,30483.9,1,18,9.6242,0.805,1
32,21598.09,39574.84,36,680,10395.22,0,8,6.3864,1.8323,1
49,39794.19,41187.82,24,335,27487.34,0,11,8.8064,1.035,1
53,63784.41,4211.51,24,841,22059.75,0,19,4.1832,0.066,1
63,18925.33,36038.34,36,531,22100.4,0,5,14.648,1.9042,1
35,27654.21,36572.17,60,332,34177.67,2,15,15.0952,1.3225,1
22,37034.13,12275.81,48,651,35051.72,0,12,11.4405,0.3315,1
59,30784.48,7413.2,48,554,21707.9,0,5,8.5221,0.2408,1
64,29298.07,37984.94,48,349,3078.98,1,12,1.5852,1.2965,1
38,96256.18,13976.0,60,322,6866.79,0,14,0.8851,0.1452,1
23,18207.56,2080.34,36,553,37972.36,0,17,25.0644,0.1143,1
27,54460.01,12731.48,48,693,5820.16,1,15,1.3409,0.2338,1
63,66932.98,3491.26,60,572,33496.4,1,8,6.0158,0.0522,1
38,36663.86,13960.96,48,549,21846.07,1,17,7.2454,0.3808,1
64,42780.2,18080.94,60,536,5003.49,2,9,1.488,0.4226,1
58,47842.6,15027.21,36,531,36820.4,0,11,9.3401,0.3141,1
57,71724.22,46156.98,48,727,37160.15,0,4,6.3781,0.6435,1
53,122812.58,13161.58,36,541,24806.78,3,1,2.4596,0.1072,1
64,22681.44,24441.67,24,433,15859.97,0,8,8.9298,1.0776,1
51,28289.45,47956.52,60,370,24496.2,0,17,10.73,1.6952,1
31,29157.13,44201.58,24,764,25296.53,1,23,11.1691,1.516,1
24,48652.58,16844.41,36,720,25074.46,0,0,6.2999,0.3462,1
38,38566.21,17671.53,36,609,29469.63,0,13,9.3223,0.4582,1
24,73119.82,30479.81,36,578,3152.21,0,2,0.6563,0.4168,0
69,33060.85,46057.42,48,518,4549.94,0,22,1.9998,1.3931,1
54,28768.89,2479.99,48,606,11669.75,0,10,4.8892,0.0862,1
49,31011.63,20869.75,36,613,14312.84,1,21,5.7627,0.673,1
44,52544.37,42789.22,36,702,25702.2,0,17,6.1413,0.8143,1
42,87409.03,21702.56,48,787,7289.06,0,24,1.0628,0.2483,0
22,47731.12,36562.63,48,704,21870.66,0,1,5.69,0.766,1
64,35070.06,35212.4,60,678,7820.91,0,21,2.8769,1.0041,1
26,26406.82,11862.02,36,580,14541.71,1,16,6.7579,0.4492,1
62,117827.89,23580.54,48,626,37452.21,0,2,3.8643,0.2001,1
45,17041.74,29176.96,48,334,35880.13,0,20,25.6931,1.7121,1
41,43842.37,36342.22,24,369,38147.61,0,6,10.8558,0.8289,1
36,76407.41,41474.7,36,659,23861.07,0,2,3.9284,0.5428,1
51,43481.22,38476.79,36,707,20301.36,2,24,5.8978,0.8849,1
34,34898.77,3358.95,48,818,34032.14,0,14,11.7261,0.0962,1
59,67602.12,34190.62,24,683,3646.76,0,3,0.9002,0.5058,0
48,25431.17,25871.14,60,380,39148.75,0,24,18.6763,1.0173,1
52,17249.28,29545.36,36,737,18763.71,0,14,13.6245,1.7128,1
48,60590.81,19902.38,60,549,27193.56,1,2,5.4514,0.3285,1
69,26981.06,36273.26,36,337,29274.56,0,10,13.4682,1.3444,1
29,53052.18,34346.65,48,344,25339.17,0,2,5.8934,0.6474,1
65,45526.07,29815.35,60,658,35715.24,0,19,9.545,0.6549,1
42,57332.75,43357.07,36,436,11882.37,0,17,2.7391,0.7562,1
52,42776.84,6891.2,60,760,21526.17,0,13,6.0709,0.1611,1
25,68248.53,16449.12,48,666,17497.06,0,20,3.1367,0.241,1
43,32140.46,25766.26,24,604,28313.09,0,8,10.9718,0.8017,1
25,78334.47,48013.03,24,528,16107.05,1,14,2.7739,0.6129,1
62,23610.01,5454.24,60,482,35767.98,0,7,18.2256,0.231,1
52,99069.25,18179.72,60,766,19871.99,0,7,2.4437,0.1835,0
30,167877.15,46442.75,60,503,21672.32,0,7,1.6045,0.2766,1
59,52306.03,45101.48,36,367,19989.03,1,23,4.8733,0.8623,1
35,125681.24,43531.79,48,849,25094.13,0,13,2.4826,0.3464,1
27,146832.11,16802.74,60,604,20660.86,0,5,1.7114,0.1144,1
49,40434.53,42648.12,24,394,37528.01,0,12,11.6648,1.0547,1
67,50449.04,26256.29,36,545,5679.34,0,6,1.5244,0.5205,1
23,30077.4,31749.38,60,378,1030.38,0,14,0.6222,1.0556,1
39,31264.4,13463.6,36,732,21110.56,2,9,8.2463,0.4306,1
30,56371.67,35920.35,60,579,30702.92,0,11,6.6633,0.6372,1
48,18370.53,17729.46,60,668,26103.73,0,4,17.2445,0.9651,1
49,80891.98,18506.26,36,578,38528.0,0,21,5.7917,0.2288,1
35,54196.46,32567.22,48,650,7699.94,0,2,1.8551,0.6009,1
55,73776.76,13511.93,48,525,27912.31,0,4,4.5858,0.1831,1
26,43948.83,12773.06,24,705,32726.78,0,11,9.0812,0.2906,1
32,73388.03,19719.82,48,745,36526.53,0,2,6.0398,0.2687,1
67,56873.64,39347.05,48,622,21377.78,0,20,4.6835,0.6918,1
58,66458.63,12784.74,36,372,14842.7,0,0,2.7442,0.1924,1
33,84206.49,39791.28,36,817,38236.77,1,16,5.6065,0.4725,1
49,22949.02,35389.05,24,620,31763.11,2,9,17.3799,1.5421,1
39,32149.6,34595.83,60,321,19098.34,2,5,7.3438,1.0761,1
23,196593.41,24788.27,36,478,26221.06,0,23,1.6426,0.1261,1
28,55512.5,37802.62,36,408,11503.79,0,19,2.7137,0.681,1
28,17499.39,2648.94,36,671,24786.25,0,12,17.0473,0.1514,1
40,17557.82,16669.15,48,755,21831.17,1,14,15.158,0.9494,1
67,46864.01,34598.6,36,528,2049.4,0,22,0.7709,0.7383,1
24,35817.0,49390.18,24,830,34697.04,0,20,12.3143,1.379,1
41,30217.51,2120.69,24,663,19862.59,2,1,7.9229,0.0702,1
23,143758.07,26478.67,36,724,19449.59,0,20,1.6849,0.1842,0
65,39282.41,46344.15,60,515,11695.48,0,1,3.8087,1.1798,1
28,80224.46,43449.89,36,347,8257.31,0,24,1.4157,0.5416,1
43,56958.31,3110.54,24,764,12009.19,0,16,2.5574,0.0546,0
36,41071.36,27418.79,60,572,26174.23,0,18,7.781,0.6676,1
33,24710.05,2205.78,48,329,4357.14,2,0,2.1383,0.0893,1
23,77772.17,39899.6,36,489,13648.14,3,4,2.2769,0.513,1
68,12008.65,16825.99,24,451,39160.24,0,19,39.8326,1.4012,1
29,82653.01,38748.35,48,675,11225.38,0,15,1.747,0.4688,1
34,53678.69,47350.08,24,554,38682.87,1,21,9.0887,0.8821,1
33,71050.49,48852.08,48,333,4640.03,0,4,0.9556,0.6876,1
27,49249.66,44917.34,24,486,31862.41,0,22,8.2195,0.912,1
35,23374.33,11798.89,24,748,17869.66,1,22,9.4264,0.5048,1
27,62375.51,11340.81,48,385,8195.27,0,9,1.6221,0.1818,1
58,81580.04,32037.46,36,417,31603.19,3,20,4.7796,0.3927,1
54,36772.69,28114.58,24,357,775.74,0,9,0.6354,0.7646,1
61,72724.62,2457.66,60,317,14212.04,0,0,2.3518,0.0338,1
42,58567.25,20802.91,36,439,24391.86,1,8,5.1161,0.3552,1
44,64236.78,45521.17,60,757,9623.32,0,17,1.9395,0.7086,1
69,29268.85,45121.23,24,511,13635.07,0,6,6.3611,1.5416,1
57,105799.13,11787.53,48,785,4112.41,0,18,0.4943,0.1114,1
64,58548.96,20334.23,36,419,34201.89,2,21,7.1257,0.3473,1
21,80742.94,28897.57,48,302,17175.57,0,15,2.6421,0.3579,1
30,38836.28,42933.64,48,528,6239.16,0,20,2.2042,1.1055,1
63,88377.66,27535.73,60,528,8364.21,0,5,1.198,0.3116,1
36,38056.78,48473.59,60,642,11369.09,0,9,3.8396,1.2737,1
66,28708.43,40354.5,36,440,9563.93,0,4,4.4662,1.4057,1
28,141932.3,47748.41,36,356,20380.62,2,24,1.8353,0.3364,1
69,11806.44,37111.63,36,515,36256.12,1,12,37.8983,3.1433,1
45,294764.97,44125.96,60,413,7764.65,0,11,0.346,0.1497,1
32,74685.71,41888.18,60,593,18411.14,2,23,3.0703,0.5609,1
45,40583.41,14184.25,48,327,26725.21,0,16,7.9897,0.3495,1
37,59613.99,13017.75,48,837,7759.87,0,24,1.6166,0.2184,0
46,74712.21,43490.4,48,620,6582.69,0,1,1.2028,0.5821,0
66,40156.11,6064.53,36,812,6636.83,0,4,2.0336,0.151,0
68,166233.01,21611.05,24,331,35338.37,0,21,2.616,0.13,1
34,118816.87,41391.57,60,710,28594.98,0,9,2.9576,0.3484,1
61,251725.9,41035.49,36,696,13786.57,0,0,0.7116,0.163,1
56,23555.99,8661.57,60,316,36151.17,0,11,18.4898,0.3677,1
43,55780.69,25410.07,24,351,38165.06,0,13,8.4381,0.4555,1
63,21328.35,25031.96,60,669,16231.81,0,22,9.3673,1.1736,1
26,25466.44,17538.63,60,463,20662.68,0,7,9.8742,0.6887,1
67,40305.35,46024.69,60,602,14644.34,0,16,4.5884,1.1419,1
25,40745.18,33349.65,48,749,9488.46,1,10,2.9991,0.8185,1
63,61202.43,49049.0,24,843,31310.39,0,19,6.5398,0.8014,1
45,45871.77,5204.78,36,801,26137.98,0,1,6.8755,0.1135,1
38,79220.05,20928.81,36,650,14992.17,0,4,2.359,0.2642,1
33,59358.05,42086.6,36,678,1068.01,2,17,0.4523,0.709,0
63,131731.35,22288.91,24,738,30665.1,0,8,2.878,0.1692,1
34,80602.27,14570.15,60,500,19356.17,0,8,2.9179,0.1808,1
48,24164.11,49894.76,36,406,3386.87,0,9,2.3702,2.0648,1
38,44923.09,43909.99,24,804,5417.84,0,20,1.936,0.9774,0
48,46779.18,28230.74,48,683,25320.93,0,20,6.6463,0.6035,1
47,63827.72,28962.04,24,595,22080.13,0,3,4.3781,0.4538,1
52,93448.66,2329.42,48,327,9998.89,1,16,1.2902,0.0249,1
67,58079.18,49087.74,24,636,6025.23,0,11,1.6675,0.8452,1
29,69348.32,40702.17,48,586,35447.0,0,2,6.2805,0.5869,1
60,24821.46,3763.01,36,642,5827.24,0,3,2.8677,0.1516,0
52,37215.44,10463.85,24,330,3884.21,0,22,1.393,0.2812,1
40,15564.17,41409.5,48,786,24987.7,0,6,19.9307,2.6606,1
48,63906.07,6169.55,60,550,10475.82,0,22,1.9864,0.0965,1
53,81218.53,47205.71,36,662,26435.7,1,22,4.0996,0.5812,1
24,22216.93,49994.77,36,406,19819.37,0,10,11.4551,2.2503,1
66,53909.86,44548.77,48,805,8844.31,0,3,2.1753,0.8264,1
54,46103.0,37467.39,48,741,3250.73,0,24,1.0493,0.8127,0
68,135004.57,25389.55,24,416,3290.71,0,19,0.3865,0.1881,0
23,28663.45,5956.62,48,544,23641.48,1,5,9.9495,0.2078,1
46,85041.48,37061.42,48,378,30450.69,1,0,4.4058,0.4358,1
28,97328.14,21049.53,60,785,27741.56,0,0,3.4636,0.2163,1
26,43609.45,29370.97,36,322,23917.69,0,5,6.8059,0.6735,1
36,58424.94,16082.74,48,496,8831.66,0,0,1.8828,0.2753,1
44,93570.85,13623.49,48,660,34540.65,0,14,4.4661,0.1456,1
68,25344.02,17566.25,60,726,25339.41,1,0,12.1364,0.6931,1
59,37938.05,41063.75,48,516,27920.84,0,5,9.1021,1.0824,1
50,54816.32,22471.59,60,495,9341.33,0,23,2.1269,0.4099,0
65,169128.67,16961.98,36,742,10828.89,0,8,0.8018,0.1003,0
33,38566.43,22782.58,36,758,36348.21,1,5,11.5067,0.5907,1
25,41722.98,3549.79,60,758,19304.91,0,16,5.5693,0.0851,1
45,124026.81,44749.01,60,783,22376.78,0,22,2.2372,0.3608,1
40,72968.81,28484.55,36,443,4875.24,0,17,0.9319,0.3904,1
38,181593.68,7031.66,36,613,16085.67,0,22,1.0759,0.0387,0
67,94461.46,15843.53,60,556,35537.92,0,19,4.5481,0.1677,1
38,44909.12,49210.53,24,773,36055.96,0,0,10.1823,1.0958,1
22,41235.15,30466.76,36,798,29341.03,0,24,8.7849,0.7389,1
30,29888.93,15987.43,36,518,22052.69,0,15,9.0322,0.5349,1
65,22403.79,22464.59,60,830,37267.48,0,15,20.1619,1.0027,1
67,60143.54,14406.79,60,657,34937.72,0,0,7.0188,0.2395,1
32,71408.09,3526.6,60,536,33930.87,0,6,5.7119,0.0494,1
67,76760.14,42417.44,24,574,35331.39,0,13,5.7997,0.5526,1
33,45520.3,16038.97,60,516,18402.92,0,14,4.9218,0.3523,1
67,156071.39,42243.72,24,696,21256.85,1,5,1.7697,0.2707,1
31,21697.08,24970.74,60,373,17248.5,0,22,9.7698,1.1509,1
39,20272.05,10778.94,60,627,29732.65,0,16,17.7065,0.5317,1
55,29978.24,40489.7,24,707,23881.12,1,16,10.2347,1.3506,1
59,49196.24,20101.35,48,447,3253.06,0,5,0.8956,0.4086,1
46,25380.35,35971.0,36,385,5895.71,1,12,3.26,1.4173,1
66,109992.04,42187.02,60,820,8096.82,0,23,0.9601,0.3835,0
34,31464.67,48223.31,48,802,26986.88,0,10,10.6754,1.5326,1
65,28267.73,6119.1,24,531,4837.3,2,18,2.1617,0.2165,1
64,92322.89,2402.55,60,797,21862.38,0,9,2.8468,0.026,1
44,55517.94,28324.4,24,722,33712.98,0,1,7.542,0.5102,1
61,78497.4,14683.57,24,766,37926.82,0,19,5.8915,0.1871,1
21,47640.81,24516.89,24,546,17415.17,1,7,4.6439,0.5146,1
63,57702.28,5487.62,48,669,21570.47,1,14,4.5097,0.0951,1
42,20741.05,26076.27,24,812,33345.36,0,8,19.921,1.2572,1
43,44859.73,7993.07,36,404,37461.8,0,12,10.0804,0.1782,1
39,26138.54,42252.21,60,533,15899.53,0,21,7.6226,1.6165,1
38,158361.38,38455.37,60,757,14445.89,0,22,1.1432,0.2428,0
32,106477.91,5555.53,36,556,18308.36,0,14,2.0807,0.0522,1
48,33111.83,42144.82,60,774,10525.29,1,14,4.069,1.2728,1
48,43280.9,17598.01,36,471,34456.74,0,0,9.689,0.4066,1
53,44522.44,18937.27,48,572,13068.81,0,4,3.6287,0.4253,1
39,178505.37,10630.57,24,493,18253.56,0,14,1.2569,0.0596,0
48,62183.13,42094.6,48,411,13138.55,0,21,2.7047,0.6769,1
69,37921.72,21425.88,36,322,5197.38,0,13,1.833,0.565,1
57,53530.73,4344.12,24,614,24462.57,0,5,5.5244,0.0812,1
46,19492.9,48379.98,48,501,23710.62,0,5,15.2169,2.4819,1
55,46901.08,14282.59,24,800,12148.56,1,22,3.2606,0.3045,1
54,25628.58,46936.51,24,324,1740.23,0,19,1.7305,1.8314,1
55,16177.88,16459.44,48,807,37501.49,0,4,28.0712,1.0174,1
60,161448.98,41908.48,60,665,14544.12,1,21,1.1329,0.2596,1
36,48233.26,33882.54,36,830,21780.81,0,8,5.653,0.7025,1
58,30854.81,43341.6,48,345,6178.07,0,19,2.7539,1.4047,1
33,17706.59,48853.66,48,334,10421.14,0,19,7.7523,2.7591,1
43,42930.18,43831.22,60,501,17692.48,0,6,5.1497,1.021,1
42,44823.78,21375.93,36,834,22708.65,0,15,6.2384,0.4769,1
36,77577.37,41096.17,48,664,34233.56,0,16,5.4278,0.5297,1
48,27658.81,36159.24,24,769,11971.32,0,22,5.8475,1.3073,1
68,35587.34,4956.98,36,599,34935.34,0,7,11.8266,0.1393,1
55,28148.38,46628.48,60,715,18608.53,0,17,8.2644,1.6565,1
65,43009.23,24366.13,48,645,17590.74,0,19,5.0496,0.5665,1
66,14826.98,8453.63,24,648,16158.39,1,12,13.3626,0.5702,1
28,30256.9,22418.15,36,489,35504.04,0,13,14.328,0.7409,1
64,71526.96,30950.78,48,702,10415.18,2,3,1.8555,0.4327,1
42,23499.47,29501.41,36,648,34365.88,0,9,17.9674,1.2554,1
41,89295.25,29590.1,24,672,4019.59,1,9,0.7059,0.3314,1
46,82786.23,14280.29,24,804,38235.46,0,5,5.6285,0.1725,1
60,87047.92,32369.72,36,590,20369.12,3,6,2.9319,0.3719,1
41,48887.94,45555.91,24,410,39956.76,0,6,10.2737,0.9318,1
45,46321.43,20656.01,24,802,24513.39,0,3,6.5734,0.4459,1
61,59383.14,32267.85,36,600,5145.28,0,18,1.2209,0.5434,1
21,108245.83,13711.38,36,312,2905.22,2,19,0.3643,0.1267,0
26,102494.69,4317.49,60,822,8140.04,0,8,0.9615,0.0421,0
43,18081.76,30115.11,48,401,17135.38,0,22,11.7883,1.6655,1
43,29010.62,4282.39,60,496,30013.99,0,18,12.4446,0.1476,1
63,26046.44,36732.06,60,690,528.23,0,15,0.5254,1.4103,1
63,75815.94,34176.93,60,354,10665.2,0,2,1.7782,0.4508,1
43,32611.78,19727.6,60,482,23709.01,0,4,8.8451,0.6049,1
52,43389.19,21741.93,48,318,12266.39,0,23,3.5177,0.5011,1
50,136594.11,46052.52,36,662,14599.27,0,4,1.395,0.3371,0
33,96040.82,2630.41,24,772,12380.16,1,5,1.5606,0.0274,1
63,111940.12,29038.56,24,308,38150.73,0,8,4.2195,0.2594,1
38,31882.98,46321.33,36,324,3100.41,0,8,1.6512,1.4529,1
43,9294.22,45871.39,36,605,36346.69,0,21,48.5733,4.9355,1
35,38664.81,30063.48,36,733,13267.95,2,11,4.377,0.7775,1
53,20661.57,20299.04,24,721,10238.59,0,15,6.4377,0.9825,1
41,15268.85,6747.37,60,356,35389.11,1,15,27.9012,0.4419,1
59,96490.87,10341.64,60,833,11839.83,0,4,1.4939,0.1072,1
43,28706.84,34624.32,60,847,39505.6,0,23,16.7553,1.2061,1
47,30214.06,2798.44,48,478,22149.46,0,0,8.8202,0.0926,1
65,39361.43,44407.31,60,367,19316.69,0,2,6.1147,1.1282,1
64,131649.28,30220.85,48,795,39071.24,0,5,3.6188,0.2296,1
38,44490.52,4167.04,24,300,9457.29,0,7,2.5977,0.0937,1
44,86764.58,13508.84,48,347,36404.29,2,15,5.0738,0.1557,1
67,40570.34,30521.64,36,716,23865.22,0,5,7.3097,0.7523,1
60,18991.05,3708.86,36,496,30321.22,0,13,19.2244,0.1953,1
62,24006.94,39439.4,24,347,23490.35,0,9,12.5632,1.6428,1
27,48909.56,46156.26,60,654,24936.61,0,21,6.307,0.9437,1
68,52291.09,48138.58,24,533,6619.4,0,3,1.9793,0.9206,1
40,67888.77,37215.64,36,736,6490.67,0,11,1.33,0.5482,1
47,67905.68,43127.62,60,389,16187.7,2,6,2.9876,0.6351,1
26,84128.25,31313.96,36,668,14182.37,3,6,2.147,0.3722,1
47,30899.92,24010.1,24,468,28626.39,0,15,11.5056,0.777,1
29,146727.33,36230.47,60,662,29049.03,0,0,2.4251,0.2469,1
65,155011.49,12760.67,24,476,22769.79,2,15,1.8039,0.0823,1
51,35870.79,7269.65,36,799,16379.36,0,2,5.547,0.2027,1
41,30444.13,38568.85,60,432,27233.98,0,14,10.988,1.2669,1
46,16799.66,47992.97,36,471,27650.15,0,24,20.7028,2.8568,1
60,54313.79,29719.01,60,829,32459.53,1,5,7.281,0.5472,1
68,64309.47,25162.03,48,740,32563.34,0,12,6.1741,0.3913,1
65,34627.52,27651.4,48,411,3247.9,0,19,1.3252,0.7985,1
33,58084.77,24966.28,36,339,15275.03,0,7,3.299,0.4298,1
69,21318.1,23225.61,24,401,17087.2,0,11,10.1632,1.0895,1
43,87605.96,47457.71,48,668,33953.54,0,22,4.7863,0.5417,1
40,35646.75,25028.63,48,473,20321.41,0,13,7.0165,0.7021,1
57,58294.08,5892.92,60,640,19807.83,1,15,4.0977,0.1011,1
48,55608.66,38744.8,60,495,22374.0,0,13,4.9675,0.6967,1
37,15119.41,20794.96,60,481,5524.96,0,15,4.6601,1.3754,1
48,80855.55,36113.29,36,622,22829.22,0,5,3.537,0.4466,1
61,30617.71,29819.33,24,412,22286.12,1,3,9.2216,0.9739,1
22,55353.92,36232.64,24,534,30299.81,0,19,6.8959,0.6546,1
45,21037.71,4975.71,60,804,25549.05,0,23,14.6206,0.2365,1
61,36767.65,3625.92,36,370,38223.69,0,18,12.5081,0.0986,1
26,60958.54,20170.0,60,518,3664.0,0,24,0.7875,0.3309,0
31,25653.06,35271.97,24,816,30980.24,0,7,15.1794,1.375,1
58,26510.19,12736.76,36,464,30184.34,0,3,13.8233,0.4804,1
26,52840.9,22803.23,60,812,11139.12,0,2,2.616,0.4315,1
65,44333.3,49078.89,60,680,28092.74,1,12,7.8255,1.107,1
31,60450.66,12313.98,24,483,26543.19,3,3,5.3709,0.2037,1
34,39313.2,42701.29,36,668,12298.88,0,10,4.1162,1.0862,1
22,72034.41,41622.12,24,747,29089.41,0,15,5.1348,0.5778,1
60,34885.51,44784.9,36,307,37260.77,0,14,13.245,1.2838,1
23,70139.31,45926.8,36,681,12556.15,0,1,2.3665,0.6548,1
55,28450.78,26351.37,60,681,39213.26,0,14,16.7247,0.9262,1
53,33975.86,34732.82,24,747,9359.33,2,5,3.8168,1.0223,1
44,75993.46,31706.76,36,453,5818.35,0,14,1.0578,0.4172,1
39,36003.51,16829.53,48,333,3543.49,0,12,1.2979,0.4674,1
38,24276.44,15429.8,60,796,8940.49,0,2,4.5465,0.6356,1
69,138423.0,18395.36,24,321,14029.21,0,18,1.2826,0.1329,1
44,47998.26,12485.97,36,679,29459.8,0,11,7.4519,0.2601,1
65,65047.38,38354.41,60,447,3344.43,0,11,0.7349,0.5896,1
55,12616.39,48299.5,24,398,20536.97,0,16,21.4478,3.8283,1
21,108998.04,43653.04,24,830,20990.34,2,23,2.5112,0.4005,0
56,239842.7,12461.14,60,570,9503.75,0,7,0.4859,0.052,0
45,103291.41,4491.94,36,300,2295.54,2,24,0.2812,0.0435,1
65,112512.73,38340.51,60,586,9392.2,1,12,1.0699,0.3408,1
69,38358.75,20730.26,48,479,9600.39,0,11,3.1385,0.5404,1
63,57016.38,41581.41,60,555,27676.94,0,15,5.9709,0.7293,1
54,65699.48,39403.32,24,473,9734.29,0,20,2.0778,0.5998,1
45,32255.18,32019.69,48,349,13940.44,0,10,5.4345,0.9927,1
36,45504.4,14256.29,48,831,2373.48,0,19,0.7042,0.3133,0
54,26887.16,6993.72,36,489,25145.87,0,8,11.3095,0.2601,1
49,38665.24,14127.12,60,342,19228.68,3,18,6.0408,0.3654,1
39,81188.99,26468.47,36,816,14126.29,2,19,2.1966,0.326,1
43,16992.76,49014.22,60,365,28263.77,0,7,20.5363,2.8844,1
39,86843.43,5056.99,24,695,27443.81,1,12,3.8213,0.0582,1
45,19026.42,11603.46,36,550,13452.33,1,1,8.6877,0.6099,1
36,50588.21,32109.41,24,427,28521.6,0,18,7.083,0.6347,1
29,53426.44,16609.49,24,487,14254.29,0,12,3.3571,0.3109,1
21,69126.24,43208.21,48,482,9268.97,0,18,1.7653,0.6251,1
62,43988.16,8692.02,36,711,28933.28,0,10,7.9589,0.1976,1
39,26191.32,48231.56,60,378,29257.02,0,23,13.7729,1.8415,1
53,54759.47,45793.99,36,318,34697.79,0,1,7.8824,0.8363,1
54,180503.12,44601.39,24,777,20287.3,0,7,1.4723,0.2471,0
36,48598.82,10307.31,48,344,9678.97,0,6,2.4429,0.2121,1
64,28887.78,17815.81,36,521,33557.43,0,0,14.1454,0.6167,1
60,37038.53,40596.65,48,428,7399.34,0,13,2.6713,1.0961,1
38,53644.96,40774.79,48,529,37575.24,0,7,8.5953,0.7601,1
54,41723.81,35848.42,24,526,12612.81,2,0,4.0571,0.8592,1
45,38386.12,23506.44,36,696,1241.14,0,24,0.5921,0.6124,0
65,108712.2,16956.28,36,574,7877.27,0,16,0.9215,0.156,1
26,66860.86,48221.98,36,437,16884.28,0,20,3.2708,0.7212,1
41,45655.91,8684.59,48,472,2679.98,0,23,0.7519,0.1902,1
26,45866.25,4100.19,60,626,16676.08,0,3,4.3808,0.0894,1
52,54388.46,2438.26,36,514,8513.84,0,5,1.8934,0.0448,0
61,68609.66,39201.29,24,527,1248.7,0,0,0.5041,0.5714,1
68,105808.8,4721.85,48,406,12310.76,0,2,1.4073,0.0446,1
63,38286.5,27854.89,60,458,9439.03,0,20,3.1039,0.7275,1
59,26993.39,19630.04,36,435,17080.51,0,1,7.8356,0.7272,1
51,35113.3,9051.58,60,329,30481.11,0,16,10.4685,0.2578,1
62,28988.22,37548.58,48,397,20636.13,0,8,8.8664,1.2953,1
30,19621.78,4640.33,60,822,30838.58,0,7,18.9071,0.2365,1
50,114274.61,17282.9,48,641,13798.83,0,18,1.4868,0.1512,0
38,81858.85,28985.18,60,467,1020.79,0,14,0.2205,0.3541,1
44,12455.15,21315.95,60,510,36925.84,0,5,35.9187,1.7114,1
29,55869.18,14439.11,48,484,12931.22,0,23,2.8421,0.2584,1
51,39103.19,46448.05,60,731,21311.67,0,5,6.7777,1.1878,1
35,36404.77,46686.58,24,723,19033.98,0,7,6.9153,1.2824,1
24,11026.83,21972.54,36,338,23531.86,1,2,26.2729,1.9926,1
60,48283.92,20899.73,60,686,35456.08,0,11,8.8985,0.4329,1
29,51336.56,16754.48,60,750,34756.16,1,19,8.1896,0.3264,1
65,24194.07,43076.3,60,414,39250.69,0,7,19.824,1.7804,1
29,129786.71,29259.93,36,700,21370.59,0,10,2.0511,0.2254,0
46,78811.13,6297.07,48,603,36937.34,0,14,5.6442,0.0799,1
24,25853.42,42959.39,36,608,19556.78,2,12,9.6313,1.6617,1
37,90565.64,27674.54,60,402,2253.95,2,23,0.3598,0.3056,0
36,37073.87,21948.41,48,401,6274.7,2,21,2.179,0.592,1
35,92324.52,18217.52,60,389,13692.45,0,12,1.8192,0.1973,1
55,20625.05,6772.48,48,417,29155.58,0,13,17.0453,0.3284,1
25,54286.84,47921.7,60,438,3714.17,0,21,0.9976,0.8827,1
25,23629.19,37579.69,60,602,14781.3,1,8,7.8247,1.5904,1
40,29660.65,8325.32,48,816,39303.26,0,23,15.9713,0.2807,1
35,15382.74,26540.9,24,508,31534.37,0,2,25.4625,1.7254,1
38,23372.76,28667.61,36,386,23093.83,0,22,12.2656,1.2265,1
67,23291.0,10058.66,48,618,2939.93,0,11,1.6227,0.4319,1
22,21607.37,22506.63,36,544,1077.45,0,8,0.9456,1.0416,0
49,54894.52,32995.81,24,389,4657.31,1,11,1.3186,0.6011,0
33,16988.4,15632.51,24,777,13421.64,1,10,9.9407,0.9202,1
24,58646.68,17917.23,48,411,24452.54,0,18,5.0797,0.3055,1
62,89638.0,7857.37,24,693,8300.47,0,8,1.155,0.0877,0
65,28755.0,21835.55,24,539,2520.47,1,4,1.4315,0.7594,1
30,46584.89,30025.15,60,571,4088.51,0,9,1.1821,0.6445,1
51,40079.23,7593.23,60,442,17358.4,0,8,5.2351,0.1895,1
61,38295.64,31509.65,24,418,31038.52,1,0,10.1374,0.8228,1
28,10579.83,21094.07,60,550,32932.96,1,12,37.7524,1.9938,1
23,24932.18,34552.75,24,577,11996.57,0,19,6.467,1.3859,1
68,117813.21,17112.17,60,462,26705.81,0,11,2.7492,0.1452,1
66,59534.2,29287.96,24,649,16012.04,0,10,3.4734,0.492,1
29,42411.5,31414.54,24,330,38914.25,0,8,11.3808,0.7407,1
50,14582.24,35144.36,36,757,16495.96,0,14,14.3782,2.4101,1
31,69975.54,38333.07,24,390,16138.19,0,12,3.0414,0.5478,1
55,28367.75,8544.88,36,427,20311.92,2,11,8.6927,0.3012,1
57,23330.55,48331.65,48,847,1507.35,0,13,1.2932,2.0716,1
62,24776.87,42494.98,24,808,17008.17,1,8,9.095,1.7151,1
33,66595.24,28991.3,24,536,33233.97,0,21,6.2062,0.4353,1
56,46977.45,44737.23,36,832,24677.24,3,9,6.621,0.9523,1
33,82352.03,20356.78,24,350,38792.13,1,5,5.7762,0.2472,1
32,96320.14,3645.75,60,768,13362.1,0,18,1.6723,0.0379,0
57,31455.19,36897.51,36,687,6880.21,0,9,3.0158,1.173,1
30,47780.98,47280.52,36,361,30147.77,0,14,7.9013,0.9895,1
29,40871.58,9769.02,60,642,2224.45,0,20,0.7009,0.239,0
27,21653.48,32905.95,24,452,6802.46,0,7,4.5296,1.5197,1
22,23605.82,41044.43,48,340,20524.51,0,17,10.8683,1.7387,1
43,44422.3,45443.22,48,785,30264.78,0,1,8.4313,1.023,1
59,47370.77,15273.33,48,681,24238.31,1,3,6.2207,0.3224,1
60,47432.84,8179.22,36,395,39798.26,0,8,10.126,0.1724,1
59,47477.49,13896.81,36,592,26370.15,0,15,6.7627,0.2927,1
41,30043.55,29730.64,60,534,29136.21,0,4,11.8355,0.9896,1
43,175056.29,46098.96,24,640,39759.68,0,18,2.8572,0.2633,1
49,56335.6,29961.72,60,837,23902.27,0,14,5.1978,0.5318,1
34,34706.55,46141.82,36,649,28727.43,0,23,10.3758,1.3295,1
46,62404.32,38961.78,48,506,12283.94,1,14,2.5182,0.6243,1
25,29415.16,30722.69,24,790,21701.84,0,11,9.3756,1.0445,1
51,49813.52,3046.33,48,680,36522.12,0,15,8.8134,0.0612,1
45,62343.67,17987.64,24,440,34206.22,0,10,6.7283,0.2885,1
51,68224.7,4758.06,48,322,12598.37,1,6,2.2334,0.0697,1
40,23054.37,17467.63,24,663,14610.11,0,24,7.9835,0.7577,1
64,301780.68,4992.01,48,447,33931.76,1,15,1.3534,0.0165,1
37,99616.31,10055.16,60,804,11744.62,0,9,1.435,0.1009,0
65,165960.15,21712.92,36,517,35560.91,2,21,2.6149,0.1308,1
22,42038.05,26714.47,60,781,31063.89,0,17,8.9945,0.6355,1
45,56844.53,12422.8,48,715,6518.08,0,15,1.4306,0.2185,0
33,50104.98,37163.71,24,624,28930.72,0,0,7.2997,0.7417,1
59,35304.45,30337.5,60,788,33455.91,0,4,11.5435,0.8593,1
48,77231.71,35204.51,48,707,6201.54,0,22,1.0775,0.4558,1
62,28848.38,37172.75,36,443,18565.28,1,6,8.1521,1.2886,1
26,74529.52,36892.18,24,510,34573.81,2,17,5.8142,0.495,1
23,36357.12,46939.23,60,558,8346.68,0,5,3.0131,1.2911,1
55,62281.31,13386.58,36,526,18239.02,1,16,3.5858,0.2149,1
38,117827.77,14967.47,48,671,24704.42,0,11,2.5477,0.127,1
31,45260.59,6521.65,24,690,4341.47,0,11,1.2231,0.1441,0
40,78286.8,30444.15,48,387,8876.2,1,0,1.4578,0.3889,1
25,36122.01,20968.9,24,699,18935.85,0,1,6.5809,0.5805,1
39,24129.72,25817.55,36,608,15260.41,0,20,7.9458,1.0699,1
42,132858.17,10151.43,36,303,13328.65,0,17,1.2293,0.0764,1
39,76774.32,33154.89,36,472,1541.5,0,13,0.3849,0.4318,1
67,45222.39,31712.93,60,843,37153.43,0,9,9.9991,0.7013,1
36,74447.18,14709.65,60,525,34921.2,1,13,5.6684,0.1976,1
44,26639.84,24340.0,60,638,16008.47,0,2,7.3938,0.9137,1
61,63917.2,44926.45,48,505,7664.31,3,24,1.6146,0.7029,1
24,55837.61,39127.95,60,401,3227.31,0,20,0.8337,0.7007,1
35,72426.42,12893.31,24,357,5365.92,0,12,0.9781,0.178,1
45,131273.54,44185.03,36,449,24279.89,2,18,2.3317,0.3366,1
64,116885.21,5231.02,48,551,29489.73,0,4,3.0387,0.0448,1
55,21304.99,21868.57,48,778,6678.67,0,18,4.0184,1.0265,1
34,14806.95,5845.67,60,727,4955.22,0,4,4.0948,0.3948,1
69,56807.63,46362.28,24,841,27797.62,0,12,6.28,0.8161,1
39,54263.27,3953.72,36,823,20922.38,2,14,4.6511,0.0729,1
58,24792.7,9259.53,48,790,15187.55,0,5,7.4443,0.3735,1
56,27543.94,45921.92,36,825,29136.67,0,11,13.2496,1.6672,1
27,30877.65,29943.57,24,591,18499.24,0,15,7.6742,0.9697,1
50,109208.83,40169.02,36,344,18872.3,0,24,2.1963,0.3678,1
39,36919.76,2787.52,60,499,1121.78,0,17,0.3797,0.0755,0
69,19884.03,22116.56,36,323,12982.36,0,14,8.2056,1.1123,1
45,47161.87,49254.35,48,686,698.87,0,15,0.4389,1.0444,0
36,48940.62,29831.32,60,734,36991.97,0,13,9.1922,0.6095,1
67,26389.76,42784.77,60,541,12110.59,0,15,5.8312,1.6213,1
60,69858.94,48250.85,60,502,7630.54,3,2,1.4489,0.6907,1
28,96988.09,34881.94,60,536,4090.44,0,21,0.578,0.3597,1
38,39607.55,17726.26,48,593,2342.12,0,1,0.8215,0.4475,0
48,19883.67,16813.13,24,647,35497.36,0,23,21.8458,0.8456,1
36,41595.73,5421.32,24,386,7156.26,0,9,2.1297,0.1303,1
39,58747.5,22533.06,60,509,24890.65,0,13,5.161,0.3836,1
62,13430.11,45938.69,24,301,26223.12,0,22,25.141,3.4206,1
37,65441.39,24947.0,48,528,13043.01,0,16,2.487,0.3812,1
65,39143.96,45727.76,24,709,33413.22,0,20,10.8273,1.1682,1
33,50323.65,41222.81,24,542,8954.2,0,20,2.5448,0.8192,1
27,41201.35,49240.98,48,767,3322.59,0,16,1.2665,1.1951,0
47,31192.6,47489.37,24,757,3207.41,0,21,1.9951,1.5225,1
30,45862.59,35911.2,60,512,12366.86,0,17,3.3924,0.783,1
54,36121.66,43818.43,60,685,18798.24,0,2,6.4876,1.2131,1
56,39555.16,37907.73,48,711,25359.85,0,20,7.9331,0.9584,1
45,28904.4,35762.94,60,814,29283.98,0,14,12.405,1.2373,1
26,67647.45,36346.86,60,827,7558.29,1,11,1.4482,0.5373,1
44,102958.28,36610.1,60,687,27514.96,3,15,3.278,0.3556,1
38,29028.5,20212.11,60,578,7710.33,1,5,3.3266,0.6963,1
43,45702.62,22331.0,60,401,39889.13,0,13,10.5713,0.4886,1
26,25409.63,16115.42,24,689,38383.19,0,17,18.444,0.6342,1
49,61871.83,9116.51,48,501,4545.1,0,19,0.9184,0.1473,1
45,56080.63,24005.28,36,691,26377.24,0,2,5.7868,0.428,1
37,34635.08,45197.57,48,653,36179.04,0,16,12.8612,1.305,1
66,46646.38,33260.71,48,534,3687.75,0,19,1.1269,0.713,0
44,82385.55,4696.66,48,413,5397.27,0,5,0.8004,0.057,1
31,18686.88,40937.6,24,366,14206.41,1,6,10.2182,2.1907,1
46,22581.95,46899.27,48,339,4281.28,0,5,2.7943,2.0768,1
54,69501.3,41812.28,48,402,35480.89,0,11,6.2765,0.6016,1
48,50649.6,36921.99,24,710,35084.02,0,16,8.6767,0.729,1
23,46999.86,9205.78,60,594,37974.15,0,20,9.7347,0.1959,1
31,86317.84,18751.99,36,336,8597.19,0,20,1.2676,0.2172,1
58,74806.52,29133.77,60,366,2291.37,0,5,0.4455,0.3895,0
34,137181.81,5689.32,48,702,18062.81,0,14,1.5904,0.0415,0
46,83864.86,7100.97,60,505,35281.85,0,4,5.0653,0.0847,1
68,67200.46,46844.19,24,640,25718.65,0,24,4.9411,0.6971,1
41,47459.1,35729.18,36,351,39933.53,0,21,10.3481,0.7528,1
59,44958.81,15204.18,60,725,36274.62,1,14,9.7497,0.3382,1
50,48925.59,17713.29,48,508,16013.64,3,10,4.0182,0.362,1
28,56038.15,20452.61,36,813,2061.56,0,8,0.5631,0.365,1
40,23764.82,5603.42,48,477,704.27,0,3,0.4146,0.2358,0
68,57420.49,37480.5,60,321,25946.14,0,2,5.5529,0.6527,1
52,42361.88,10488.03,60,668,36672.75,0,12,10.4379,0.2476,1
42,60732.27,40645.76,48,381,18047.09,3,5,3.7332,0.6693,1
27,34661.85,42601.88,36,463,35034.54,0,0,12.5387,1.2291,1
29,33002.71,32644.84,36,676,22886.26,0,9,8.6513,0.9892,1
65,56298.81,38953.04,36,302,4371.78,0,4,1.1625,0.6919,1
21,65274.86,10248.09,60,417,32033.46,1,1,5.9204,0.157,1
49,34120.02,29645.07,60,694,19957.46,0,21,7.1928,0.8688,1
28,108177.03,34486.37,48,565,2517.02,0,18,0.3589,0.3188,0
24,107732.83,33754.91,48,734,32676.84,0,15,3.7181,0.3133,1
55,18969.81,7629.91,24,526,30427.34,0,8,19.449,0.4022,1
23,30754.26,18530.36,24,675,18562.85,1,17,7.5443,0.6025,1
65,52560.73,17601.8,24,561,1268.84,3,16,0.4571,0.3349,1
60,61234.3,29481.29,48,665,14204.0,2,6,2.9039,0.4815,1
27,176205.11,38731.38,36,727,17680.56,0,20,1.2774,0.2198,0
47,53345.06,29388.34,24,307,7029.94,0,16,1.8568,0.5509,1
21,45713.8,38231.72,48,340,6855.74,0,20,2.0087,0.8363,1
47,24764.81,6750.44,60,556,7095.74,0,19,3.4928,0.2726,1
36,18934.94,44150.66,36,401,15137.79,1,0,10.3708,2.3317,1
58,45242.7,27757.62,24,518,32792.99,0,7,9.0046,0.6135,1
27,168456.21,3799.94,60,543,30494.62,0,19,2.1768,0.0226,0
64,43171.63,32874.22,36,602,899.52,1,9,0.5039,0.7615,0
43,30833.62,26832.66,36,669,880.88,0,22,0.6329,0.8702,1
61,64295.29,12577.74,60,574,3569.01,0,5,0.7052,0.1956,0
31,14715.56,38692.42,24,369,18929.98,0,8,16.7514,2.6294,1
62,51409.29,46811.28,24,346,35610.85,2,0,8.7676,0.9106,1
53,80388.54,17488.81,60,416,7699.16,0,9,1.1928,0.2176,1
56,27763.14,25707.95,60,816,19333.44,0,24,8.5416,0.926,1
57,111448.94,8152.4,60,553,2109.53,0,23,0.2418,0.0731,1
61,72824.63,46630.39,48,472,1302.89,0,11,0.3748,0.6403,1
37,112055.86,17302.21,36,728,795.55,0,10,0.1367,0.1544,0
55,21465.72,11349.66,24,335,29598.9,1,4,16.8111,0.5287,1
68,43983.94,24964.58,24,706,1441.08,1,18,0.677,0.5676,1
25,85244.25,4077.56,60,715,11315.72,0,9,1.6025,0.0478,1
68,19955.99,14136.17,36,711,25979.39,0,17,15.8581,0.7084,1
52,86529.7,5247.57,60,787,24936.71,3,8,3.4704,0.0606,0
23,44006.47,8113.82,36,620,2678.22,0,2,0.7918,0.1844,1
67,86144.15,7383.56,60,372,10638.34,0,3,1.4991,0.0857,1
55,55853.2,43876.16,60,712,25753.23,1,21,5.6902,0.7856,1
34,114290.17,46660.87,36,423,15993.71,1,20,1.8154,0.4083,1
68,22580.77,24777.06,24,684,18900.0,0,5,10.5926,1.0973,1
51,59721.19,32260.02,24,531,8679.89,0,1,2.0142,0.5402,1
51,19792.55,35403.29,48,732,1991.42,1,4,1.6546,1.7887,1
37,63052.5,20783.04,36,790,14135.51,0,19,2.8001,0.3296,1
44,59676.4,19770.1,24,385,27477.87,0,12,5.691,0.3313,1
43,41313.77,34427.31,24,329,30777.91,1,0,9.3564,0.8333,1
38,30629.59,20082.3,36,499,23904.93,1,13,9.584,0.6557,1
34,40327.16,29888.46,24,455,16031.44,1,19,5.141,0.7411,1
35,51978.82,26729.25,36,831,23533.86,0,10,5.6045,0.5142,1
35,58134.35,27174.11,24,451,28347.05,1,1,6.0851,0.4674,1
26,156277.66,41809.23,60,376,30333.23,0,14,2.3827,0.2675,1
47,82788.95,35794.74,36,627,4232.19,0,6,0.7576,0.4324,1
35,34470.59,48112.77,36,471,32217.86,0,22,11.681,1.3958,1
56,69398.84,39966.88,24,704,3007.32,2,4,0.808,0.5759,1
28,83182.43,8998.04,36,705,34883.07,1,11,5.0683,0.1082,1
35,33071.26,37447.2,48,661,15993.51,3,16,6.0864,1.1323,1
23,74704.35,33951.08,48,427,22103.43,0,15,3.6642,0.4545,1
67,20089.64,33010.11,36,822,11954.31,0,16,7.6883,1.6431,1
33,32356.27,25075.74,48,635,17353.23,0,6,6.6296,0.775,1
61,20857.35,4998.27,24,564,33885.15,1,0,19.6152,0.2396,1
54,43190.07,47671.27,24,494,12180.0,0,1,3.936,1.1038,1
44,36894.31,42892.39,36,399,22785.12,3,19,7.7985,1.1626,1
60,38631.62,25366.79,24,670,26059.62,0,4,8.4231,0.6566,1
52,79960.3,9611.89,24,727,6283.12,1,0,1.003,0.1202,0
52,51758.79,41574.69,48,432,31223.74,0,12,7.4399,0.8032,1
50,79236.62,22672.24,24,555,39963.17,0,0,6.1953,0.2861,1
69,130067.67,20725.47,24,749,6624.93,0,18,0.6909,0.1593,0
33,172266.77,33938.35,48,703,30831.44,0,0,2.197,0.197,1
21,45076.55,38416.42,60,353,6309.39,0,2,1.8501,0.8522,1
54,67565.12,5016.36,36,706,38035.12,0,4,6.78,0.0742,1
35,44673.89,38842.71,36,684,16733.93,0,18,4.7848,0.8695,1
64,90085.96,37229.14,60,541,39206.72,0,11,5.3052,0.4133,1
34,80162.74,30282.06,48,346,3182.75,0,7,0.5709,0.3778,1
49,32980.66,18244.11,48,414,31743.76,0,4,11.6882,0.5532,1
54,36025.33,9910.5,24,429,19198.43,2,14,6.5325,0.2751,1
38,112603.47,6927.34,24,454,11935.01,0,10,1.3027,0.0615,1
27,35259.77,2056.82,36,794,30041.58,0,14,10.2435,0.0583,1
49,45840.48,11910.09,36,381,25595.49,0,4,6.7869,0.2598,1
51,73498.81,21744.17,48,324,36163.95,0,5,5.9784,0.2958,1
45,44384.9,13694.93,24,633,10327.98,0,3,2.9466,0.3085,1
58,123054.07,16830.99,48,481,37619.94,0,4,3.7028,0.1368,1
34,91113.71,20741.72,60,731,25853.79,1,12,3.4506,0.2276,1
28,28839.42,16796.59,36,473,18292.15,0,21,7.8054,0.5824,1
47,34499.36,36781.81,36,340,2598.69,0,11,1.2593,1.0662,1
22,69740.53,25602.89,48,744,30724.46,0,5,5.3784,0.3671,1
37,47514.28,2927.7,24,694,34406.86,0,4,8.7205,0.0616,1
57,15300.86,12880.08,24,587,32478.59,0,9,25.8929,0.8418,1
34,27377.32,36063.6,60,561,29558.81,0,5,13.2196,1.3173,1
45,56413.13,16444.67,60,356,38791.74,0,8,8.3099,0.2915,1
50,83644.36,46166.81,60,305,34039.56,0,23,4.9939,0.5519,1
49,84365.03,36207.87,48,461,37151.22,1,19,5.3916,0.4292,1
40,159165.87,15916.49,36,596,29353.91,1,17,2.2464,0.1,1
41,32374.4,26787.67,48,356,32898.18,0,3,12.401,0.8274,1
42,33316.88,34027.47,48,827,11921.75,2,12,4.5493,1.0213,1
55,48281.47,11281.56,24,358,26921.52,1,21,6.808,0.2337,1
57,17933.32,13817.0,60,465,8618.78,0,22,5.9213,0.7705,1
36,48930.43,26341.94,36,845,3236.18,0,3,0.9731,0.5384,0
69,43594.97,46394.95,60,345,23380.63,1,12,6.6486,1.0642,1
63,78828.57,18512.5,60,346,31424.9,0,10,4.8308,0.2348,1
37,87283.12,21302.26,60,689,3768.93,0,10,0.567,0.2441,0
36,60740.39,11149.77,36,551,7660.63,0,18,1.5746,0.1836,1
22,49105.42,30474.02,24,465,4172.21,0,0,1.3299,0.6206,0
24,60986.59,37527.24,36,667,25550.03,1,13,5.2325,0.6153,1
41,30464.07,23150.83,36,678,3640.33,0,12,1.6873,0.7599,1
59,46648.4,38011.97,24,616,4185.18,0,6,1.484,0.8149,1
54,49516.42,16525.03,36,431,10934.61,1,0,2.7612,0.3337,1
50,46861.37,35935.25,36,688,11174.28,0,12,3.1171,0.7668,1
26,44239.99,14400.54,48,647,22521.39,0,23,6.1903,0.3255,1
37,33766.97,39471.18,36,796,1771.36,1,4,1.0191,1.1689,0
59,26493.07,41870.8,48,810,24806.12,0,7,11.631,1.5804,1
45,43344.97,40290.74,48,818,16762.47,1,13,4.8731,0.9295,1
25,70025.15,12342.69,48,751,7559.91,0,1,1.3396,0.1763,0
25,17284.35,35323.97,60,842,26307.18,1,18,18.673,2.0437,1
40,36374.78,27849.94,24,515,13522.12,0,3,4.8438,0.7656,1
36,169644.04,49329.78,60,769,33185.83,0,1,2.4056,0.2908,1
61,43661.15,19355.69,24,603,39582.58,1,3,11.1007,0.4433,1
57,53680.76,39020.06,36,597,31271.64,1,5,7.2329,0.7269,1
60,147744.14,19763.75,48,645,29848.11,0,22,2.4578,0.1338,1
29,59376.94,21049.16,60,585,14528.56,2,21,3.0071,0.3545,1
25,60196.0,7327.62,36,425,21616.92,0,22,4.3499,0.1217,1
62,28393.4,13503.74,60,350,2580.91,0,17,1.1859,0.4756,1
22,59141.85,9895.25,36,718,29229.74,1,0,5.9865,0.1673,1
29,48587.51,9641.63,60,350,27164.09,0,12,6.7486,0.1984,1
63,85386.91,2432.79,36,770,11139.4,0,14,1.575,0.0285,0
56,105492.34,40101.48,36,675,21598.39,0,8,2.5836,0.3801,1
42,49920.51,24460.7,60,664,27332.9,0,22,6.6683,0.49,1
42,61651.79,40600.04,36,531,15031.82,3,1,3.1453,0.6585,1
42,15773.32,31402.42,48,779,29161.52,0,13,22.6832,1.9909,1
54,12818.04,41904.21,48,605,31970.15,0,22,30.7471,3.2692,1
49,94458.45,26180.72,48,737,9329.7,0,3,1.2545,0.2772,0
58,10971.56,6513.97,48,550,12399.54,1,18,13.7103,0.5937,1
66,59659.09,31604.65,24,641,16361.74,0,19,3.5559,0.5298,1
53,44170.26,34532.71,60,431,9809.29,0,4,2.8213,0.7818,1
38,102622.41,32072.2,48,823,31136.5,0,8,3.719,0.3125,1
27,47997.05,40464.14,48,805,23087.79,0,19,5.9831,0.8431,1
21,144545.87,37111.96,48,698,15514.06,0,24,1.3521,0.2567,0
53,43375.97,22766.36,24,417,1134.44,0,19,0.5763,0.5249,1
21,97519.67,41316.98,60,360,13371.91,0,16,1.7302,0.4237,1
44,19951.47,35205.75,36,480,33541.83,0,15,20.7622,1.7646,1
24,12317.51,7777.6,24,612,29868.71,0,16,29.4145,0.6314,1
24,48198.0,27913.9,48,564,3161.47,0,19,0.9319,0.5792,1
38,21155.22,36970.68,48,328,32157.09,0,19,18.6776,1.7476,1
47,47289.53,28557.83,24,562,7572.66,0,6,2.2236,0.6039,1
63,38257.03,47553.38,60,638,39488.62,3,0,12.6349,1.243,1
52,70480.12,6871.58,60,721,34807.6,2,11,5.9459,0.0975,1
53,25883.88,36671.44,36,388,36573.79,3,20,17.4282,1.4168,1
48,63246.33,41573.64,24,631,30893.29,0,23,6.1902,0.6573,1
62,82320.02,35727.35,60,730,28575.68,0,23,4.2524,0.434,1
61,43328.98,20508.08,24,451,10155.27,2,22,3.0492,0.4733,1
56,65312.5,20503.06,60,425,23662.74,0,19,4.4104,0.3139,1
26,27251.36,30155.24,60,342,28008.78,0,22,12.5548,1.1066,1
36,38964.52,21060.71,48,720,11879.41,0,16,3.7937,0.5405,1
54,21911.3,44392.78,60,789,16233.17,3,14,9.2955,2.026,1
43,199438.96,7276.67,60,552,37908.49,0,5,2.2882,0.0365,1
62,102464.98,32679.55,24,783,16614.32,1,12,2.1052,0.3189,1
44,132729.91,8437.52,60,592,12957.53,0,22,1.1842,0.0636,0
69,101586.24,27927.67,60,516,4734.89,0,11,0.6143,0.2749,0
33,32928.85,36347.9,24,468,13982.98,0,2,5.6476,1.1038,1
38,19521.8,9944.52,60,684,24679.65,0,7,15.2724,0.5094,1
33,38008.16,35793.59,24,315,6335.42,0,23,2.4711,0.9417,1
69,65198.0,8719.04,24,336,24408.82,0,23,4.5594,0.1337,1
57,41185.78,31786.58,24,720,29777.23,0,15,9.0619,0.7718,1
63,12824.64,26266.55,24,595,30845.64,0,14,29.8863,2.0481,1
59,76745.11,16307.6,48,734,39399.94,1,20,6.2138,0.2125,1
62,18789.89,7354.34,48,619,17665.18,0,6,11.3796,0.3914,1
37,38047.7,37321.0,48,833,1781.09,0,15,0.807,0.9809,0
35,139562.89,20326.65,48,598,34260.25,2,20,2.9822,0.1456,1
38,50485.43,6153.48,24,315,3798.81,0,23,0.9639,0.1219,1
43,93526.06,39093.89,24,694,34535.46,0,24,4.6401,0.418,1
50,60360.61,13178.94,24,576,39316.67,0,10,7.9255,0.2183,1
54,26759.87,37349.7,24,582,36319.51,0,3,16.9847,1.3957,1
24,75931.74,29115.14,48,385,38578.41,0,15,6.1927,0.3834,1
23,47196.01,11337.39,60,506,1421.77,0,3,0.4095,0.2402,1
27,20100.54,5667.47,48,776,949.11,0,22,0.6371,0.282,1
38,18175.0,30475.95,24,430,8806.76,0,22,6.653,1.6768,1
62,61695.21,3210.17,24,699,32049.14,1,10,6.2597,0.052,1
27,177159.73,5142.3,60,435,4031.88,0,23,0.2789,0.029,1
60,25700.04,35706.52,24,645,29987.47,3,15,14.6966,1.3894,1
26,27606.79,27865.94,60,469,996.12,0,15,0.6349,1.0094,1
42,62235.31,17662.17,24,462,29378.42,0,6,5.8065,0.2838,1
21,22284.43,27882.94,60,498,10377.73,1,22,5.8386,1.2512,1
24,201275.37,30399.17,36,347,17897.33,1,5,1.1174,0.151,1
66,29161.29,29133.72,36,793,39071.96,0,21,16.4113,0.9991,1
69,36338.56,32842.59,36,402,22293.54,0,9,7.6632,0.9038,1
63,30250.72,47133.83,36,847,3447.63,0,18,1.887,1.5581,1
49,85892.91,20661.32,24,305,34988.7,0,19,5.0085,0.2405,1
41,179395.78,16455.27,24,311,13284.86,1,14,0.9345,0.0917,1
46,32146.33,3844.88,24,402,23621.46,0,3,8.8775,0.1196,1
34,82449.93,9059.51,36,726,28614.99,2,24,4.2013,0.1099,1
29,22391.93,7099.99,60,470,31211.77,0,5,16.79,0.3171,1
67,87165.54,18101.32,60,388,17583.57,2,18,2.4622,0.2077,1
32,140788.84,31279.55,36,738,31036.96,0,19,2.7195,0.2222,1
62,117173.83,4224.03,24,646,5117.32,0,21,0.5421,0.036,0
26,53087.38,36927.92,36,510,21263.92,0,11,5.0384,0.6956,1
40,26378.69,21076.78,48,733,1364.48,1,5,0.8205,0.799,1
44,49043.49,48248.22,60,832,16547.71,0,12,4.2457,0.9838,1
47,40678.97,29282.48,36,824,14908.27,0,4,4.6378,0.7198,1
58,37495.83,39025.39,36,725,39136.24,1,13,12.8719,1.0408,1
28,55488.44,43336.7,36,419,16215.02,0,13,3.767,0.781,1
21,47102.07,44664.62,36,477,36330.14,0,16,9.5718,0.9483,1
69,74959.73,26886.16,24,428,17694.34,0,21,3.012,0.3587,1
69,75252.68,21043.64,60,717,21568.82,0,3,3.4954,0.2796,1
44,47208.1,28904.72,48,617,14353.29,0,7,3.8016,0.6123,1
67,63535.52,21299.38,24,541,25780.61,0,0,5.0368,0.3352,1
27,108318.49,13554.32,36,655,29695.25,0,11,3.3315,0.1251,1
39,35633.44,17548.15,36,737,31746.87,0,12,10.8553,0.4925,1
42,49490.48,13172.95,36,757,27910.61,0,20,6.8562,0.2662,1
55,26449.35,14933.01,36,741,13532.93,0,19,6.3281,0.5646,1
50,65376.52,6493.17,60,527,13558.54,0,4,2.5086,0.0993,1
49,55221.34,22470.21,36,707,14242.36,1,24,3.2306,0.4069,1
42,64635.67,13293.63,48,576,1994.34,1,6,0.4217,0.2057,0
31,27083.62,23521.59,24,317,37750.55,0,2,17.1605,0.8685,1
40,77601.3,40025.52,60,610,8231.15,1,18,1.376,0.5158,1
49,52115.29,23518.99,36,623,6788.74,0,6,1.7136,0.4513,1
61,90916.67,47821.37,48,346,22318.0,0,16,3.0772,0.526,1
62,37697.9,9096.17,24,829,2372.91,0,12,0.876,0.2413,0
54,73824.53,42812.72,24,799,33594.81,2,23,5.7507,0.5799,1
21,64024.36,13916.39,60,491,35109.92,0,18,6.6241,0.2174,1
51,122368.29,46828.81,24,348,16213.49,2,12,1.7813,0.3827,1
50,45716.48,12903.1,36,393,38871.04,0,7,10.2972,0.2822,1
68,35139.26,37854.17,36,466,13308.16,0,7,4.9038,1.0773,1
38,36451.14,4981.66,48,793,10779.33,0,12,3.5828,0.1367,1
37,25210.3,32231.04,48,553,39592.72,0,1,19.1656,1.2785,1
58,36248.63,12496.36,24,356,10387.05,1,2,3.611,0.3447,1
34,12035.84,34168.28,60,305,18047.97,3,12,18.562,2.8389,1
43,111442.02,32519.81,36,537,24668.79,2,16,2.7536,0.2918,1
45,156440.14,46337.4,24,523,13239.94,0,5,1.1637,0.2962,1
35,44866.6,32080.47,60,319,15676.57,0,2,4.3359,0.715,1
66,63758.69,21595.94,24,503,28969.98,0,24,5.6218,0.3387,1
42,54090.05,11291.25,60,441,29059.49,1,0,6.4887,0.2087,1
23,22296.04,33557.65,48,675,32242.93,0,14,17.7298,1.5051,1
39,90740.2,7585.6,36,706,23951.22,2,7,3.1953,0.0836,1
64,99237.41,41768.81,48,379,9724.19,0,22,1.2811,0.4209,1
54,26249.7,13872.06,36,509,13657.82,0,11,6.4198,0.5285,1
55,59750.55,27159.63,60,611,36077.92,0,6,7.3366,0.4546,1
21,41870.77,30605.47,60,676,29482.27,0,15,8.5957,0.731,1
41,100102.83,19399.52,24,339,3977.12,0,7,0.5737,0.1938,1
49,46642.84,33865.94,60,652,30267.85,0,8,7.9324,0.7261,1
26,47406.95,14010.41,60,752,13560.98,0,7,3.4918,0.2955,1
57,146170.25,3661.98,24,722,1417.47,0,5,0.1289,0.0251,0
21,22668.93,48044.85,24,385,19607.41,0,0,11.4391,2.1194,1
21,56887.46,17362.2,36,535,35394.15,1,15,7.5679,0.3052,1
47,51698.83,36246.19,60,714,18051.8,2,0,4.3303,0.7011,1
41,34126.57,26361.61,24,655,39557.61,1,12,14.296,0.7725,1
36,166690.29,34111.94,36,547,7534.02,0,10,0.6106,0.2046,1
64,59989.76,7324.95,36,528,14360.45,1,22,2.9133,0.1221,1
60,73354.85,26904.7,48,838,1156.44,0,10,0.2809,0.3668,0
46,79918.48,20826.54,24,660,2488.98,1,18,0.504,0.2606,0
36,40436.47,23688.78,48,474,14495.52,0,18,4.4482,0.5858,1
48,103265.49,48378.0,36,673,21371.33,0,10,2.6396,0.4685,1
21,91520.72,8541.87,60,360,9865.22,0,24,1.3122,0.0933,1
56,45557.92,38225.61,24,469,7075.18,0,14,2.2831,0.8391,1
30,86073.78,17856.45,24,806,17116.6,0,9,2.49,0.2075,1
63,103152.27,15937.18,36,713,7241.69,0,19,0.8939,0.1545,0
37,78988.46,14997.32,24,415,25420.42,0,15,3.9568,0.1899,1
43,29698.99,18741.51,36,474,38233.92,0,2,15.6589,0.631,1
27,46378.31,19141.62,24,723,32358.46,3,1,8.5788,0.4127,1
64,65200.49,14995.86,24,427,9000.94,0,20,1.7716,0.23,1
27,57026.55,34039.67,60,788,38069.84,0,24,8.1304,0.5969,1
64,31347.7,4290.66,36,304,30169.55,0,13,11.5946,0.1369,1
35,41277.05,17950.1,48,625,6621.4,0,14,2.0337,0.4349,1
54,60543.66,15449.87,60,471,23387.51,0,23,4.6865,0.2552,1
66,19820.48,38068.06,36,498,38675.91,0,7,24.0559,1.9206,1
65,49592.66,9031.93,24,530,4321.95,0,0,1.1368,0.1821,1
24,74457.73,47152.98,36,632,11204.7,0,24,2.0169,0.6333,0
34,58090.81,10184.89,36,765,15276.62,0,23,3.2142,0.1753,1
34,29304.98,19761.31,60,723,5065.97,0,13,2.2093,0.6743,1
36,32568.23,11585.61,36,612,12320.22,0,13,4.6581,0.3557,1
27,119634.57,15761.5,24,822,27846.85,0,18,2.8591,0.1317,1
52,27928.75,38529.19,48,723,19350.93,0,7,8.6593,1.3796,1
39,99847.64,24867.43,48,474,17132.43,0,8,2.1213,0.2491,0
22,33766.04,9803.63,24,673,17561.6,0,14,6.3863,0.2903,1
30,96577.83,4238.47,48,536,30506.26,0,11,3.8014,0.0439,1
37,67823.39,13035.98,60,742,39655.6,0,17,7.0547,0.1922,1
57,39782.17,47388.93,36,337,23751.51,0,0,7.5615,1.1912,1
32,16984.93,42575.2,36,838,30186.23,1,14,22.1624,2.5066,1
26,62264.12,23128.34,48,455,15216.12,0,0,3.0254,0.3715,1
42,54662.76,25135.77,48,493,34495.28,0,0,7.6876,0.4598,1
52,62840.04,45169.57,48,460,17102.87,0,20,3.4457,0.7188,1
61,67754.14,30384.58,60,425,37437.36,0,1,6.7203,0.4485,1
40,22281.76,44276.82,36,846,29868.43,0,3,16.7482,1.9871,1
21,62066.59,25608.28,36,538,28444.01,1,16,5.6369,0.4126,1
67,76536.61,11604.69,24,340,11960.33,1,1,1.951,0.1516,1
26,75996.73,36844.5,24,485,31947.42,0,6,5.287,0.4848,1
39,23113.36,27266.88,60,760,4658.61,0,24,2.6546,1.1797,1
38,97985.94,34085.1,36,688,21751.96,0,21,2.7798,0.3479,1
26,63400.04,9547.08,36,560,29547.4,0,9,5.6428,0.1506,1
65,68413.73,33084.89,24,705,35401.88,0,9,6.4514,0.4836,1
53,28640.58,20348.34,24,845,23001.32,0,12,9.9925,0.7105,1
43,77207.76,17935.89,36,748,10703.76,0,4,1.7411,0.2323,0
43,17424.83,34230.83,60,700,34030.03,0,6,23.8284,1.9645,1
46,29468.64,30427.48,48,606,30835.23,0,24,12.8146,1.0325,1
33,104814.83,33157.16,60,436,6565.81,0,13,0.815,0.3163,0
27,74993.5,48335.99,36,501,34959.31,0,17,5.8088,0.6445,1
35,58390.29,35657.43,48,456,38415.15,1,21,8.0475,0.6107,1
64,86355.55,32763.15,60,554,21740.5,1,18,3.0969,0.3794,1
47,90031.56,31450.55,60,480,2015.42,2,19,0.3385,0.3493,1
46,77245.9,21138.28,36,708,36666.77,1,20,5.7873,0.2736,1
53,43025.28,42281.2,24,327,5349.25,1,20,1.9833,0.9827,1
35,28945.56,20285.05,60,814,25508.31,0,9,10.7152,0.7008,1
56,32923.84,35611.69,60,844,16335.84,1,7,6.1704,1.0816,1
65,114273.8,16070.89,24,498,39685.33,0,20,4.2377,0.1406,1
47,22804.22,9092.31,60,368,36728.0,0,1,19.4067,0.3987,1
25,65807.83,8228.64,60,316,31487.9,0,13,5.7668,0.125,1
22,65868.49,32458.83,24,845,8371.45,0,1,1.7715,0.4928,1
53,118282.87,17741.84,36,359,28118.12,0,11,2.9026,0.15,1
36,65757.93,15202.37,36,483,23099.76,0,16,4.2925,0.2312,1
43,38027.53,30418.85,36,664,5846.2,0,17,2.1115,0.7999,1
58,38388.56,3232.15,48,733,31889.9,0,16,9.9896,0.0842,1
36,48851.07,13818.83,36,498,3915.03,0,14,1.056,0.2829,0
34,96722.52,18346.27,48,531,19523.58,0,2,2.4696,0.1897,1
49,79531.78,36001.93,48,667,17349.26,0,20,2.7309,0.4527,1
46,25554.62,28160.06,48,729,32344.8,0,18,15.464,1.102,1
55,57941.99,43087.45,24,418,17388.91,0,22,3.9731,0.7436,1
35,80431.25,18056.31,48,629,27925.28,0,10,4.2225,0.2245,1
23,42518.51,16229.17,48,514,19391.3,0,17,5.5682,0.3817,1
43,13413.48,3593.48,24,621,23489.82,1,20,21.1485,0.2679,1
49,43569.65,47682.43,60,448,10021.12,0,2,2.9789,1.0944,1
54,20108.75,26071.62,60,707,8496.9,0,17,5.3299,1.2965,1
53,18286.66,26121.15,48,676,28541.58,0,3,19.0865,1.4284,1
61,92883.34,46324.93,36,619,5332.05,0,8,0.8551,0.4987,1
61,222485.76,15916.08,60,304,7451.37,0,24,0.4162,0.0715,1
43,111142.81,17941.09,36,701,37667.38,0,5,4.1207,0.1614,1
27,10235.77,33504.69,24,502,10506.5,0,6,13.954,3.2733,1
23,44187.29,39688.45,60,336,13270.18,0,0,3.7834,0.8982,1
52,34412.91,35566.91,24,353,25511.18,0,2,9.4127,1.0335,1
51,20281.14,39858.48,48,587,17893.99,0,14,11.0789,1.9653,1
38,64790.56,29605.19,60,583,22580.52,0,1,4.2736,0.4569,1
63,43876.04,43415.53,48,344,6211.41,1,8,1.9462,0.9895,1
27,24380.68,28405.12,48,583,27060.1,0,7,13.6101,1.1651,1
61,14273.97,13008.35,24,341,6685.04,0,18,6.0757,0.9113,1
21,34018.18,28001.65,60,716,30035.16,0,13,10.7596,0.8231,1
34,49253.92,36221.34,60,571,21182.88,0,23,5.308,0.7354,1
52,45658.72,33371.62,60,440,32739.62,0,9,8.7508,0.7309,1
26,92750.6,13664.8,48,346,7320.98,2,23,0.984,0.1473,1
59,60041.45,3971.75,60,466,15412.83,0,10,3.0937,0.0662,1
30,39863.75,14119.08,36,425,33949.86,0,7,10.3378,0.3542,1
27,30021.33,49234.02,36,771,32049.14,0,3,13.3572,1.64,1
46,16940.19,10854.38,48,669,38647.28,1,22,27.5369,0.6407,1
54,25469.44,24289.84,24,306,9267.44,0,7,4.8432,0.9537,1
50,110745.77,32640.6,36,575,21791.61,0,9,2.4595,0.2947,1
56,82355.77,44214.71,24,364,1206.45,0,14,0.4442,0.5369,1
41,58294.38,38492.41,60,501,38626.77,1,12,8.0834,0.6603,1
37,36444.96,45629.75,36,441,7417.52,0,4,2.8597,1.252,1
53,103219.38,31010.42,48,397,36235.95,0,24,4.2878,0.3004,1
30,26724.34,43535.3,48,516,27294.16,0,14,12.6631,1.6291,1
67,26908.36,14664.46,24,592,37505.52,0,24,16.9984,0.545,1
62,46347.08,22667.11,48,807,10305.05,1,2,2.7904,0.4891,1
32,13228.34,42501.08,24,433,14133.99,1,2,14.428,3.2129,1
36,26273.44,17627.06,24,561,6993.87,0,23,3.5298,0.6709,1
61,42542.67,43818.66,36,583,17186.13,2,12,5.191,1.03,1
52,37170.09,19429.52,36,401,37926.23,3,22,12.4184,0.5227,1
35,27093.44,19442.95,48,676,23060.95,0,8,10.3934,0.7176,1
47,166248.37,16833.58,24,505,16936.99,0,1,1.2732,0.1013,1
48,111074.47,28253.27,36,312,13332.22,0,14,1.5251,0.2544,1
37,137140.46,8195.3,60,422,23598.09,0,17,2.0768,0.0598,1
66,46192.53,3756.93,48,309,29067.09,0,22,7.5714,0.0813,1
22,36565.06,45075.82,48,466,16568.14,0,7,5.7456,1.2328,1
56,128155.3,46589.04,60,450,9620.51,1,2,0.9735,0.3635,1
27,51592.1,5656.19,60,336,23607.67,3,0,5.5129,0.1096,1
33,25944.27,28385.48,60,773,14939.72,2,6,7.1289,1.0941,1
35,27048.36,27904.74,36,743,39775.82,0,5,17.9904,1.0317,1
45,40349.87,19876.67,60,641,17921.26,0,0,5.4283,0.4926,1
43,48377.38,29307.43,48,304,17662.31,1,8,4.5326,0.6058,1
42,51476.29,23989.73,36,525,33658.95,0,10,8.0018,0.466,1
46,43907.88,25502.48,24,838,10415.25,0,21,3.1369,0.5808,1
53,199538.5,38256.17,60,423,3106.49,2,4,0.2252,0.1917,1
31,21766.5,27246.09,48,702,34225.84,0,2,19.1818,1.2517,1
30,73396.15,17535.59,60,334,23767.09,0,8,3.9336,0.2389,1
45,36810.13,29909.89,24,536,10776.19,1,6,3.9193,0.8125,1
57,47893.2,32756.19,36,767,14038.96,0,19,3.7455,0.6839,1
68,86188.95,33790.94,24,798,17313.19,0,12,2.6065,0.3921,1
63,16820.45,31678.72,36,811,27375.45,0,0,20.1579,1.8833,1
58,27791.29,33900.93,48,616,18993.19,0,19,8.506,1.2198,1
61,45243.05,16884.45,48,602,16134.87,0,2,4.3728,0.3732,1
65,118865.88,23414.43,48,401,31328.43,0,5,3.212,0.197,1
44,118490.47,34097.9,24,611,3338.02,0,10,0.4819,0.2878,0
60,105490.99,38209.69,60,381,26275.21,0,16,3.0613,0.3622,1
66,13147.24,22839.01,60,492,18232.47,0,14,16.9889,1.7372,1
53,26111.69,19535.98,24,523,13726.71,0,3,6.6824,0.7482,1
37,26764.16,36362.37,60,352,37139.24,0,0,16.9235,1.3586,1
44,47422.82,12664.31,24,644,31228.21,0,0,8.0356,0.2671,1
57,16125.93,2455.63,60,384,9160.72,2,5,6.8473,0.1523,1
22,94725.44,24615.97,36,510,26267.29,0,21,3.4142,0.2599,1
52,14814.59,10321.91,48,482,32980.32,0,8,26.8887,0.6967,1
44,91082.01,20157.57,60,571,39578.91,0,13,5.2588,0.2213,1
29,82661.01,15979.24,24,805,28087.79,0,13,4.1742,0.1933,1
24,25421.97,39308.57,36,526,27782.29,0,6,13.6296,1.5462,1
37,104524.08,17907.61,60,311,24725.03,0,5,2.8728,0.1713,1
37,40137.79,32752.44,60,392,2080.1,0,18,0.7851,0.816,1
68,34350.8,34347.8,24,629,23609.73,0,2,8.7477,0.9999,1
50,38068.08,23909.81,36,489,32299.38,0,4,10.3909,0.6281,1
60,40078.31,5891.74,48,592,16119.03,1,21,4.863,0.147,1
31,42353.05,35617.52,24,560,23685.68,0,5,7.1314,0.841,1
41,42933.86,5608.06,60,622,37096.28,2,7,10.3945,0.1306,1
41,28733.26,6762.22,48,309,7295.35,0,23,3.1056,0.2353,1
38,33027.06,11407.87,60,387,11578.79,0,12,4.2761,0.3454,1
49,34788.37,15458.04,24,639,4857.54,0,12,1.8977,0.4443,1
44,133738.03,42629.68,36,617,20259.66,0,0,1.9241,0.3188,1
30,34797.77,34396.25,48,848,33666.15,0,18,11.8569,0.9885,1
65,33482.6,20586.21,24,522,17691.07,0,20,6.6478,0.6148,1
37,121758.8,48974.12,24,508,3258.67,0,8,0.5223,0.4022,1
38,40408.47,13692.92,48,348,10909.74,1,3,3.3246,0.3389,1
62,28734.71,31271.09,36,835,35643.41,0,4,15.2479,1.0883,1
68,25230.92,42666.28,60,562,22522.2,0,16,11.0499,1.691,1
40,20908.35,40497.08,48,505,36605.81,0,6,21.4935,1.9369,1
57,67826.69,6334.77,24,796,33460.3,1,17,5.9665,0.0934,1
65,16603.84,35469.16,48,764,16864.52,1,12,12.7224,2.1362,1
38,109952.38,14377.46,48,319,25524.99,0,0,2.8184,0.1308,1
37,46406.8,19075.21,36,407,26744.79,0,13,7.0528,0.411,1
29,37712.82,25471.62,36,439,29998.5,2,13,9.7705,0.6754,1
34,42744.11,39956.01,60,390,13652.18,0,12,4.0197,0.9348,1
69,64720.55,9977.67,48,570,11915.08,0,17,2.2477,0.1542,1
49,36978.67,7210.65,36,628,27541.26,0,7,9.0024,0.195,1
51,43692.73,9365.18,36,509,32840.79,0,0,9.091,0.2143,1
24,92212.22,12474.73,24,754,16862.75,0,14,2.2621,0.1353,1
38,60363.71,4856.09,36,583,13182.21,0,16,2.6474,0.0804,1
40,23156.32,46465.11,48,665,33108.7,0,16,17.6591,2.0066,1
67,32059.57,17316.0,48,783,27634.55,0,1,10.4787,0.5401,1
63,16833.9,10494.83,24,302,14070.23,0,13,10.3416,0.6234,1
64,70908.67,32616.04,24,463,21421.81,3,0,3.8552,0.46,1
29,75599.12,39775.81,24,687,38454.07,0,1,6.367,0.5261,1
33,27983.79,38155.24,48,308,30119.92,0,6,13.2569,1.3635,1
35,195420.98,36497.95,48,665,9255.76,0,0,0.615,0.1868,0
47,211658.97,4425.44,60,311,12153.73,0,9,0.6932,0.0209,1
35,49696.3,39543.66,36,373,10976.22,0,17,2.9156,0.7957,1
48,30381.21,26090.17,24,537,34009.78,0,2,13.8626,0.8588,1
57,57773.23,33156.13,36,407,25836.06,0,17,5.5577,0.5739,1
39,29952.88,47908.38,36,824,37629.9,0,18,15.6088,1.5995,1
46,86683.55,40912.28,60,533,4091.9,0,12,0.6609,0.472,0
46,54166.37,41617.86,48,738,2554.15,0,22,0.7579,0.7683,0
45,56554.73,10710.43,36,780,27209.97,2,1,5.8366,0.1894,1
46,140856.86,24868.02,24,391,11031.64,0,2,1.0281,0.1765,1
46,33812.51,47567.62,24,497,27327.28,1,21,10.4018,1.4068,1
66,34634.5,29968.89,48,415,29077.07,0,3,10.2908,0.8653,1
48,82044.93,6924.15,48,664,12527.01,0,16,1.8533,0.0844,1
69,38055.53,37127.35,48,452,38130.39,0,7,12.2675,0.9756,1
38,128322.11,4060.49,24,407,31102.27,3,22,2.9243,0.0316,1
52,89348.34,37630.27,48,827,15010.53,0,7,2.1213,0.4212,0
23,39229.46,44229.09,60,355,16778.69,1,24,5.358,1.1274,1
22,16532.11,22412.01,60,751,28776.92,0,24,21.1592,1.3557,1
53,20509.71,21853.42,24,691,12509.45,0,2,7.8519,1.0655,1
62,36714.99,16602.15,60,507,12167.32,0,14,4.0672,0.4522,1
39,62494.01,44093.04,36,809,25183.93,0,10,5.071,0.7056,1
37,94974.74,28293.66,48,599,5824.37,0,8,0.8104,0.2979,1
64,43028.91,29804.48,60,578,39737.04,0,10,11.2205,0.6927,1
53,28757.88,33761.95,48,443,11845.87,0,5,5.2365,1.174,1
32,45051.2,16411.09,60,503,15617.22,0,9,4.2327,0.3643,1
69,49623.59,22773.74,48,528,9358.47,0,9,2.3778,0.4589,0
23,107255.29,37597.08,24,564,25918.09,0,17,3.0751,0.3505,1
63,103741.19,49303.37,36,765,2889.3,0,12,0.4926,0.4753,0
69,26872.5,3646.67,48,436,37148.44,2,16,16.6227,0.1357,1
46,64373.35,4047.13,36,539,12507.42,0,3,2.3525,0.0629,1
55,29368.92,22547.96,48,748,37131.32,2,24,15.3636,0.7677,1
28,29870.87,33661.85,24,614,10514.8,2,17,4.7876,1.1269,1
56,91418.7,20545.5,36,450,20794.63,2,0,2.8045,0.2247,1
27,43495.62,49982.66,60,624,27959.28,0,17,7.9435,1.1491,1
66,71963.7,11377.24,36,702,24698.76,0,6,4.1712,0.1581,1
66,67564.69,2380.42,48,652,20743.46,0,4,3.693,0.0352,1
56,46737.81,11126.21,36,409,31647.04,1,15,8.2048,0.2381,1
36,59861.73,44568.43,24,765,19084.51,1,4,4.198,0.7445,1
44,55398.74,8967.15,36,339,13660.39,0,9,3.013,0.1619,1
21,24581.03,24990.79,36,639,28884.42,0,15,14.4397,1.0167,1
69,65669.86,22125.26,36,671,37522.23,0,3,6.9688,0.3369,1
45,32093.27,33954.82,60,824,24254.72,0,0,9.2807,1.058,1
30,25810.67,4620.59,36,806,11548.52,0,7,5.4289,0.179,1
36,81861.66,33620.01,48,352,30630.95,1,0,4.5928,0.4107,1
36,34379.25,19028.08,48,379,30596.03,0,2,10.8178,0.5535,1
28,95455.25,46449.9,36,650,11041.13,0,17,1.5502,0.4866,1
49,94751.77,42746.59,36,639,15692.9,0,1,2.1378,0.4511,1
59,36825.63,21176.3,60,420,6067.32,0,24,2.0921,0.575,1
48,93060.45,49658.81,24,364,3646.87,0,24,0.7371,0.5336,1
26,38808.9,4493.3,48,739,32390.83,1,4,10.0444,0.1158,1
36,47050.0,39854.35,60,595,15216.76,0,10,4.0504,0.8471,1
40,65924.91,22824.15,48,504,11611.82,0,13,2.2002,0.3462,1
36,166647.79,22798.65,48,577,10615.61,0,17,0.7986,0.1368,0
27,86209.73,10166.42,36,434,3454.82,0,9,0.5202,0.1179,0
61,47350.2,26714.24,48,677,39402.08,0,6,10.1267,0.5642,1
34,52155.32,6066.49,24,351,14998.3,0,7,3.509,0.1163,1
63,18960.75,31595.7,24,366,6987.85,0,24,5.2557,1.6664,1
46,89579.42,13596.34,24,302,34633.54,0,19,4.7154,0.1518,1
46,83985.72,36793.19,60,750,29063.23,0,16,4.2402,0.4381,1
34,58110.14,31153.35,24,809,26673.52,0,6,5.7763,0.5361,1
27,75406.87,37827.44,24,737,12239.98,0,22,2.1987,0.5016,1
53,14543.33,37987.62,48,827,16910.63,0,15,14.6063,2.612,1
46,25615.19,11442.03,60,401,33722.95,0,16,15.8876,0.4467,1
65,144478.24,2032.39,36,736,25775.94,0,3,2.1456,0.0141,1
40,41997.43,19556.54,60,320,14153.26,0,3,4.1372,0.4657,1
23,77223.55,46115.32,60,686,4816.55,1,0,0.8679,0.5972,1
24,31320.13,29739.17,36,832,36060.68,0,22,14.1328,0.9495,1
46,37597.75,36920.1,36,391,38243.73,0,2,12.5335,0.982,1
31,149165.2,44219.38,36,432,28892.4,1,11,2.4231,0.2964,1
22,44601.77,45490.8,48,804,27809.98,1,16,7.7372,1.0199,1
34,67113.2,27393.21,48,752,21739.55,1,15,3.9891,0.4082,1
64,53011.99,27965.22,48,447,38874.66,0,13,8.9317,0.5275,1
50,56831.74,42845.06,24,531,27918.94,0,22,6.272,0.7539,1
69,55677.77,40759.3,36,464,3531.01,0,2,1.005,0.7321,0
32,14964.53,35545.21,48,613,4123.31,1,18,3.9003,2.3753,1
46,65266.85,31014.29,48,597,38561.11,0,18,7.2087,0.4752,1
64,35504.77,31626.32,60,522,37759.54,1,15,12.9402,0.8908,1
53,142591.66,19419.74,48,652,22534.52,0,3,1.9305,0.1362,1
33,30835.31,42364.05,36,715,8958.56,0,20,3.9443,1.3739,1
34,36939.59,31653.43,36,361,23548.48,0,16,7.9355,0.8569,1
44,212706.47,12729.35,24,675,30659.98,0,18,1.7596,0.0598,0
54,75662.88,13512.48,24,704,827.15,2,11,0.2205,0.1786,0
64,27172.17,43356.94,60,554,33001.1,0,0,14.8933,1.5956,1
46,54494.04,32033.96,24,750,18859.49,2,18,4.4469,0.5878,1
41,23570.79,21137.8,36,689,18794.98,1,18,9.8675,0.8968,1
48,57213.89,10980.84,24,647,17655.12,0,19,3.7989,0.1919,1
68,30253.67,31290.37,24,801,27827.92,0,11,11.555,1.0343,1
56,150077.8,10846.9,48,621,8773.73,1,11,0.7196,0.0723,0
60,63103.45,24568.02,36,843,24463.09,0,16,4.7818,0.3893,1
22,67274.15,34520.51,60,363,2241.82,0,4,0.5025,0.5131,1
62,86668.94,29139.94,24,453,32548.3,1,3,4.6747,0.3362,1
29,92686.11,46260.8,24,816,32710.02,0,4,4.4845,0.4991,1
43,32420.88,3906.62,60,694,12819.26,0,5,4.7689,0.1205,1
35,51895.18,15430.15,60,629,4664.07,0,2,1.138,0.2973,1
33,37523.12,4740.13,36,762,30036.08,1,14,9.6477,0.1263,1
43,172205.51,11341.0,60,391,19073.47,0,2,1.3423,0.0659,1
37,12442.1,7951.2,24,521,37036.2,0,12,36.0397,0.6391,1
68,34715.24,37167.76,36,489,14462.64,0,4,5.3562,1.0706,1
22,46724.46,19730.05,36,504,33739.61,0,20,8.8059,0.4223,1
40,53218.51,46402.13,60,511,1500.25,2,8,0.5127,0.8719,1
40,52570.55,3122.13,36,388,31025.36,0,22,7.1018,0.0594,1
66,47681.98,33340.36,24,662,27290.87,1,14,7.2178,0.6992,1
23,44469.07,48586.15,24,670,21287.57,0,21,6.2908,1.0926,1
32,56657.42,10440.26,24,631,36461.82,1,1,7.8147,0.1843,1
60,64660.24,23236.75,36,725,37709.44,1,8,7.1181,0.3594,1
22,143548.08,35690.71,60,754,37222.56,0,14,3.1614,0.2486,1
56,142787.98,32390.62,24,721,24113.22,0,2,2.1399,0.2268,1
34,58723.67,29169.3,48,470,21016.16,2,6,4.4188,0.4967,1
36,36417.06,17684.29,60,548,11124.4,0,7,3.7628,0.4856,1
39,37978.2,36953.6,36,480,6901.78,0,12,2.5051,0.973,1
54,22282.23,33356.25,24,774,22505.23,0,24,12.8686,1.497,1
64,86850.25,9814.41,36,782,6365.62,0,20,0.9172,0.113,0
66,47722.54,48276.36,24,683,7298.57,3,21,2.3411,1.0116,0
26,63726.58,28672.3,36,703,14591.35,0,14,2.8976,0.4499,1
33,59889.02,27222.16,48,460,7876.51,0,5,1.6919,0.4545,1
56,32254.98,42715.36,36,547,20318.26,0,20,8.0006,1.3243,1
42,29951.98,32739.85,36,618,26718.1,1,12,11.0687,1.0931,1
38,37356.14,5575.01,36,830,28067.07,1,6,9.0658,0.1492,1
32,65606.88,26316.29,24,412,21544.73,0,16,4.1413,0.4011,1
50,46702.31,39468.63,60,643,21111.06,2,14,5.5934,0.8451,1
60,16997.37,35599.05,36,422,19255.04,0,4,14.292,2.0944,1
27,26516.23,48596.9,60,618,10187.98,1,9,4.9771,1.8327,1
52,41755.1,3195.98,24,777,26342.59,0,21,7.6089,0.0765,1
68,48134.47,14538.51,36,712,26452.65,0,11,6.6954,0.302,1
39,66788.6,28359.51,24,544,10604.3,0,18,2.1176,0.4246,1
26,50189.27,31735.51,60,843,28172.48,0,17,6.8624,0.6323,1
40,39433.56,15169.09,24,756,34391.21,0,3,10.6579,0.3847,1
47,38628.6,41686.48,24,452,23991.02,0,12,7.9924,1.0792,1
63,55319.32,9888.69,60,314,5142.82,0,2,1.1513,0.1788,0
57,62996.18,2040.76,24,742,13426.8,1,5,2.5738,0.0324,1
68,40219.95,47714.79,60,603,4165.12,2,5,1.48,1.1863,1
27,25677.84,20794.73,60,544,12430.23,0,3,5.971,0.8098,1
25,46204.7,47959.51,36,754,8871.8,0,3,2.6501,1.038,1
31,33192.63,15340.72,36,658,22407.84,0,12,8.2551,0.4622,1
35,58252.84,5045.53,24,351,17230.01,1,9,3.5927,0.0866,1
23,119186.96,39080.94,24,310,29046.02,0,9,3.0884,0.3279,1
25,21786.84,42119.34,24,526,14840.17,1,10,9.1405,1.9332,1
43,97774.4,25620.17,48,413,6611.47,0,12,0.8769,0.262,1
57,64953.3,5544.82,48,836,9822.98,0,9,1.8361,0.0854,0
29,95006.86,33398.44,36,386,22058.44,0,10,2.9033,0.3515,1
35,37742.93,10742.91,60,549,18269.27,0,17,5.8655,0.2846,1
23,20586.35,42770.31,48,549,2183.04,0,6,1.7919,2.0776,1
49,54601.55,15153.11,48,720,8792.85,0,8,2.0018,0.2775,0
26,113528.72,42689.91,60,509,12221.09,0,12,1.367,0.376,0
37,25943.78,22492.38,24,820,29151.7,0,24,13.9173,0.867,1
46,28390.58,30631.42,24,847,29351.86,0,9,12.9458,1.0789,1
41,69725.35,39899.0,48,356,28070.51,0,17,4.9741,0.5722,1
28,36050.49,3941.08,48,362,32829.23,0,14,10.9551,0.1093,1
41,133205.86,41415.97,60,637,35018.25,1,24,3.2168,0.3109,1
31,72493.01,8655.11,60,831,3308.78,0,4,0.5716,0.1194,0
58,31839.6,19204.08,48,305,19975.76,1,14,7.6794,0.6032,1
28,34933.87,24693.49,60,810,6383.89,0,10,2.3343,0.7069,1
62,35772.56,44980.48,24,760,14485.38,0,5,5.4879,1.2574,1
44,47774.52,3077.15,36,655,26696.28,0,0,6.727,0.0644,1
55,58845.51,28841.73,48,518,24265.52,0,13,5.0708,0.4901,1
34,56323.01,32841.08,36,666,5578.1,0,14,1.3828,0.5831,0
34,24963.69,17195.95,60,663,30404.72,1,6,14.7533,0.6888,1
30,84214.75,15943.37,36,689,31587.16,2,14,4.5641,0.1893,1
32,41190.02,25542.52,48,594,5997.76,2,15,1.9024,0.6201,1
58,28098.7,10980.82,60,804,24818.53,0,23,10.6773,0.3908,1
64,37129.72,24469.71,36,587,37836.56,0,4,12.4481,0.659,1
66,90091.82,38721.22,24,476,4210.66,0,21,0.7757,0.4298,1
54,54950.83,42578.98,48,598,7001.97,2,19,1.7228,0.7749,0
61,57903.72,20487.75,48,583,30738.22,0,18,6.4587,0.3538,1
30,24294.55,31630.48,48,353,13808.57,0,18,7.1461,1.302,1
37,53068.56,2000.98,48,619,38245.08,1,17,8.6575,0.0377,1
37,89189.54,28416.92,60,778,25162.34,0,5,3.4492,0.3186,1
23,16617.51,48811.34,24,841,19586.41,1,8,15.6126,2.9373,1
51,38817.65,16988.72,24,520,13837.71,0,2,4.4966,0.4377,1
21,71247.04,30549.25,36,642,9945.43,1,16,1.818,0.4288,1
32,53903.28,38589.62,48,513,26175.82,0,9,6.0063,0.7159,1
59,26601.34,31228.79,48,621,23885.14,0,15,11.0682,1.174,1
24,62252.73,22088.0,36,314,14637.56,0,0,2.9398,0.3548,1
62,24332.14,9323.63,60,779,36752.18,0,3,18.2019,0.3832,1
33,29128.48,24257.67,24,433,30591.25,0,0,13.019,0.8328,1
54,31022.42,16149.64,48,323,10772.66,0,17,4.2972,0.5206,1
62,123751.76,35404.17,36,676,37762.96,2,19,3.7572,0.2861,1
41,18000.85,23211.81,24,441,30343.79,0,3,20.873,1.2895,1
42,18816.0,42794.23,36,738,35935.72,0,10,23.6763,2.2744,1
24,58104.19,11279.48,36,623,5880.69,2,23,1.2792,0.1941,1
38,52202.29,22050.57,60,421,1803.37,1,3,0.499,0.4224,1
25,36976.57,28760.24,24,599,19970.27,0,18,6.8698,0.7778,1
39,49429.13,8048.7,48,640,18202.04,1,3,4.4597,0.1628,1
22,25881.3,30219.68,24,478,34857.26,0,4,16.7456,1.1676,1
32,51806.76,15964.23,60,507,7299.74,0,20,1.7525,0.3081,1
37,55589.73,13017.78,48,465,1431.5,3,12,0.3676,0.2342,1
30,101602.16,8811.72,24,340,21405.29,3,3,2.5715,0.0867,1
54,153947.68,18794.33,60,374,7513.86,0,9,0.6101,0.1221,0
26,41748.99,46591.16,48,779,2455.6,0,17,0.9848,1.116,0
28,22834.15,3488.28,48,647,1377.15,0,2,0.7619,0.1528,0
31,61758.36,42903.5,36,571,6126.13,2,18,1.4219,0.6947,1
32,45239.05,21073.32,36,465,15346.34,1,4,4.226,0.4658,1
29,44052.98,28956.88,60,385,35416.75,0,10,9.779,0.6573,1
22,18645.42,26614.99,48,454,30542.7,2,1,20.0138,1.4274,1
28,52008.86,46435.53,24,522,21441.65,0,17,5.3936,0.8928,1
31,63178.25,38966.2,48,716,17498.62,0,10,3.4779,0.6168,1
56,88968.96,49271.53,60,661,18504.06,0,11,2.6066,0.5538,1
30,36196.16,40132.64,24,645,35443.45,0,15,12.3048,1.1088,1
41,29874.79,16202.65,48,445,29122.93,3,1,11.8336,0.5424,1
40,36023.23,48218.42,24,366,7294.49,0,21,3.0992,1.3385,1
68,85837.18,49211.16,36,816,37619.41,0,23,5.4503,0.5733,1
28,112607.65,7908.5,24,358,31030.14,0,15,3.3418,0.0702,1
56,96047.12,45250.12,36,315,1849.16,1,15,0.3881,0.4711,0
49,72302.44,33881.7,24,785,20339.15,0,21,3.61,0.4686,1
62,48083.37,46255.7,36,475,26284.88,0,3,6.8805,0.962,1
32,52798.65,45955.47,60,621,2909.07,0,7,0.8352,0.8704,1
34,57625.76,44785.91,24,760,14445.88,0,3,3.3968,0.7772,1
68,42139.02,44493.23,48,435,26107.95,0,10,7.6988,1.0559,1
41,83575.74,7647.02,60,727,32735.46,0,24,4.7185,0.0915,1
42,18184.74,8888.75,60,841,39096.95,0,7,25.8976,0.4888,1
41,20320.1,7653.41,24,621,5304.4,0,11,3.3208,0.3766,1
64,18165.55,6369.4,60,635,25479.89,0,3,16.9019,0.3506,1
50,30293.4,18957.69,36,812,35765.19,0,6,14.3761,0.6258,1
59,109942.73,34830.0,36,470,28818.26,0,12,3.251,0.3168,1
40,24019.62,19025.25,24,428,25479.79,0,10,13.1255,0.7921,1
44,24556.11,36574.42,60,717,8969.67,1,9,4.6812,1.4894,1
43,29875.07,41373.59,48,696,32704.24,0,8,13.4826,1.3849,1
27,95273.61,33978.31,24,360,22718.41,0,5,3.0398,0.3566,1
29,115979.96,24325.03,24,416,4900.94,0,16,0.6119,0.2097,1
21,90132.27,16184.84,60,772,37456.27,1,12,5.0228,0.1796,1
46,93547.59,7971.36,36,696,39541.43,1,5,5.1007,0.0852,1
58,132077.12,25695.29,60,517,21738.06,0,23,2.0139,0.1945,1
58,16682.26,36540.75,48,776,31170.92,1,24,22.9697,2.1904,1
64,23507.32,28315.67,48,567,23540.85,0,16,12.3183,1.2045,1
42,32194.76,36631.13,48,375,17177.13,0,12,6.6869,1.1378,1
64,52168.65,18090.54,48,368,16659.77,0,20,3.9188,0.3468,1
30,52067.32,5206.21,24,744,38590.41,0,14,8.944,0.1,1
26,52556.98,39012.7,48,597,15067.07,0,15,3.6257,0.7423,1
37,80864.61,12546.76,48,773,19872.94,1,20,2.9879,0.1552,1
58,15510.8,31581.68,48,459,10315.39,0,23,8.4896,2.0361,1
44,45062.28,40606.05,60,307,10504.64,3,6,2.9776,0.9011,1
30,57489.96,8677.28,36,784,14570.97,0,20,3.0917,0.1509,1
28,40323.77,30727.75,36,387,37028.72,1,12,11.2734,0.762,1
41,54911.71,35089.97,36,440,16163.25,1,5,3.7452,0.639,1
26,90520.05,37833.48,48,840,22315.44,1,7,3.0628,0.418,1
41,50885.49,9088.0,60,824,22057.26,0,21,5.2373,0.1786,1
59,176781.71,41605.58,24,642,23534.47,0,9,1.7152,0.2354,1
44,86728.02,6519.13,60,515,32891.72,0,20,4.566,0.0752,1
53,57507.8,26940.01,24,805,36097.46,0,9,7.7666,0.4685,1
38,66319.42,23283.81,60,373,8745.5,0,0,1.6526,0.3511,1
48,76572.33,12644.77,36,368,34487.67,1,11,5.4598,0.1651,1
52,134760.33,16492.68,36,522,22134.43,0,7,2.0118,0.1224,1
32,99168.28,9892.92,48,685,37016.55,0,7,4.5042,0.0998,1
68,66737.58,22434.86,36,584,36688.18,0,21,6.7089,0.3362,1
62,31659.95,3704.52,36,421,15882.61,1,6,6.059,0.117,1
47,62878.31,44667.93,36,740,26249.13,0,6,5.2463,0.7104,1
30,69380.49,9847.39,60,756,34920.74,0,14,6.0683,0.1419,1
66,78175.51,44528.85,36,463,15696.0,3,11,2.5992,0.5696,1
62,31560.46,43451.72,24,562,2231.1,1,15,1.5367,1.3768,1
52,76331.65,23680.51,48,391,14712.41,0,15,2.3905,0.3102,1
62,79245.6,25890.83,60,635,14933.46,1,1,2.3267,0.3267,1
46,23720.16,16491.85,24,613,32366.45,3,13,16.7218,0.6953,1
45,23840.5,49849.98,60,765,12730.13,0,15,6.8258,2.091,1
31,95875.83,34197.07,36,700,35812.36,0,13,4.6012,0.3567,1
43,29345.65,47686.8,60,784,22171.34,1,5,9.3913,1.625,1
54,123332.74,21910.25,60,576,23653.09,0,22,2.3369,0.1777,1
60,41466.34,44384.8,48,365,32376.8,2,23,9.6372,1.0704,1
43,61754.49,23515.26,60,500,5815.72,0,17,1.2063,0.3808,0
49,59980.68,43607.79,60,767,1208.69,0,9,0.3872,0.727,1
51,31930.54,8284.47,48,733,2736.28,0,23,1.0932,0.2595,1
27,112901.81,32569.01,60,437,1711.21,0,14,0.2396,0.2885,0
60,41490.28,34577.77,60,351,28145.85,0,17,8.3071,0.8334,1
53,50780.78,33496.19,24,751,10176.36,3,8,2.7346,0.6596,1
41,14923.62,23457.33,24,457,34368.17,0,15,28.4212,1.5718,1
22,21986.1,34827.97,60,505,35373.56,0,15,19.6237,1.5841,1
38,96401.52,13494.23,60,641,14565.44,0,1,1.8411,0.14,1
67,48858.35,30600.73,36,615,8195.6,1,14,2.2217,0.6263,1
53,34498.12,28603.28,24,435,20203.07,0,18,7.4421,0.8291,1
57,34832.42,17280.3,36,374,32724.43,0,23,11.4391,0.4961,1
54,68128.59,39385.46,60,748,27553.23,0,10,4.9688,0.5781,1
40,104424.82,5881.86,36,368,1516.82,0,21,0.1931,0.0563,0
55,34995.02,10229.1,36,501,782.45,2,24,0.3657,0.2923,1
38,94609.87,24615.2,48,466,4995.24,1,7,0.6986,0.2602,1
66,44531.61,44803.36,48,420,13802.57,0,9,3.9709,1.0061,1
44,66196.95,29607.66,60,396,21706.85,1,5,4.0244,0.4473,1
28,16898.44,42419.21,24,676,32794.61,0,18,24.5434,2.5102,1
50,18728.35,26843.35,60,790,6140.31,0,2,4.221,1.4333,1
64,80181.77,39701.89,24,352,6522.92,0,17,1.2238,0.4951,1
30,57812.82,17638.27,48,308,34613.4,0,7,7.2609,0.3051,1
43,62455.3,41126.83,24,630,36998.98,0,20,7.4381,0.6585,1
69,25661.28,21280.93,36,550,22275.93,3,8,10.6933,0.8293,1
31,38050.1,28823.9,36,659,31503.26,0,4,10.1878,0.7575,1
22,17973.45,10442.31,48,648,14035.51,2,4,9.5161,0.581,1
46,29481.88,46180.79,60,423,37877.54,3,23,15.7306,1.5664,1
56,48352.97,35670.04,24,498,36242.78,1,14,9.3634,0.7377,1
53,59676.66,43225.03,60,710,34059.4,0,23,6.9937,0.7243,1
67,31960.05,11977.42,24,679,1012.77,1,1,0.5676,0.3748,0
33,68274.53,5248.85,48,804,21170.27,0,23,3.7401,0.0769,0
60,47907.72,18186.04,36,394,1553.14,0,12,0.5156,0.3796,1
45,42806.37,26800.9,36,329,27259.1,0,22,7.8503,0.6261,1
24,51543.36,40513.75,24,391,7746.02,0,11,2.1964,0.786,1
62,172779.51,21090.87,60,314,25759.46,0,21,1.8135,0.1221,1
39,44506.74,14958.0,48,759,4369.36,0,2,1.2621,0.3361,0
38,86798.63,19882.17,48,322,30386.34,2,4,4.2582,0.2291,1
57,68034.57,35773.16,60,625,29194.7,0,17,5.2545,0.5258,1
50,42239.22,18138.47,36,386,682.09,0,10,0.3369,0.4294,0
39,19338.02,48999.95,60,492,31786.1,0,15,20.2313,2.5339,1
43,33646.48,10399.0,36,562,6969.6,0,8,2.5887,0.3091,1
36,51319.71,38148.61,24,728,4816.96,1,20,1.498,0.7434,1
21,46033.93,30279.85,48,659,20259.76,0,23,5.4457,0.6578,1
32,106721.71,13188.59,24,732,23808.6,2,20,2.7389,0.1236,1
44,31567.99,38173.45,60,807,4572.68,1,8,1.9801,1.2092,1
54,44887.43,23481.93,60,348,12537.57,0,11,3.4564,0.5231,1
28,67630.79,34755.12,24,467,16607.9,0,10,3.2038,0.5139,1
38,41486.28,33788.35,60,740,37772.83,0,0,11.0888,0.8144,1
68,87921.89,7310.88,60,527,10427.23,0,5,1.4398,0.0832,1
25,25526.17,42319.19,60,513,10789.28,0,12,5.4037,1.6579,1
46,19695.39,34710.8,48,453,26546.11,1,23,16.6146,1.7624,1
50,41280.59,39468.16,48,706,29222.52,0,22,8.7338,0.9561,1
33,46975.33,23492.76,36,317,927.48,0,1,0.4036,0.5001,1
39,55874.34,11362.96,48,766,5794.22,0,17,1.2953,0.2034,0
49,53267.03,17658.25,24,643,14628.8,0,15,3.4613,0.3315,0
23,38367.35,45270.52,24,623,25464.43,2,9,8.5544,1.1799,1
46,19835.32,47024.89,48,545,5797.7,1,16,4.1002,2.3708,1
60,45650.72,25129.59,24,359,14599.49,0,15,4.1129,0.5505,1
32,26277.1,16342.19,60,793,3668.0,1,16,1.7995,0.6219,1
22,51140.59,37054.93,48,348,23059.0,0,14,5.5919,0.7246,1
31,25215.26,38767.66,36,552,17341.43,0,2,8.7653,1.5375,1
64,61545.13,41142.38,36,682,31629.21,0,2,6.3899,0.6685,1
48,133351.95,3492.02,48,608,23168.59,0,23,2.0914,0.0262,1
38,31710.94,2467.23,24,844,26534.75,0,8,10.0801,0.0778,1
33,22946.88,19143.47,48,357,27010.75,0,4,14.3338,0.8343,1
57,97412.14,9319.84,48,363,23789.54,0,16,2.9545,0.0957,1
42,141520.59,40639.13,36,424,1135.64,0,17,0.192,0.2872,1
32,23217.27,27576.5,60,360,33366.34,0,15,17.4832,1.1878,1
22,46401.19,41616.71,60,679,36709.63,0,19,9.673,0.8969,1
57,65647.44,10491.83,48,437,21602.49,0,8,3.9888,0.1598,1
27,41933.74,32106.69,36,365,4930.25,0,14,1.6661,0.7657,1
46,17137.65,29848.26,36,478,26360.71,0,20,19.0387,1.7417,1
46,21509.56,18338.16,48,470,14867.35,1,8,8.5075,0.8526,1
44,22909.89,26819.9,48,643,3394.56,0,12,2.0707,1.1707,1
32,26263.56,30273.32,48,486,34241.18,2,0,15.9332,1.1527,1
36,51643.04,44695.41,60,526,28612.68,0,15,6.8217,0.8655,1
43,94715.97,4670.64,48,565,32290.59,0,8,4.1034,0.0493,1
60,21709.89,41521.95,36,491,31947.0,0,23,18.296,1.9126,1
29,30590.77,49047.51,48,425,14628.29,0,12,6.1392,1.6033,1
52,25185.5,37125.2,36,773,19547.41,1,13,9.805,1.4741,1
35,58281.99,37392.66,36,398,9729.35,3,10,2.2171,0.6416,1
57,29936.85,12462.77,24,643,30318.41,1,0,12.3611,0.4163,1
33,26730.69,27107.52,36,542,21196.49,0,22,9.8536,1.0141,1
25,18802.84,35885.14,24,319,26175.22,0,13,17.6593,1.9085,1
31,110838.5,30909.49,48,658,14586.58,0,20,1.6489,0.2789,1
30,182359.87,20486.32,24,732,27327.71,0,23,1.8544,0.1123,0
33,51560.13,47125.68,60,786,27012.59,0,19,6.4697,0.914,1
61,119534.13,26671.36,60,629,30921.27,0,17,3.1488,0.2231,1
66,34886.43,48554.04,60,606,6639.78,0,0,2.5623,1.3918,1
35,48994.42,29066.03,48,484,25134.9,0,22,6.3045,0.5933,1
62,72458.11,40082.41,36,634,35239.32,1,0,6.0205,0.5532,1
27,31223.91,37617.11,60,805,4219.37,0,24,1.8625,1.2048,1
60,44548.3,33719.54,24,762,38449.49,0,16,10.7356,0.7569,1
48,41368.26,2694.12,48,302,8707.43,0,21,2.5421,0.0651,1
52,63744.82,5716.6,48,474,37493.58,0,1,7.0806,0.0897,1
55,50880.64,29911.25,24,832,34786.79,3,21,8.4983,0.5879,1
35,31683.67,45765.51,24,597,30922.43,0,21,12.4339,1.4445,1
68,40923.74,30854.8,48,417,8772.65,1,15,2.7609,0.754,1
56,95687.81,13327.81,48,505,9049.3,0,4,1.1697,0.1393,1
41,68139.56,17370.48,36,434,10742.54,0,4,1.9768,0.2549,1
26,64673.55,31911.67,48,502,32513.03,1,23,6.1561,0.4934,1
21,189776.2,30658.61,24,334,7913.73,0,6,0.5812,0.1616,1
24,24870.31,47873.74,48,329,23443.21,0,20,11.7927,1.9249,1
31,75045.93,27396.06,48,727,31212.4,1,3,5.0822,0.3651,1
64,50659.51,19040.71,24,556,18694.89,3,0,4.6163,0.3759,1
46,60251.93,27199.65,36,680,33709.47,0,17,6.8642,0.4514,1
57,54686.36,39739.23,48,481,22703.07,2,9,5.1635,0.7267,1
43,32179.88,27937.46,60,507,24007.45,1,6,9.1261,0.8682,1
49,26343.3,17650.52,60,738,27232.94,1,10,12.5393,0.67,1
41,49015.87,18253.81,24,641,33916.17,2,0,8.4895,0.3724,1
68,30659.41,38326.97,24,677,683.04,0,24,0.8924,1.2501,0
65,39270.82,5189.52,24,710,16005.93,0,5,4.957,0.1321,1
65,79133.86,15188.25,60,826,38538.16,0,4,5.8824,0.1919,1
69,23479.18,9345.8,24,682,4397.53,0,21,2.4466,0.398,0
47,43694.29,47344.43,60,764,9721.22,1,12,2.8865,1.0835,1
59,92291.71,6324.52,36,692,23051.78,3,16,3.0201,0.0685,1
60,36159.5,38392.81,24,450,34386.25,0,17,11.9424,1.0618,1
33,118382.14,32260.43,48,668,4339.53,0,6,0.508,0.2725,0
43,19332.13,32374.61,36,406,659.2,0,5,0.9674,1.6747,1
36,146039.25,38644.79,60,438,27637.36,0,6,2.3239,0.2646,1
50,49552.6,21223.42,24,579,24093.43,0,11,6.0488,0.4283,1
24,22088.58,21235.68,48,371,11206.89,0,5,6.3287,0.9614,1
60,80814.09,15857.88,60,804,38325.79,2,22,5.7302,0.1962,1
36,63481.33,30692.0,36,405,22586.42,0,15,4.4307,0.4835,1
51,112340.38,46630.65,48,800,26704.83,0,22,2.9563,0.4151,1
62,19504.01,46351.19,36,458,15461.9,0,21,10.3052,2.3765,1
45,25395.57,35742.11,24,449,36902.73,0,7,18.1411,1.4074,1
64,77810.45,45496.92,48,313,11405.03,0,14,1.9051,0.5847,1
32,226323.7,48248.9,24,304,30077.11,0,22,1.7013,0.2132,1
46,69227.21,40165.04,60,572,5108.31,3,8,1.0015,0.5802,1
57,75966.83,21576.0,60,637,21742.57,0,12,3.4913,0.284,1
68,31046.5,25194.8,36,510,23322.69,0,20,9.2851,0.8115,1
53,43953.61,46700.33,24,626,7939.97,0,11,2.699,1.0625,1
48,33796.05,34160.39,24,765,13289.18,1,13,5.224,1.0108,1
29,66264.24,41393.31,48,378,7558.54,0,7,1.525,0.6247,1
32,85623.53,7573.47,60,476,33878.53,0,14,4.7657,0.0885,1
25,54799.16,11307.27,24,431,26458.97,0,23,5.8972,0.2063,1
48,79004.78,18517.21,24,591,18134.15,1,23,2.8716,0.2344,1
55,48182.59,11035.55,24,677,22461.22,0,3,5.7085,0.229,1
25,108531.23,45510.32,60,715,14089.64,0,8,1.6417,0.4193,1
54,29233.47,12410.75,60,643,17435.2,3,19,7.2419,0.4245,1
66,114641.12,28744.82,60,676,24965.19,0,5,2.6634,0.2507,1
54,31898.5,6101.79,36,784,8853.4,0,5,3.3944,0.1913,1
33,49505.16,9438.17,60,445,5796.8,1,1,1.4433,0.1907,1
59,23942.86,13875.93,60,831,37806.13,0,22,19.0641,0.5795,1
62,66408.55,49178.88,60,595,9855.75,0,6,1.929,0.7406,1
65,53044.74,40259.06,48,644,20061.37,0,0,4.7281,0.759,1
68,76357.98,34330.64,48,696,30580.14,1,20,4.9182,0.4496,1
34,17321.92,45980.58,24,774,22465.29,0,8,16.8904,2.6545,1
31,53120.23,47898.02,48,824,25577.55,0,4,6.0035,0.9017,1
62,62447.93,23771.5,36,345,6955.6,0,22,1.4635,0.3807,1
58,27088.17,17729.09,36,727,16099.67,1,8,7.3503,0.6545,1
24,67495.05,17135.14,24,522,27764.35,1,12,5.0632,0.2539,1
53,12353.46,3715.0,24,322,8786.56,0,0,8.6855,0.3007,1
27,45404.42,15422.63,36,366,19600.48,2,24,5.2935,0.3397,1
61,114404.72,19042.21,36,782,23775.37,0,19,2.5493,0.1664,1
28,45169.56,3771.14,36,505,31678.65,0,14,8.4438,0.0835,1
57,31842.63,44365.03,24,557,9045.51,3,16,4.1055,1.3933,1
30,47155.8,42697.12,36,845,39134.63,0,7,10.2606,0.9054,1
63,52022.57,14072.04,24,552,38713.34,0,14,9.0652,0.2705,1
35,83936.19,40522.83,36,488,985.59,0,18,0.3018,0.4828,0
58,52993.91,40218.17,36,452,15035.11,0,10,3.6575,0.7589,1
35,77436.84,18080.61,48,376,3179.66,0,7,0.5511,0.2335,0
25,51804.46,35459.27,36,839,13031.24,0,5,3.2467,0.6845,1
49,31269.82,15913.18,24,668,24478.98,2,5,9.6484,0.5089,1
39,21139.24,5373.26,36,453,24545.09,0,7,14.0181,0.2542,1
30,61267.81,26230.3,60,454,4318.22,0,24,0.9314,0.4281,1
32,11128.44,23039.7,48,570,27246.17,0,23,29.8976,2.0703,1
24,16998.47,8631.34,36,808,33930.38,3,22,24.1223,0.5078,1
51,21187.77,25546.56,36,689,25431.0,0,18,14.8051,1.2057,1
38,75265.21,47570.04,60,367,12743.65,0,19,2.1582,0.632,1
36,20052.8,37106.87,60,431,598.55,0,8,0.7283,1.8505,1
60,64996.1,37465.87,60,564,26112.14,0,19,4.9363,0.5764,1
56,26391.93,38362.44,60,519,27271.28,0,23,12.6905,1.4536,1
45,44896.27,37742.42,60,588,28495.6,0,5,7.7845,0.8407,1
43,47213.63,2955.27,60,378,2050.79,1,4,0.5338,0.0626,1
32,44494.84,46385.16,36,619,20899.69,1,15,5.984,1.0425,1
54,33256.66,41846.61,24,617,16830.53,3,6,6.7021,1.2583,1
56,19152.26,15179.81,36,786,30810.26,1,0,19.5686,0.7926,1
57,49816.41,28531.69,36,690,29046.22,0,9,7.1877,0.5727,1
23,68500.24,31520.28,36,338,38051.1,0,18,6.8192,0.4601,1
29,73682.79,8333.36,48,498,35951.65,1,4,5.8834,0.1131,1
38,51486.42,14190.24,24,404,22541.27,1,19,5.3915,0.2756,1
63,57214.46,3116.02,24,806,39228.72,0,18,8.255,0.0545,1
55,30863.67,43469.68,48,628,6433.41,0,18,2.8535,1.4084,1
54,64195.08,3195.44,24,607,782.77,0,8,0.1712,0.0498,0
61,62793.15,17297.4,48,521,4759.4,0,20,0.9784,0.2755,0
34,40999.63,5755.83,36,326,14526.92,1,2,4.2986,0.1404,1
24,50455.68,39507.48,24,450,30332.74,0,20,7.6056,0.783,1
49,48238.98,46399.17,36,472,15631.14,1,8,4.209,0.9619,1
61,64468.07,29015.15,60,321,31333.78,0,18,5.9224,0.4501,1
65,19413.1,8699.21,36,844,29839.97,0,15,18.5946,0.4481,1
35,19182.91,28791.72,24,693,31876.82,1,20,20.6912,1.5009,1
48,19789.67,38976.38,36,346,7897.26,2,1,5.4452,1.9695,1
62,37539.17,36483.98,36,424,20883.32,0,7,6.9997,0.9719,1
36,64420.33,37602.51,48,634,28651.33,0,13,5.483,0.5837,1
32,12738.79,15400.34,24,594,11724.9,2,5,11.6494,1.2089,1
25,51865.23,5539.4,36,836,33602.04,0,11,7.8101,0.1068,1
54,100333.03,9150.25,48,837,31282.82,2,23,3.7643,0.0912,1
62,57750.68,47864.31,24,596,5235.12,0,0,1.5022,0.8288,1
21,14598.37,31448.67,60,343,9106.58,0,17,7.9165,2.1543,1
59,67012.86,36939.18,36,321,9876.25,0,22,1.9523,0.5512,1
52,56690.89,45155.1,36,525,35199.82,0,6,7.7164,0.7965,1
46,39911.43,42932.22,36,848,7875.71,0,24,2.7265,1.0757,1
37,54669.78,12483.29,36,673,25072.8,0,11,5.5796,0.2283,1
68,21215.36,4786.88,36,303,3064.03,0,11,1.8083,0.2256,1
47,50543.68,46406.15,60,323,22323.96,1,5,5.4837,0.9181,1
44,65326.65,49120.08,60,621,6079.46,1,22,1.2671,0.7519,1
55,32345.96,29232.52,24,838,23232.08,1,19,9.0707,0.9037,1
66,36956.79,44643.29,24,671,15027.93,0,1,5.4836,1.208,1
62,34871.5,13127.17,48,664,24424.47,0,24,8.4991,0.3764,1
59,36858.09,7329.86,48,368,16080.51,1,10,5.2851,0.1989,1
46,29789.56,25991.21,48,771,34244.66,1,15,14.0128,0.8725,1
69,30872.46,40936.8,60,804,30400.62,0,0,12.0818,1.326,1
58,66813.09,33423.37,24,612,33865.74,0,5,6.3326,0.5003,1
43,17229.59,32591.37,24,371,9271.06,0,9,7.4029,1.8916,1
42,54709.61,2838.03,60,545,6378.23,0,8,1.4094,0.0519,0
24,66735.17,17239.66,24,372,22514.72,0,9,4.1777,0.2583,1
69,21771.99,47095.8,36,827,34976.91,1,17,19.9992,2.1631,1
29,46819.89,8445.13,24,339,4869.65,0,17,1.3383,0.1804,1
24,28284.69,36865.57,24,338,9738.58,0,8,4.7834,1.3034,1
27,96935.08,38446.94,36,355,29966.93,0,12,3.8419,0.3966,1
43,43330.92,37176.0,48,471,18881.76,0,9,5.4436,0.858,1
22,118642.6,49485.67,48,601,24336.8,0,8,2.5658,0.4171,1
69,108376.49,21641.99,48,789,23874.3,0,3,2.6934,0.1997,1
44,58947.21,34745.28,60,731,16788.02,0,14,3.5355,0.5894,1
60,177304.63,11295.45,36,303,28375.24,1,23,1.9417,0.0637,1
51,19059.34,21186.08,36,560,34164.63,0,7,21.881,1.1116,1
67,116686.99,25594.91,60,848,36356.4,0,1,3.7827,0.2193,1
51,41737.5,12311.72,36,709,2333.26,0,3,0.7692,0.295,0
67,45432.69,45526.92,24,564,22367.44,0,5,6.4089,1.0021,1
60,37170.18,36377.5,48,314,2094.68,0,19,0.9209,0.9787,1
68,20536.71,15620.37,36,387,36086.74,0,6,21.3397,0.7606,1
63,68992.83,8477.91,36,398,17456.0,0,12,3.0771,0.1229,1
54,23285.13,15817.63,48,516,36070.75,1,4,18.7589,0.6793,1
44,34385.87,31903.3,60,709,7913.49,0,3,2.9472,0.9278,1
69,35311.38,41667.61,48,490,6913.66,0,21,2.6445,1.18,1
46,89084.97,26152.08,60,514,36378.8,0,5,4.959,0.2936,1
36,46900.99,6919.74,60,326,37565.84,0,4,9.641,0.1475,1
67,11313.54,13967.11,24,481,30788.19,0,21,33.2736,1.2345,1
33,28583.29,18566.91,48,458,9270.0,0,4,4.0542,0.6496,1
35,19200.88,32534.54,36,529,7293.42,1,6,5.123,1.6944,1
47,66269.78,13838.88,60,534,30046.52,0,4,5.4825,0.2088,1
24,24107.17,13228.56,24,685,25573.6,0,3,13.0043,0.5487,1
36,34081.11,15737.69,48,829,34947.03,0,8,12.4203,0.4618,1
50,140112.65,30441.39,60,583,11434.05,0,4,1.0227,0.2173,0
64,71830.58,25646.25,24,370,12166.61,2,21,2.2111,0.357,1
50,24373.4,42398.53,36,803,29399.82,1,1,15.0546,1.7395,1
56,80420.87,35500.75,60,514,11080.81,0,16,1.7417,0.4414,1
23,31866.2,34007.45,60,416,18763.9,1,18,7.2794,1.0672,1
42,80300.41,9423.2,36,399,21045.61,0,6,3.1841,0.1173,1
69,38276.86,4650.93,36,594,26932.79,1,16,8.4841,0.1215,1
42,27556.22,26479.95,36,476,14103.15,2,16,6.4619,0.9609,1
69,26053.8,5438.8,60,431,34404.31,0,15,15.8879,0.2088,1
32,58254.51,19472.86,24,356,16392.0,0,7,3.5438,0.3343,1
41,84779.81,3253.39,24,312,2134.25,2,18,0.3213,0.0384,1
24,61294.19,10486.83,36,492,3146.58,0,17,0.6731,0.1711,0
51,37813.28,7297.66,24,809,38877.15,0,23,12.4341,0.193,1
64,16673.8,40447.28,36,452,25070.69,0,12,18.8518,2.4258,1
51,33402.62,18614.06,36,322,19891.66,0,13,7.3319,0.5573,1
43,23127.55,5784.63,48,329,34852.38,0,17,18.1461,0.2501,1
40,111428.86,14743.05,24,668,28816.95,0,12,3.1695,0.1323,1
35,38596.22,34774.79,60,690,7664.99,1,9,2.5633,0.901,1
43,58701.94,37790.49,48,609,788.05,2,13,0.322,0.6438,1
48,39887.02,7753.53,36,700,39294.15,0,22,11.8864,0.1944,1
36,63437.55,39371.19,48,652,25354.03,0,22,4.9512,0.6206,1
57,75425.78,19786.84,36,365,19344.43,1,9,3.1651,0.2623,1
41,198208.11,34610.37,36,465,37813.92,0,5,2.3476,0.1746,1
35,37288.67,34232.37,36,791,15083.7,1,16,5.1602,0.918,1
37,91662.02,40092.45,24,479,29040.83,0,16,4.0206,0.4374,1
57,57916.07,35464.77,36,843,26969.51,0,10,5.7921,0.6123,1
33,34652.52,3865.68,36,316,27242.35,2,18,9.4711,0.1116,1
39,36168.85,26935.09,24,425,27246.74,0,12,9.4122,0.7447,1
50,65025.93,9976.7,24,381,911.88,0,11,0.245,0.1534,1
65,41029.17,48558.3,36,339,33059.93,3,11,10.0637,1.1835,1
38,52206.44,14280.06,24,518,36956.68,0,3,8.6315,0.2735,1
34,73041.81,22165.15,60,481,18249.3,0,24,3.0589,0.3035,1
56,219077.63,11441.7,60,737,22639.1,0,15,1.2505,0.0522,0
56,49985.62,8460.28,36,829,13326.27,0,22,3.2556,0.1693,1
40,24911.78,30844.62,48,460,31510.35,0,0,15.4881,1.2382,1
39,62242.52,25672.62,24,486,29595.75,0,19,5.9121,0.4125,1
65,36665.16,19983.67,48,653,29670.79,0,21,9.8471,0.545,1
64,152689.97,6100.11,60,674,29529.45,0,13,2.3287,0.04,1
27,36378.46,37326.05,36,766,9132.48,1,12,3.3545,1.026,1
64,49564.9,2281.1,60,540,4944.65,0,21,1.2063,0.046,0
24,71235.63,23967.76,24,633,12774.79,2,6,2.3202,0.3365,1
54,65826.68,32363.46,24,347,23227.48,0,24,4.4801,0.4916,1
22,112883.94,22674.12,36,410,16281.17,0,5,1.7977,0.2009,1
25,73166.3,8058.03,24,403,10345.21,0,0,1.7518,0.1101,1
30,199939.09,39355.99,24,762,1380.41,0,18,0.1813,0.1968,0
52,64195.96,17549.31,24,373,5284.76,0,0,1.1246,0.2734,1
62,106880.02,8468.27,48,616,4660.61,0,21,0.5431,0.0792,0
61,36991.72,28412.76,36,301,38287.25,0,22,12.6763,0.7681,1
33,160314.72,2920.23,36,671,31263.59,0,14,2.3462,0.0182,1
59,39790.46,17555.06,36,768,5348.7,0,11,1.7601,0.4412,0
25,119565.55,38030.83,24,309,18954.82,0,14,2.0614,0.3181,1
30,83713.14,45810.14,24,722,26352.2,0,2,4.0511,0.5472,1
30,51021.46,30402.92,24,557,38460.82,0,9,9.3437,0.5959,1
58,120258.96,12445.36,36,775,11124.07,0,24,1.1445,0.1035,0
47,48669.46,12560.01,48,544,10929.85,1,0,2.7594,0.2581,1
41,111416.59,30985.84,60,636,22946.18,0,0,2.527,0.2781,1
28,61502.29,21524.56,36,787,34366.42,0,22,6.8221,0.35,1
21,39091.88,10508.69,36,372,11545.04,2,20,3.6336,0.2688,1
48,59406.61,39795.06,48,304,5470.1,1,15,1.2724,0.6699,1
69,50034.21,11611.67,60,761,11012.14,0,4,2.6875,0.2321,1
59,37589.88,17438.76,60,665,18238.16,0,4,5.915,0.4639,1
34,56375.59,4948.61,24,794,14718.16,0,10,3.1768,0.0878,1
41,62455.65,35665.86,60,516,34517.91,0,10,6.7464,0.5711,1
50,11240.51,15213.34,24,513,37746.35,0,11,40.9735,1.3534,1
41,66225.32,13177.61,36,624,15448.77,0,20,2.8656,0.199,1
69,76470.7,16561.2,48,609,33025.14,1,17,5.2365,0.2166,1
29,117123.88,43958.27,36,337,3210.15,0,13,0.454,0.3753,1
37,23351.11,26864.89,60,360,22371.28,1,0,11.7266,1.1505,1
25,26622.12,9578.47,36,394,33352.3,0,20,15.1536,0.3598,1
51,55579.18,39175.08,48,532,17035.62,0,24,3.8543,0.7049,1
60,31960.13,12005.76,48,847,6165.64,0,7,2.4089,0.3756,1
58,24008.06,21798.86,24,812,11721.56,1,24,6.3128,0.908,1
63,38252.21,29267.64,36,449,19930.35,0,2,6.5073,0.7651,1
39,39502.05,30053.26,48,770,33818.15,0,17,10.4635,0.7608,1
56,26651.75,5313.54,48,514,30069.59,0,20,13.5887,0.1994,1
53,26545.29,42166.62,48,698,3801.23,2,22,2.1155,1.5885,1
33,45579.29,25012.68,48,305,22073.22,0,19,5.9486,0.5488,1
34,20554.26,49484.51,60,380,34957.86,0,1,20.8906,2.4075,1
53,20356.78,36437.24,36,488,23295.85,0,8,14.3292,1.7899,1
49,51169.83,49643.31,36,327,3065.03,0,21,1.0422,0.9702,1
63,120980.65,23766.81,36,434,33013.25,0,18,3.34,0.1965,1
69,76101.62,8757.51,60,604,36317.4,0,11,5.7497,0.1151,1
56,102086.03,36910.85,60,794,15872.96,1,10,1.9381,0.3616,0
64,16596.78,39332.49,48,579,12750.41,0,0,9.8114,2.3699,1
30,21053.87,42936.09,60,379,21962.35,0,15,12.9257,2.0393,1
51,49335.05,16469.55,24,690,39371.48,0,0,9.7434,0.3338,1
26,80961.84,26512.83,60,314,33579.84,0,23,5.0426,0.3275,1
21,71885.25,43160.27,48,522,32536.7,0,19,5.5815,0.6004,1
27,21883.78,43507.34,36,565,8129.17,0,8,5.1203,1.9881,1
47,96898.97,3232.82,60,619,35859.03,0,4,4.4475,0.0334,1
41,46685.59,34204.01,36,405,22459.86,0,4,6.0173,0.7326,1
48,78169.64,30880.99,36,552,36716.71,0,7,5.7681,0.3951,1
36,34096.62,6000.21,24,498,26242.57,0,22,9.3238,0.176,1
66,19414.15,46646.53,24,355,33449.6,0,23,21.8768,2.4027,1
43,81430.66,23377.87,60,706,7038.27,0,13,1.0946,0.2871,1
40,64976.97,34364.37,36,737,28407.6,0,3,5.4226,0.5289,1
58,23216.66,44374.29,48,756,10661.46,0,11,5.9884,1.9113,1
45,32829.95,8245.81,36,776,7171.64,0,1,2.7051,0.2512,1
48,73987.56,43080.47,36,646,23172.3,0,5,3.9524,0.5823,1
25,55471.32,36766.67,24,785,24308.27,0,13,5.59,0.6628,1
41,66238.38,42300.43,24,662,19879.4,0,12,3.9207,0.6386,1
38,35788.72,25752.11,24,511,4017.11,0,22,1.7067,0.7196,1
67,115136.79,3607.27,24,736,10167.59,0,21,1.0754,0.0313,0
26,45858.22,34184.76,60,442,9800.31,0,2,2.7136,0.7454,1
49,11843.39,19977.56,60,584,12891.23,0,18,13.3991,1.6868,1
39,52269.24,21315.96,36,369,25308.58,2,4,5.9463,0.4078,1
53,70471.64,23180.59,60,827,17800.5,1,22,3.0969,0.3289,0
21,58585.71,25659.66,48,609,38751.21,0,17,8.0468,0.438,1
65,37949.76,33772.84,36,562,1125.84,0,11,0.6526,0.8899,0
23,15180.53,36885.23,36,359,9028.18,0,10,7.9466,2.4298,1
62,33190.41,39288.43,48,821,23149.59,0,3,8.6657,1.1837,1
41,35125.03,34237.1,36,608,35233.91,0,11,12.3621,0.9747,1
55,33007.35,40567.01,48,819,1839.33,0,23,0.976,1.229,1
61,70769.13,7863.16,24,681,35402.64,0,18,6.0586,0.1111,1
60,40132.68,42167.25,24,640,20537.3,0,6,6.6662,1.0507,1
23,112308.53,20589.4,24,848,31526.59,0,9,3.4602,0.1833,1
45,42815.87,27381.28,48,383,37971.74,0,18,10.8022,0.6395,1
65,101674.37,22821.41,60,533,9008.47,0,23,1.1081,0.2245,1
58,55752.58,24834.43,60,539,23722.44,0,22,5.195,0.4454,1
65,57427.99,15700.53,36,403,35404.92,0,0,7.4892,0.2734,1
40,32541.81,10157.64,24,524,33854.22,0,15,12.64,0.3121,1
64,21799.01,7034.95,24,578,21078.09,0,3,11.7645,0.3227,1
65,46910.83,23667.14,36,692,38004.94,1,22,9.89,0.5045,1
54,134875.58,8012.53,24,728,28483.56,0,11,2.5639,0.0594,1
41,37226.71,13759.45,24,701,21202.51,0,12,7.0194,0.3696,1
68,33846.06,8413.56,48,345,2787.14,2,20,1.0503,0.2486,1
43,44216.27,7237.82,36,813,19748.58,3,2,5.4142,0.1637,1
26,141621.43,44358.14,48,475,17165.07,0,15,1.5328,0.3132,1
33,78602.77,34353.25,24,665,12557.49,1,1,2.1356,0.437,1
69,101575.51,46340.44,24,472,37744.21,0,8,4.6872,0.4562,1
43,14939.99,32912.58,36,603,37065.15,0,5,30.5056,2.203,1
29,29888.28,42509.65,24,451,13822.73,0,9,6.2609,1.4223,1
37,30517.01,28654.33,60,650,17712.63,0,16,7.1528,0.939,1
22,96921.1,24206.24,48,391,30196.86,0,4,3.8012,0.2498,1
39,72833.26,27366.92,48,460,33484.76,0,11,5.6109,0.3757,1
39,92367.87,17370.82,60,405,4848.1,0,22,0.6675,0.1881,0
27,15909.11,33582.67,36,402,19886.4,0,7,15.7036,2.1109,1
62,95435.2,45064.4,36,431,36622.93,0,20,4.7624,0.4722,1
62,72809.07,39552.97,24,588,26751.23,0,11,4.6806,0.5432,1
40,28156.79,24176.0,36,757,21947.17,0,11,9.6398,0.8586,1
29,43557.83,47788.12,60,400,28862.76,0,9,8.171,1.0971,1
37,28676.93,49300.31,36,320,26626.55,0,12,11.7151,1.7192,1
47,46260.08,25668.83,24,548,37718.83,1,0,10.0618,0.5549,1
67,64190.68,43502.71,60,491,36549.14,0,1,6.9681,0.6777,1
22,113838.01,2228.97,24,612,16212.15,1,19,1.7188,0.0196,1
56,27899.06,5199.47,48,467,1764.76,0,14,0.8057,0.1864,0
39,36992.49,3074.69,48,470,13640.73,0,9,4.4457,0.0831,1
37,25291.98,39111.82,36,515,8514.15,0,0,4.5551,1.5464,1
25,77647.76,5829.4,60,808,5696.32,0,19,0.8953,0.0751,0
59,19046.74,2818.43,60,473,35573.78,1,21,22.4421,0.148,1
38,54513.75,9076.1,60,835,28542.29,0,21,6.3163,0.1665,1
27,23494.63,16702.15,24,707,1786.86,0,17,1.2681,0.7109,0
37,50386.93,24305.63,60,800,36830.28,0,0,8.8679,0.4824,1
59,98080.81,5139.36,36,437,36168.87,0,11,4.4427,0.0524,1
56,36070.92,25951.15,48,398,38000.88,0,7,12.8219,0.7194,1
60,55967.25,13906.95,36,356,33280.1,0,24,7.2185,0.2485,1
65,28684.16,15169.83,48,546,3615.65,0,8,1.6448,0.5289,1
24,45823.0,41451.31,48,406,25100.41,0,22,6.7994,0.9046,1
58,19249.88,49372.33,36,347,3781.97,1,19,3.2125,2.5648,1
45,74953.98,24265.47,48,585,28679.16,0,1,4.6724,0.3237,1
25,38205.0,17444.99,48,345,8281.86,0,15,2.7154,0.4566,1
50,43247.84,46709.51,24,695,37464.59,0,22,10.9353,1.08,1
32,51099.11,26021.53,36,419,37399.76,0,21,8.9526,0.5092,1
24,15062.35,37056.97,36,359,23986.8,0,13,19.9301,2.4602,1
44,32359.42,21859.52,36,446,30230.7,0,22,11.4358,0.6755,1
49,53164.41,11722.33,48,796,34397.06,0,0,7.8191,0.2205,1
29,44535.78,33434.49,60,417,15871.27,0,13,4.4266,0.7507,1
24,181028.05,33912.45,60,536,23378.04,2,19,1.5872,0.1873,1
44,104321.27,24088.82,48,517,7452.93,0,16,0.915,0.2309,0
34,53303.49,14957.58,60,423,39427.1,0,22,8.9322,0.2806,1
25,26542.45,41927.05,60,562,37211.45,0,5,17.1394,1.5796,1
38,36426.05,15215.27,48,469,19595.12,2,7,6.5597,0.4177,1
62,72757.04,33633.15,36,691,22356.71,0,17,3.8414,0.4623,1
39,51327.02,20431.31,24,449,17749.55,1,7,4.3488,0.3981,1
32,105415.24,24679.07,36,545,565.69,0,7,0.1424,0.2341,0
38,51083.77,12147.33,36,800,9584.91,0,1,2.3308,0.2378,1
37,52548.95,33175.04,36,490,4515.1,3,15,1.2415,0.6313,1
50,129900.92,12839.64,24,473,13254.51,1,12,1.2738,0.0988,1
44,25388.75,25314.27,36,471,9831.3,0,13,4.9791,0.9971,1
31,138734.11,17766.05,60,637,30584.84,0,6,2.6711,0.1281,1
55,77790.9,48253.08,24,710,20439.48,0,2,3.4631,0.6203,1
43,341561.19,49146.61,60,369,32771.27,0,20,1.1801,0.1439,0
37,32181.29,38167.58,24,397,25610.06,0,7,10.1427,1.186,1
21,130306.19,49228.04,60,816,26420.95,0,0,2.5087,0.3778,1
35,53120.76,7450.43,36,484,35111.69,0,16,7.9785,0.1403,1
52,43855.24,49631.58,36,712,33964.06,3,7,9.6707,1.1317,1
29,58861.43,6970.68,36,677,3000.22,0,5,0.6511,0.1184,0
35,52845.55,21941.69,60,311,23344.78,0,18,5.3841,0.4152,1
48,30719.42,13469.48,60,708,16817.05,0,10,6.657,0.4385,1
44,45297.96,47784.61,48,717,24185.68,0,7,6.6708,1.0549,1
55,58939.34,32517.92,60,630,34574.26,0,7,7.1496,0.5517,1
42,37983.48,30662.12,24,579,975.86,1,24,0.7119,0.8072,1
47,67796.44,49877.05,36,414,933.24,1,9,0.4104,0.7357,1
39,41047.88,31396.45,24,509,2970.91,3,9,1.251,0.7649,1
65,64537.85,33015.67,48,746,35057.97,0,21,6.6465,0.5116,1
32,60031.8,4149.17,48,693,14462.53,3,22,2.9083,0.0691,1
40,64266.86,43234.43,60,480,15163.61,0,12,2.9659,0.6727,1
21,21824.13,48564.29,36,764,14143.43,0,21,8.5185,2.2253,1
41,94679.21,48094.94,24,327,9623.02,0,2,1.4736,0.508,1
69,29154.86,12613.07,48,492,2035.07,0,24,0.9458,0.4326,1
65,43848.16,12843.94,48,555,36307.29,0,16,10.0095,0.2929,1
21,33272.81,19570.26,24,723,9698.53,0,20,3.7919,0.5882,1
30,51164.9,16890.08,48,390,35810.65,0,21,8.4814,0.3301,1
67,45858.96,16669.5,24,444,38250.6,0,14,10.1909,0.3635,1
52,72454.63,31050.4,36,751,23277.74,0,5,3.9981,0.4285,1
59,50328.65,40669.18,60,727,15204.81,0,16,3.7869,0.8081,1
42,38753.99,46964.87,24,541,30748.99,3,23,10.1272,1.2119,1
38,16673.15,5257.3,36,785,1502.63,0,0,1.1866,0.3153,0
68,83332.51,15342.97,24,330,37190.24,0,2,5.4475,0.1841,1
66,66871.07,14240.66,48,359,16612.69,0,7,3.0344,0.213,1
52,85397.71,19157.1,36,775,12689.78,0,7,1.8579,0.2243,0
47,43860.26,22368.04,24,400,5513.93,1,10,1.7636,0.51,1
48,60727.98,20680.23,36,572,38229.23,0,15,7.6677,0.3405,1
38,33122.39,47703.07,24,777,32535.68,0,0,12.5075,1.4402,1
59,31354.66,22982.19,24,357,29095.65,1,10,11.5019,0.733,1
69,41350.47,28476.44,36,804,37273.1,0,16,11.0463,0.6887,1
49,85227.9,37934.4,36,686,38413.33,0,12,5.5569,0.4451,1
38,41570.06,36804.07,36,760,11103.66,0,23,3.5004,0.8854,1
64,47455.53,29982.3,48,344,31567.74,1,1,8.1404,0.6318,1
28,56696.45,43319.94,60,590,30795.76,0,4,6.6708,0.7641,1
51,49771.89,31960.7,24,557,22513.99,0,23,5.7492,0.6421,1
54,90093.41,43988.42,24,545,6441.81,0,20,1.1021,0.4883,1
27,31293.29,16532.76,36,539,37643.65,0,11,14.6113,0.5283,1
56,52044.05,8337.14,24,712,12957.6,0,14,3.0678,0.1602,1
38,65155.8,41336.98,60,427,23365.73,2,6,4.4302,0.6344,1
58,18299.56,20360.86,60,575,1265.52,0,5,1.0524,1.1126,1
29,57505.14,33252.06,24,717,17451.22,0,4,3.9308,0.5782,1
29,109668.18,37390.94,24,506,24867.32,0,14,2.8915,0.3409,1
66,39723.79,17682.1,36,664,15547.91,1,2,4.8452,0.4451,1
28,25564.88,26247.84,60,645,19345.7,0,21,9.2861,1.0267,1
55,64875.15,44956.47,24,459,8085.0,0,8,1.842,0.693,1
38,54594.72,44230.08,60,395,14333.76,0,22,3.3126,0.8102,1
25,122206.56,37969.14,24,724,29072.89,0,16,3.0101,0.3107,1
34,63742.12,38611.5,48,415,38803.62,1,20,7.4566,0.6057,1
48,27830.05,45088.85,60,511,19017.08,2,22,8.524,1.6201,1
50,27085.43,37343.95,48,606,27598.84,1,13,12.5722,1.3787,1
24,82116.27,18300.1,36,567,39059.43,1,6,5.7822,0.2229,1
59,60727.21,7797.57,60,343,31104.28,0,14,6.172,0.1284,1
40,47337.99,22250.44,24,757,900.16,1,6,0.4632,0.47,0
45,54362.67,6192.48,24,771,37453.86,1,12,8.3245,0.1139,1
48,63905.55,7557.0,48,308,34729.38,0,13,6.5509,0.1183,1
32,61309.61,47608.26,60,488,11208.96,0,21,2.3492,0.7765,1
22,19864.98,34442.57,60,680,7671.28,0,10,4.9808,1.7338,1
63,101723.97,42877.22,60,414,36019.36,2,17,4.3334,0.4215,1
34,105891.1,32859.16,36,801,27703.29,0,12,3.2429,0.3103,1
42,145230.45,22089.92,60,687,9861.14,3,11,0.8452,0.1521,0
51,127460.7,3207.62,36,738,28698.33,0,1,2.7102,0.0252,1
43,115096.65,47880.18,24,618,24208.88,0,9,2.732,0.416,1
68,41278.96,5404.76,48,743,12713.99,0,21,3.7288,0.1309,1
40,58736.8,31287.83,48,327,22492.53,0,10,4.7284,0.5327,1
58,98735.44,6905.75,60,697,21327.07,2,15,2.606,0.0699,1
24,16639.73,15639.09,48,376,20636.08,0,16,15.117,0.9399,1
35,42993.0,10919.24,60,657,20935.98,0,13,5.8943,0.254,1
44,17619.78,28578.41,24,485,516.01,0,21,1.1624,1.622,1
45,57998.3,44579.62,24,533,11111.02,0,20,2.6832,0.7686,0
21,104766.02,32509.87,24,547,17519.25,2,12,2.1618,0.3103,1
27,49576.84,33881.02,48,698,5526.51,0,16,1.5085,0.6834,0
51,34838.07,45628.71,60,628,30092.0,0,4,10.6272,1.3097,1
32,58098.73,37972.41,36,304,33952.04,1,3,7.2305,0.6536,1
62,62785.33,43565.88,24,647,32802.0,2,24,6.6163,0.6939,1
25,65497.56,21986.82,24,698,18655.65,1,10,3.5858,0.3357,1
64,23648.06,43537.1,36,558,27782.72,2,16,14.7118,1.841,1
62,56731.86,33001.35,36,718,3537.0,0,2,0.9421,0.5817,1
58,54748.26,8509.17,48,690,8376.16,1,1,1.8748,0.1554,1
32,86593.24,3858.2,24,414,2354.1,0,0,0.3485,0.0446,1
59,46846.65,13713.65,48,303,38634.89,0,17,9.9697,0.2927,1
38,160257.07,20160.78,24,427,23185.35,0,15,1.799,0.1258,1
22,51503.3,42203.26,48,308,7421.98,0,10,1.9341,0.8194,1
30,36796.28,37579.74,48,623,28448.05,0,6,9.5328,1.0213,1
35,26852.95,47858.03,36,417,19820.59,0,4,9.4515,1.7822,1
50,36014.82,28840.39,60,766,17653.18,0,17,6.0421,0.8008,1
64,30351.72,37891.6,60,762,36581.4,0,3,14.7127,1.2484,1
37,44640.08,15213.6,60,424,28474.14,0,21,7.7225,0.3408,1
24,134865.85,34619.74,24,522,27781.02,0,7,2.6002,0.2567,1
27,20422.95,35895.26,36,627,4343.69,1,21,3.1381,1.7576,1
61,21301.86,42723.94,36,558,4135.13,0,5,2.998,2.0056,1
51,42583.35,27747.37,36,366,26745.11,0,21,7.754,0.6516,1
59,21638.87,33152.25,24,361,6681.38,0,20,4.4712,1.5321,1
54,27196.35,11746.34,48,825,18403.51,1,20,8.2283,0.4319,1
26,60083.82,37364.44,48,578,23007.3,0,21,4.7505,0.6219,1
58,47497.75,42243.76,60,422,15829.58,0,21,4.1771,0.8894,1
65,63774.31,30499.41,60,571,3863.61,0,0,0.8226,0.4782,0
54,69886.99,7552.37,24,801,29862.36,1,6,5.1816,0.1081,1
64,109705.67,17017.15,24,568,35458.76,0,5,3.9562,0.1551,1
35,61538.61,24824.7,60,517,6886.49,0,21,1.4235,0.4034,1
34,101011.39,34503.79,48,458,34237.09,0,0,4.1527,0.3416,1
26,52273.49,17375.7,48,659,31653.49,3,6,7.3495,0.3324,1
57,61960.85,42333.97,36,764,22772.48,0,13,4.6381,0.6832,1
52,61482.78,19845.91,60,843,24045.96,0,5,4.7578,0.3228,1
23,58147.3,4056.14,60,547,26236.94,0,9,5.4285,0.0698,1
23,55459.33,40111.73,48,590,21228.08,3,17,4.774,0.7233,1
42,146179.45,32922.71,36,335,33851.54,1,15,2.854,0.2252,1
42,74522.6,40493.91,60,365,19226.9,0,11,3.2047,0.5434,1
30,37480.18,18746.71,48,726,22108.58,0,10,7.2035,0.5002,1
23,199996.47,2846.25,48,456,1952.23,1,23,0.1207,0.0142,0
32,39095.72,5540.14,48,420,7612.75,3,7,2.3721,0.1417,1
49,48867.25,7366.44,36,491,36199.23,0,14,8.9394,0.1507,1
68,29780.87,40647.08,36,775,5302.1,0,22,2.5914,1.3649,1
37,75377.76,16468.87,48,653,36209.95,0,11,5.8192,0.2185,1
27,135150.1,49899.13,36,842,25619.01,1,22,2.3978,0.3692,1
33,20036.3,38402.64,36,656,36844.89,0,6,22.7058,1.9167,1
22,41505.34,30855.44,36,830,32665.08,0,15,9.6919,0.7434,1
24,95795.23,49213.73,36,779,34678.7,0,3,4.5153,0.5137,1
30,25962.53,17182.84,24,372,21213.12,0,0,10.1357,0.6618,1
59,69191.23,9949.55,60,690,33099.28,0,24,5.7692,0.1438,1
44,22452.01,37389.1,60,375,18690.85,2,0,10.3228,1.6653,1
37,62614.9,15348.0,36,487,2244.83,0,20,0.5119,0.2451,0
26,51363.88,48129.77,48,637,26228.65,1,14,6.362,0.937,1
39,358810.54,49427.33,60,775,29273.9,1,13,1.0066,0.1378,0
25,76625.17,46467.41,36,605,4511.17,0,24,0.9086,0.6064,0
52,13313.66,47348.56,60,461,32728.32,0,14,30.2103,3.5564,1
30,46870.9,31551.43,48,346,3469.36,0,1,1.0565,0.6732,0
29,80384.58,35221.7,36,323,17943.76,0,15,2.8247,0.4382,1
47,38257.9,6523.82,48,635,19772.99,0,4,6.2446,0.1705,1
33,37274.24,38626.41,60,583,1951.9,0,10,0.8356,1.0363,1
39,38382.36,11699.04,24,473,3099.28,1,10,1.1214,0.3048,1
41,68070.25,42335.65,48,606,18300.44,0,0,3.3816,0.6219,1
44,23082.68,48153.53,36,529,12794.68,1,1,7.3469,2.0861,1
58,34999.34,12194.13,36,417,32728.36,0,0,11.3375,0.3484,1
24,91106.83,5745.49,48,352,16847.26,0,2,2.2348,0.0631,1
44,36598.56,25226.73,24,491,4668.32,0,19,1.8753,0.6893,1
55,35307.7,39994.37,60,822,6736.2,3,0,2.516,1.1327,1
23,21465.15,38990.73,60,440,27102.19,0,16,15.5147,1.8165,1
24,72225.49,35447.29,60,412,38027.58,0,1,6.4163,0.4908,1
57,63276.14,41393.41,60,563,34849.09,0,13,6.7398,0.6542,1
60,87852.86,10399.44,60,790,5615.03,0,19,0.7906,0.1184,0
68,45809.19,33293.01,36,643,1146.54,0,1,0.5426,0.7268,0
55,59246.93,31072.61,36,822,1544.33,2,17,0.4876,0.5245,0
51,58948.63,9364.72,48,398,22416.51,0,7,4.603,0.1589,1
64,20847.87,21892.5,48,772,19692.96,1,7,11.5978,1.0501,1
45,201202.5,42921.43,60,322,1029.17,0,6,0.104,0.2133,1
60,88153.52,48646.49,60,538,2756.35,0,10,0.4856,0.5518,1
33,51400.33,33940.65,60,562,39990.3,0,19,9.4683,0.6603,1
24,42850.42,46253.17,24,624,38615.18,0,6,11.3537,1.0794,1
66,108485.58,8338.36,48,686,5505.63,0,21,0.6282,0.0769,0
34,51924.93,48802.91,36,421,6981.95,0,6,1.9268,0.9399,1
33,84810.4,3608.31,60,599,36056.43,0,16,5.1102,0.0425,1
47,34654.63,27308.45,48,616,20543.86,0,14,7.3108,0.788,1
26,28990.7,15968.4,24,319,38340.05,0,20,16.1453,0.5508,1
37,44487.27,41067.64,24,841,21053.42,1,20,6.1405,0.9231,1
56,49332.9,12442.09,60,599,23300.35,0,6,5.7181,0.2522,1
60,63203.38,2553.44,36,769,9195.37,0,19,1.7593,0.0404,1
69,118200.72,21901.25,48,385,35105.0,1,16,3.6103,0.1853,1
55,95532.24,5077.18,36,704,33087.6,0,18,4.1739,0.0531,1
37,108099.14,15924.44,60,411,13828.21,0,13,1.5645,0.1473,1
61,31584.9,32899.89,60,438,24688.73,0,19,9.5883,1.0416,1
22,41070.37,16145.75,24,309,13986.97,3,4,4.2833,0.3931,1
33,87622.87,13798.07,24,590,18826.75,0,11,2.6571,0.1575,1
22,101617.24,9463.79,48,678,34215.27,2,23,4.0638,0.0931,1
48,76504.99,8488.27,60,537,16909.17,0,23,2.6744,0.111,1
63,34974.37,27241.15,60,629,33702.34,0,11,11.7193,0.7789,1
46,26239.71,34712.34,48,484,38424.95,0,1,17.9033,1.3229,1
42,56375.31,23731.19,36,724,16945.59,0,3,3.7473,0.421,1
67,28708.98,7932.95,24,622,35162.51,0,1,14.8357,0.2763,1
63,64626.81,33092.3,60,781,12507.34,0,4,2.4248,0.5121,1
23,103819.71,28741.85,60,657,613.14,1,19,0.1262,0.2768,0
55,54910.14,20301.22,36,661,3837.41,0,1,0.9619,0.3697,1
32,22392.97,17842.25,36,335,29615.5,0,12,16.136,0.7968,1
44,36113.52,10791.34,36,815,4457.18,0,2,1.5807,0.2988,0
25,82356.28,9022.37,24,629,37596.81,0,14,5.5329,0.1096,1
40,65143.83,18261.04,48,568,34729.89,0,18,6.4676,0.2803,1
59,68345.8,3998.29,60,369,20836.62,3,15,3.6701,0.0585,1
59,141687.29,22958.12,24,818,23469.65,3,13,2.0687,0.162,1
33,60442.12,30875.55,36,677,27926.75,0,22,5.7148,0.5108,1
61,59308.88,47199.41,60,592,29394.49,1,3,6.1066,0.7958,1
65,81961.53,32039.75,60,585,19902.66,0,16,2.9921,0.3909,1
32,24248.33,31955.65,24,659,12879.31,0,20,7.0326,1.3178,1
33,37531.42,19971.91,36,823,36454.48,0,21,11.833,0.5321,1
30,31473.72,8399.22,36,636,2339.46,0,21,0.9809,0.2669,0
53,72616.57,23453.01,48,841,14565.33,1,11,2.4877,0.323,1
60,28241.24,30736.46,36,335,26826.98,0,1,11.7618,1.0884,1
36,68738.78,36753.61,24,787,35697.32,0,20,6.4992,0.5347,1
65,43042.28,41652.17,48,678,3431.85,3,19,1.1987,0.9677,1
55,39588.99,14284.55,48,643,26528.7,0,13,8.1314,0.3608,1
23,84719.1,13578.56,48,529,19739.54,2,20,2.8361,0.1603,1
25,22041.91,29134.39,48,696,27616.31,0,22,15.3652,1.3218,1
46,36562.91,29168.73,48,720,13029.5,1,2,4.4757,0.7978,1
31,284279.2,12461.49,24,701,28572.7,0,15,1.228,0.0438,1
27,148784.04,30198.81,60,787,7620.34,0,7,0.6552,0.203,0
30,16503.88,18602.18,36,345,31128.28,2,11,23.0091,1.1271,1
62,36151.22,32687.12,60,453,30099.3,0,8,10.172,0.9042,1
54,50903.61,15970.15,60,560,37898.07,1,0,8.9968,0.3137,1
23,21020.97,30430.01,36,586,7342.34,1,0,4.674,1.4476,1
28,164525.13,38878.88,36,630,29018.94,0,8,2.1953,0.2363,1
51,49898.63,49047.62,60,771,13244.68,0,14,3.3818,0.9829,1
31,43846.36,45731.27,36,568,11633.35,0,9,3.5315,1.043,1
65,61613.68,26169.86,48,456,16363.03,2,16,3.2931,0.4247,1
27,61027.4,25440.76,36,728,11765.46,0,1,2.4524,0.4169,1
65,29359.97,23009.6,36,551,10303.64,0,2,4.4725,0.7837,1
22,107922.74,3332.03,48,566,30851.22,0,22,3.4381,0.0309,1
26,54026.05,9965.82,48,358,28130.39,0,9,6.2943,0.1845,1
61,107500.19,4841.08,48,470,4819.66,0,18,0.5493,0.045,0
52,34704.23,35425.04,36,618,22627.17,2,8,8.1643,1.0208,1
40,16687.95,21835.26,48,697,13574.6,0,17,10.0884,1.3084,1
54,116119.43,5060.95,48,314,38855.87,0,2,4.0263,0.0436,1
36,76438.2,35147.6,24,761,17289.19,0,8,2.9441,0.4598,1
45,98807.59,32932.92,24,437,2102.66,0,21,0.422,0.3333,1
32,102522.67,36558.22,36,449,13602.79,0,10,1.711,0.3566,1
27,49591.31,30792.04,48,599,12851.96,2,8,3.2651,0.6209,1
59,39333.86,9753.9,36,722,722.57,0,4,0.3031,0.248,0
37,46397.14,4946.83,24,718,19767.4,0,19,5.1659,0.1066,1
65,68244.76,41222.77,24,492,36278.95,1,17,6.6812,0.604,1
31,57885.55,12358.83,48,582,32191.37,0,11,6.7268,0.2135,1
26,16358.31,28041.4,36,553,27543.81,1,16,20.7768,1.7142,1
43,45656.46,25290.42,24,803,14069.62,0,20,3.9749,0.5539,1
47,114500.92,46210.52,60,612,9662.57,0,16,1.0934,0.4036,1
66,48982.21,28517.11,48,577,14033.35,0,15,3.5835,0.5822,1
26,186227.51,29840.81,36,609,5360.84,0,21,0.3989,0.1602,0
58,27539.52,17336.24,60,485,4429.8,0,21,2.0561,0.6295,1
22,60422.62,48017.35,48,523,23194.04,0,13,4.805,0.7947,1
42,27140.85,31393.94,48,721,32652.76,0,22,14.7262,1.1567,1
40,29338.46,2239.06,24,326,4425.94,0,8,1.8485,0.0763,1
45,29502.6,28691.95,36,680,13739.89,0,21,5.9128,0.9725,1
35,184574.41,19465.54,24,619,5348.79,2,12,0.4005,0.1055,1
69,42138.35,3541.39,60,430,12763.99,1,2,3.6517,0.084,1
49,32158.01,22714.39,60,822,33295.4,1,23,12.5657,0.7063,1
28,48941.21,39131.19,60,579,1876.45,0,4,0.62,0.7996,0
57,42896.75,26181.89,60,584,26064.94,0,23,7.4135,0.6103,1
69,79767.45,32694.04,60,496,2863.55,0,7,0.5128,0.4099,1
53,14420.96,32707.59,36,574,17348.56,0,2,15.1921,2.2681,1
42,27645.87,34208.93,36,367,19225.09,0,22,8.7573,1.2374,1
67,81462.93,20604.62,48,532,16359.65,1,15,2.4731,0.2529,1
25,36564.12,19760.23,48,521,25676.73,0,3,8.562,0.5404,1
59,31164.32,2220.06,36,752,38959.7,0,8,15.0254,0.0712,1
38,30338.69,9402.68,48,603,11058.34,2,6,4.4514,0.3099,1
58,75673.77,47638.89,24,699,24585.88,0,17,4.2135,0.6295,1
57,73716.29,42436.0,36,619,14521.65,0,16,2.5558,0.5757,1
50,87079.09,15205.2,24,563,39980.28,0,21,5.5968,0.1746,1
51,24401.04,21257.21,60,664,38064.37,0,5,18.8936,0.8712,1
30,23550.61,47116.22,60,688,4189.41,0,9,2.5348,2.0006,1
35,96994.53,14021.34,48,526,38957.04,0,4,4.8558,0.1446,1
62,55440.98,27561.58,36,755,29661.72,0,14,6.5859,0.4971,1
68,34078.86,3059.83,60,604,39697.62,0,1,13.9965,0.0898,1
64,44609.61,31747.27,48,804,30952.55,0,14,8.5042,0.7117,1
38,23374.49,46643.53,24,627,5592.87,1,8,3.869,1.9955,1
43,35676.14,44467.68,36,820,30143.52,0,5,10.5545,1.2464,1
53,53934.67,26094.52,48,619,29201.79,0,3,6.6181,0.4838,1
36,60638.37,33182.81,60,791,7086.06,2,22,1.5117,0.5472,1
58,46515.53,29350.31,24,760,30250.33,0,13,8.1194,0.631,1
55,43746.94,5214.76,24,834,27153.52,2,8,7.5079,0.1192,1
54,76111.46,9618.73,48,743,39780.54,0,23,6.3035,0.1264,1
48,46127.94,48263.23,36,742,24940.21,1,0,6.8369,1.0463,1
22,37486.3,14286.5,48,526,16877.08,0,18,5.4979,0.3811,1
50,31027.27,20453.56,60,826,38179.64,0,9,14.8981,0.6592,1
33,16974.09,26429.33,36,815,25299.74,0,17,18.4049,1.557,1
61,72399.26,48998.34,60,717,14270.97,2,18,2.5007,0.6768,1
36,117965.91,35119.69,24,400,1331.3,0,20,0.2843,0.2977,1
25,29854.58,32220.73,24,707,30387.26,0,5,12.7537,1.0793,1
48,22878.84,27171.2,60,704,5221.28,0,2,2.9761,1.1876,1
59,33737.5,35632.37,60,429,36984.94,1,17,13.3663,1.0562,1
65,58356.18,33872.76,24,818,38474.97,0,20,8.202,0.5804,1
40,36200.2,45336.36,48,334,9838.64,0,19,3.5745,1.2524,1
44,35824.42,28008.09,48,453,4955.81,0,20,1.8555,0.7818,1
47,46641.5,22232.12,48,701,24015.14,3,9,6.2978,0.4767,1
50,52077.35,40743.78,60,363,8942.41,0,19,2.217,0.7824,1
65,61141.82,40389.6,60,528,21902.68,0,3,4.4308,0.6606,1
47,41064.87,10152.15,24,552,16861.08,0,7,5.0508,0.2472,1
46,40628.55,13366.02,36,787,31785.0,1,15,9.4976,0.329,1
27,15472.33,48014.64,48,314,39994.53,0,21,31.7947,3.1033,1
62,85940.58,23317.26,48,639,18543.78,0,1,2.6571,0.2713,1
67,57035.07,26943.71,48,662,27558.19,0,18,5.9163,0.4724,1
58,121374.77,16887.69,24,479,14001.31,0,14,1.4538,0.1391,1
25,66613.76,25091.41,36,514,34568.81,0,7,6.3529,0.3767,1
43,46903.24,37681.12,36,453,1959.63,1,16,0.7692,0.8034,1
48,20098.32,25152.56,36,344,19994.13,1,12,12.355,1.2515,1
54,18393.31,17109.66,48,651,7482.63,0,21,5.1143,0.9302,1
35,91950.8,6608.05,60,320,7485.31,0,2,0.9912,0.0719,1
52,68660.48,46556.55,48,668,21553.33,2,24,3.9365,0.6781,1
46,118094.44,43839.58,36,377,12658.06,0,9,1.41,0.3712,1
68,85712.08,39985.52,24,418,18630.7,0,12,2.8416,0.4665,1
51,39234.89,35315.41,36,658,12573.57,2,10,4.1457,0.9001,1
39,12331.96,26744.47,48,813,18475.22,3,0,18.5201,2.1687,1
29,70453.78,45075.05,60,802,11793.85,0,13,2.1367,0.6398,0
49,26644.56,40001.67,36,331,32240.28,1,1,15.0206,1.5013,1
59,43888.99,41168.52,60,657,22534.21,0,21,6.3488,0.938,1
24,62772.14,16858.42,36,361,6876.62,0,11,1.4041,0.2686,1
23,33577.54,22326.0,60,396,834.09,0,3,0.4311,0.6649,1
49,29878.66,35926.51,60,677,1191.03,3,11,0.7188,1.2024,0
31,40769.67,19810.99,36,795,17156.76,0,0,5.2118,0.4859,1
53,14361.29,25710.78,24,751,12907.69,0,9,11.6805,1.7903,1
58,26364.83,33032.62,48,514,10853.39,0,3,5.2532,1.2529,1
31,26137.21,23012.4,48,383,25105.57,0,1,11.7465,0.8804,1
47,42552.39,40065.9,36,705,32621.34,0,24,9.5132,0.9416,1
53,27769.83,7581.38,60,406,3003.51,0,22,1.3525,0.273,1
41,35972.4,36466.71,48,788,4843.96,0,21,1.8693,1.0137,1
59,37534.7,8970.08,60,656,15065.47,0,24,4.8643,0.239,1
51,175713.73,47016.3,24,430,17938.72,0,12,1.3589,0.2676,1
58,77788.02,17073.81,36,321,16111.59,0,7,2.5586,0.2195,1
66,45604.9,40180.75,24,525,25726.15,0,1,7.2098,0.8811,1
22,64180.0,27028.01,60,405,3945.0,2,2,0.8218,0.4211,0
47,85172.14,6372.18,60,693,20041.76,0,14,2.8387,0.0748,0
56,58259.45,29964.17,36,400,32563.91,0,6,6.8788,0.5143,1
31,26361.67,45784.53,60,447,37174.14,0,9,17.2693,1.7368,1
67,45152.2,9547.25,36,529,22634.86,1,19,6.0861,0.2114,1
38,27295.16,17422.73,36,386,5967.76,0,10,2.8364,0.6383,1
21,40237.41,23079.62,24,822,29235.17,0,21,9.0056,0.5736,1
55,44563.95,15202.55,48,392,31955.1,0,24,8.69,0.3411,1
55,92184.55,47301.41,48,452,8253.49,0,22,1.2027,0.5131,1
51,30440.46,20120.01,60,722,27261.45,1,13,10.879,0.661,1
48,29011.88,33586.98,48,653,37255.33,0,18,15.6991,1.1577,1
59,31883.37,12748.0,60,708,28894.25,0,13,10.9549,0.3998,1
21,34016.34,12545.88,48,386,16914.94,0,21,6.0593,0.3688,1
45,40501.68,10440.77,24,510,17989.14,0,22,5.4588,0.2578,1
63,59730.26,22870.99,48,682,3642.49,2,0,0.8275,0.3829,1
58,30605.5,27577.19,60,823,21281.53,0,6,8.5244,0.9011,1
40,52519.26,2515.91,60,452,32206.04,0,4,7.3683,0.0479,1
23,52910.18,41980.32,48,304,39150.62,0,6,9.0777,0.7934,1
22,68336.92,26612.19,36,375,16272.5,0,12,2.9873,0.3894,1
38,43197.38,9546.08,24,710,17697.02,0,6,5.0266,0.221,1
64,80761.11,5230.08,36,303,2663.17,0,21,0.4173,0.0648,1
30,61170.4,5033.57,48,671,31117.29,0,18,6.125,0.0823,1
25,59546.21,14366.89,36,382,28807.98,1,24,5.8859,0.2413,1
29,35227.67,25966.02,48,730,16415.56,0,12,5.7761,0.7371,1
22,57799.65,43291.5,60,771,28516.39,0,15,6.0702,0.749,1
54,60558.96,45342.34,36,661,25109.5,0,20,5.2251,0.7487,1
58,34250.15,41951.74,24,711,30875.22,0,24,11.43,1.2249,1
51,100365.07,17771.05,36,334,12908.64,0,14,1.6024,0.1771,1
30,236594.63,16714.77,60,541,26207.34,1,18,1.3434,0.0706,0
32,33048.17,49398.0,60,379,25212.04,1,6,9.4536,1.4947,1
56,36970.98,34701.47,60,374,4074.37,0,4,1.5102,0.9386,1
41,37533.34,16637.69,36,583,11597.63,0,13,3.8557,0.4433,1
69,22342.87,17795.85,60,537,34477.93,0,22,18.6768,0.7965,1
67,28976.07,22862.93,60,636,6667.22,0,15,2.9189,0.789,1
26,81988.71,31846.72,36,830,15492.77,0,23,2.397,0.3884,1
68,46666.97,45103.0,36,382,9396.81,2,10,2.7385,0.9665,1
69,155035.56,11518.74,48,617,6037.32,0,23,0.4859,0.0743,0
23,41229.02,6051.36,36,596,5888.25,0,20,1.7627,0.1468,1
30,62932.03,21476.1,60,641,14244.23,0,10,2.7844,0.3413,1
25,28493.28,13781.86,24,723,32237.2,3,11,13.8186,0.4837,1
66,45884.89,29649.57,60,318,38669.48,0,20,10.2422,0.6462,1
46,51673.1,35562.31,60,303,23087.54,0,12,5.4992,0.6882,1
41,13870.91,16915.33,60,766,25591.36,0,7,22.3835,1.2195,1
65,29882.33,34901.66,36,489,31260.38,0,5,12.9427,1.168,1
46,71794.15,18471.07,24,580,26641.15,0,21,4.5816,0.2573,1
58,69536.04,32478.47,60,362,34008.71,0,1,5.9624,0.4671,1
64,23178.37,32386.92,36,553,35420.03,0,22,18.8036,1.3973,1
46,39475.0,15351.67,48,301,25294.47,0,9,7.7865,0.3889,1
28,11828.08,32514.69,24,366,21555.98,0,22,23.2438,2.7489,1
25,48919.81,20285.84,24,585,15946.52,0,21,4.119,0.4147,1
35,104420.36,18149.84,36,431,18732.44,1,1,2.2107,0.1738,1
36,107170.16,15885.81,48,347,14145.59,1,10,1.621,0.1482,1
21,104908.23,18590.97,60,346,17365.17,0,4,2.0218,0.1772,1
36,67250.57,39763.75,48,530,36038.54,0,5,6.5784,0.5913,1
57,98215.84,13768.58,24,583,38908.69,0,15,4.824,0.1402,1
23,43758.55,34735.4,36,848,14780.59,0,19,4.3179,0.7938,1
67,35842.07,45229.79,48,327,9213.31,0,9,3.4001,1.2619,1
51,97184.75,18820.59,60,710,3588.53,0,13,0.4818,0.1937,0
33,58283.58,3416.58,48,772,33558.77,1,5,6.9241,0.0586,1
36,16694.88,3181.09,48,521,34891.31,0,4,25.1269,0.1905,1
63,101716.7,8696.14,36,675,18293.65,1,9,2.1867,0.0855,1
41,42962.8,7282.15,36,308,21925.5,0,11,6.1805,0.1695,1
22,32850.58,37908.09,24,712,29722.94,0,24,11.4345,1.154,1
47,88198.28,16152.83,36,770,15346.18,1,21,2.149,0.1831,1
58,81343.74,33320.47,48,369,8458.86,0,16,1.3503,0.4096,1
46,27608.3,4037.86,60,641,5029.98,0,15,2.2155,0.1463,1
58,44611.52,16195.53,24,365,9792.03,0,9,2.8155,0.363,1
66,28422.68,13239.02,36,369,25990.69,3,16,11.1285,0.4658,1
45,28877.94,15290.26,48,560,14233.56,1,1,6.047,0.5295,1
31,8138.38,11154.45,48,831,34774.28,0,1,51.6172,1.3706,1
28,26678.27,31659.97,24,695,3958.01,1,13,2.3737,1.1867,1
28,44236.77,33808.3,24,657,16946.61,0,3,4.9792,0.7643,1
53,8955.53,9126.34,36,657,10650.02,0,11,14.6102,1.0191,1
27,21523.24,37575.01,36,691,35564.03,2,1,20.4102,1.7458,1
58,70560.87,14002.18,60,675,32345.44,1,13,5.5405,0.1984,1
41,21007.15,15580.28,24,485,39380.19,0,23,22.8661,0.7417,1
28,44607.64,41782.8,24,604,5211.28,0,23,1.8702,0.9367,1
41,18178.25,45255.96,48,363,31398.62,0,17,21.3496,2.4896,1
40,62671.53,41588.3,60,477,5471.53,0,24,1.1804,0.6636,0
28,40317.77,9092.62,36,534,6623.43,0,24,2.0465,0.2255,1
66,28265.45,49964.85,60,339,2048.05,0,8,1.223,1.7677,1
51,10029.64,34263.46,60,586,18855.96,0,24,23.2435,3.4162,1
49,28672.12,26512.09,48,558,5472.33,0,22,2.5215,0.9247,1
68,73046.03,47832.39,24,766,14259.84,0,24,2.67,0.6548,1
29,124248.07,41234.26,24,539,11409.87,0,23,1.2679,0.3319,0
35,42978.08,35203.67,24,802,39066.02,0,7,11.3173,0.8191,1
50,46163.78,42243.07,36,841,26501.38,0,6,7.1939,0.9151,1
46,32647.44,20502.4,24,650,16713.02,0,12,6.4571,0.628,1
30,102495.07,34853.05,60,840,35198.92,0,1,4.1891,0.34,1
49,42429.73,11147.84,60,611,3021.86,0,1,0.9072,0.2627,0
36,83804.1,49424.03,24,407,13703.18,0,15,2.2571,0.5898,1
56,56892.88,30271.12,60,329,20826.41,0,15,4.4992,0.5321,1
40,52772.38,41083.39,36,608,2628.09,2,23,0.8571,0.7785,1
65,26578.19,21552.31,24,785,6261.42,1,17,3.2325,0.8109,1
57,142850.91,38412.26,36,345,35854.38,0,1,3.1015,0.2689,1
42,118132.27,20594.48,24,658,7595.23,0,6,0.8587,0.1743,0
27,191859.26,30320.24,36,436,36905.45,0,6,2.361,0.158,1
43,25345.74,39350.47,36,730,4294.77,0,16,2.5509,1.5525,1
61,57435.53,7590.75,36,550,35584.49,0,22,7.4787,0.1322,1
60,30455.19,19125.72,60,732,18421.61,2,11,7.3841,0.628,1
49,63971.76,28156.97,36,506,23143.98,0,12,4.4881,0.4401,1
36,58415.35,18031.89,48,745,11624.08,3,4,2.4651,0.3087,1
58,38238.88,16840.03,36,358,11296.92,0,14,3.692,0.4404,1
48,42737.33,15519.88,36,505,19939.27,0,20,5.7197,0.3631,1
68,171864.37,12934.01,36,630,14554.39,0,1,1.0413,0.0753,0
58,45198.21,42747.42,36,824,3569.01,0,5,1.2628,0.9458,1
51,13074.96,46337.08,24,457,14470.49,0,3,15.0528,3.544,1
34,35536.28,35608.13,60,403,10560.89,0,22,3.7666,1.002,1
53,25408.49,3439.98,60,658,34060.76,0,12,16.1134,0.1354,1
29,28229.98,39739.19,60,664,33621.87,0,1,14.5735,1.4077,1
47,75027.39,27533.11,24,478,6088.44,1,23,1.1573,0.367,1
44,83662.63,38389.28,36,657,29337.73,0,4,4.361,0.4589,1
33,29559.82,22992.24,36,563,18308.13,0,7,7.6916,0.7778,1
46,35227.74,3981.53,60,848,34806.0,1,15,11.8789,0.113,1
49,32244.56,34723.76,48,652,11322.57,1,6,4.483,1.0769,1
69,121888.57,23318.17,36,663,3980.61,0,2,0.4557,0.1913,1
63,85176.37,43954.09,36,549,32119.63,0,24,4.6972,0.516,1
48,73582.64,37430.62,36,419,34800.15,0,8,5.8448,0.5087,1
48,26390.66,19258.96,24,491,33700.19,3,12,15.6886,0.7298,1
28,17578.72,36755.93,36,361,13507.33,1,1,9.9177,2.0909,1
43,102568.52,25770.01,60,509,1719.18,1,18,0.2514,0.2512,1
49,155026.3,11573.31,36,351,6014.81,0,10,0.4905,0.0747,1
25,17086.74,22154.54,60,612,36815.07,2,9,26.1145,1.2966,1
62,188130.67,12682.99,48,578,14880.73,0,10,0.966,0.0674,0
27,45999.82,2238.87,24,687,35268.23,1,16,9.2248,0.0487,1
62,54225.4,13846.2,48,501,39242.12,0,16,8.7481,0.2553,1
56,22231.57,12057.02,36,438,16130.69,0,2,8.8877,0.5423,1
61,16901.28,2208.17,48,318,31169.62,0,11,22.1633,0.1307,1
47,12603.35,39628.42,36,620,7180.02,0,2,7.8844,3.1443,1
66,90988.96,5695.28,60,394,15658.08,0,4,2.0776,0.0626,1
22,46646.73,23554.84,36,429,28354.71,0,5,7.4626,0.505,1
45,64632.29,22058.39,24,404,8680.86,2,19,1.7824,0.3413,1
29,96748.51,10707.59,48,496,13131.94,0,9,1.6565,0.1107,1
47,46282.55,48409.69,36,559,22771.18,0,10,6.2527,1.046,1
21,135087.76,30979.21,60,338,27802.86,0,22,2.5156,0.2293,1
43,29874.23,41048.63,48,800,14596.71,0,18,6.2068,1.374,1
30,38155.77,25814.75,24,430,15383.76,0,19,5.1765,0.6766,1
62,28518.46,36694.97,36,453,4839.79,0,10,2.4654,1.2867,1
45,80927.08,48549.4,24,620,39370.45,0,20,6.1379,0.5999,1
23,95619.88,18723.46,60,421,24683.33,3,7,3.1368,0.1958,1
26,37355.91,26204.66,48,443,21447.94,0,8,7.0652,0.7015,1
26,21249.99,26697.77,48,485,8848.45,0,2,5.3109,1.2564,1
22,102576.77,49615.75,48,846,19777.2,1,0,2.4346,0.4837,1
38,28898.66,13188.76,60,510,18168.79,0,1,7.6358,0.4564,1
43,38496.38,34414.76,36,699,10713.08,0,1,3.6374,0.894,1
22,25746.3,8635.02,36,332,18127.84,3,2,8.5609,0.3354,1
32,58248.59,46499.53,36,458,8539.44,0,17,2.0253,0.7983,1
42,30884.9,30338.33,24,705,28553.89,0,16,11.5855,0.9823,1
57,74670.8,43251.75,60,663,36397.01,0,11,5.965,0.5792,1
40,35036.45,44971.59,48,462,602.26,0,5,0.5272,1.2836,1
59,67690.88,28741.28,60,430,22472.13,0,6,4.0687,0.4246,1
44,28146.8,34736.35,60,395,29426.61,0,16,12.7925,1.2341,1
68,102309.49,35538.59,60,569,36334.23,1,8,4.3312,0.3474,1
40,36317.62,24103.08,48,666,14657.62,0,22,5.0091,0.6637,1
21,51742.82,22872.24,48,664,36332.5,0,11,8.5366,0.442,1
21,24034.84,10937.03,24,733,33109.33,0,13,16.7582,0.455,1
37,48550.12,20427.9,60,360,21245.98,0,10,5.3355,0.4208,1
21,24576.05,49556.33,36,622,10649.25,0,3,5.872,2.0164,1
65,47746.6,14953.36,24,507,26286.25,0,18,6.763,0.3132,1
50,27531.34,38597.16,48,647,10792.06,2,5,5.0544,1.4019,1
61,44658.0,4848.68,48,344,14279.44,0,18,3.8642,0.1086,1
67,64831.87,24438.5,24,646,18946.07,0,15,3.6953,0.377,1
23,21516.96,4803.69,36,668,20170.04,2,15,11.3232,0.2233,1
66,47757.09,24838.4,60,833,7971.31,1,3,2.107,0.5201,1
31,62629.13,3322.52,60,657,27905.19,2,24,5.3574,0.0531,1
44,62470.08,31438.15,36,794,39680.69,0,4,7.7901,0.5033,1
42,154976.6,30152.44,60,359,10132.88,0,9,0.8235,0.1946,0
64,31360.2,40296.47,48,597,22404.32,0,4,8.8943,1.285,1
65,48938.27,29997.74,24,358,18461.26,2,8,4.8333,0.613,1
46,139892.99,46447.96,36,723,12657.27,0,17,1.1964,0.332,0
33,21505.12,39589.02,24,530,17081.32,0,22,10.4519,1.8409,1
21,12350.75,8367.51,60,747,29442.54,2,22,28.7419,0.6775,1
44,67598.63,14742.71,60,667,16882.21,0,5,3.0405,0.2181,1
30,91668.5,3259.07,48,328,20517.11,1,13,2.6947,0.0356,1
55,13821.58,20534.43,48,576,19350.96,0,19,17.1721,1.4857,1
44,40462.04,26457.74,60,678,22431.59,0,22,6.7834,0.6539,1
48,26615.21,47405.42,60,337,12002.08,0,15,5.7676,1.7811,1
56,59030.24,27068.84,48,506,20633.23,0,2,4.3091,0.4586,1
36,48035.3,39489.35,48,588,5826.23,0,24,1.661,0.8221,1
60,107513.07,14865.15,36,792,29784.68,0,0,3.3705,0.1383,1
36,21874.72,9351.6,48,524,4881.52,2,5,2.7848,0.4275,1
37,61797.62,40920.14,36,751,31505.89,2,0,6.3386,0.6622,1
35,71180.01,13876.41,36,327,33108.85,0,5,5.6467,0.1949,1
36,50524.09,43824.09,24,633,1252.96,0,20,0.7313,0.8674,0
35,14703.83,10152.79,48,672,33318.15,0,4,27.364,0.6905,1
54,62901.41,42876.15,36,600,26102.68,0,11,5.2069,0.6816,1
31,31621.95,39096.68,24,503,4327.92,0,5,2.2606,1.2364,1
21,17223.57,31338.59,24,678,39917.85,0,7,28.7213,1.8195,1
35,61176.7,42810.59,48,414,24810.94,0,24,5.0417,0.6998,1
46,77677.51,17874.09,48,319,16333.87,0,18,2.5809,0.2301,1
24,33886.1,9969.64,24,695,35465.97,0,4,12.7066,0.2942,1
63,80846.29,9537.95,36,351,2144.11,0,14,0.3576,0.118,0
25,81334.76,14977.23,48,485,28835.04,0,13,4.3003,0.1841,1
55,48510.1,23418.9,24,652,6177.18,1,15,1.7694,0.4828,1
33,70108.77,44049.1,24,413,22323.76,0,5,4.1351,0.6283,1
30,88063.71,6297.71,36,813,4289.71,0,16,0.6084,0.0715,0
31,67173.08,45931.62,60,845,27326.26,0,16,5.0184,0.6838,1
38,12429.27,46423.75,36,581,18864.67,0,15,19.4582,3.735,1
54,10805.29,36907.35,24,469,764.69,0,0,2.5571,3.4157,1
59,92933.32,45213.61,36,620,3320.23,0,17,0.5909,0.4865,0
61,32433.58,38959.36,48,665,28270.04,3,3,10.7598,1.2012,1
62,36403.68,27358.45,24,819,16278.58,0,21,5.7418,0.7515,1
43,152359.23,30836.01,36,409,27050.04,0,2,2.198,0.2024,1
27,31564.62,32154.77,36,843,15898.83,0,24,6.3839,1.0187,1
59,45112.81,8090.88,36,842,14786.68,0,2,3.993,0.1793,1
23,49388.9,11266.6,36,623,34269.1,0,12,8.4024,0.2281,1
32,43140.87,27121.7,24,311,34264.9,0,19,9.8454,0.6287,1
27,109803.63,7530.96,36,322,36831.42,2,3,4.048,0.0686,1
69,39153.22,48319.01,48,460,33009.34,1,10,10.4255,1.2341,1
46,75479.05,26342.11,60,563,5533.57,0,20,0.9496,0.349,0
53,51131.52,20244.13,60,679,3126.47,0,4,0.8129,0.3959,0
57,87566.99,9561.92,60,379,2807.51,0,1,0.4066,0.1092,1
68,21521.99,21993.63,48,570,39218.15,1,5,22.1223,1.0219,1
35,12681.03,16516.46,60,724,20295.49,0,24,19.466,1.3025,1
22,49903.65,6220.5,24,735,5049.21,1,4,1.2765,0.1247,1
61,29481.84,48416.25,24,377,21999.66,2,0,9.7756,1.6422,1
27,118057.6,14718.95,48,823,28556.71,0,24,2.9338,0.1247,1
52,46637.52,35142.57,48,410,4232.37,2,22,1.2774,0.7535,1
24,55930.47,6383.48,24,751,14182.96,0,22,3.1,0.1141,1
40,40765.08,45832.11,48,713,7919.05,0,10,2.6122,1.1243,1
56,33163.18,30356.07,48,559,39029.52,0,5,14.3516,0.9154,1
52,50741.74,33529.86,24,650,13070.03,0,16,3.4214,0.6608,1
48,90114.4,39525.65,24,483,27774.95,1,10,3.9179,0.4386,1
33,40637.55,31083.94,36,474,36778.14,0,6,11.1153,0.7649,1
21,38960.54,5403.56,36,685,34595.93,0,15,10.7019,0.1387,1
55,79450.55,22619.96,60,571,16061.98,0,19,2.4829,0.2847,1
68,17840.06,14577.44,48,485,12781.02,0,4,8.8014,0.8171,1
50,100015.79,25362.42,24,466,32465.3,0,6,4.022,0.2536,1
56,30217.84,21407.61,60,442,8603.75,1,2,3.5584,0.7084,1
45,86399.46,41673.59,36,792,28834.19,0,1,4.1656,0.4823,1
36,58472.23,13858.28,48,371,33493.82,0,0,6.933,0.237,1
39,14039.58,11662.45,60,643,34044.2,0,7,29.2646,0.8307,1
21,49371.25,47988.14,48,798,852.24,0,23,0.4501,0.972,0
25,107857.8,47576.8,60,446,20244.89,0,6,2.3406,0.4411,1
42,40858.44,49686.32,48,800,14624.84,1,9,4.5993,1.2161,1
44,43171.96,29282.27,48,637,39164.97,0,13,11.0558,0.6783,1
63,30932.23,7430.91,24,384,21991.0,0,8,8.6514,0.2402,1
65,100439.08,44248.05,48,442,17384.01,0,10,2.1871,0.4405,1
57,37132.57,8965.52,36,610,10152.36,0,0,3.3614,0.2414,1
56,143618.82,9468.53,24,668,33902.39,0,18,2.8657,0.0659,1
56,98046.88,11283.08,48,740,13115.15,0,20,1.6339,0.1151,1
24,109006.87,33364.1,36,366,33156.78,0,13,3.7521,0.3061,1
56,51436.54,7145.55,36,833,35718.52,0,17,8.3793,0.1389,1
38,36614.67,39357.52,60,640,2797.89,0,22,1.132,1.0749,1
36,65320.1,4796.08,24,401,20644.47,1,11,3.8293,0.0734,1
61,124392.23,7301.43,24,613,17104.77,0,21,1.6794,0.0587,1
38,142051.42,22855.38,60,409,16027.76,0,9,1.3861,0.1609,1
42,16085.63,20200.23,60,731,15172.97,0,17,11.5703,1.2558,1
22,248420.57,49506.0,60,641,21513.45,0,23,1.0791,0.1993,0
41,57027.31,48409.47,24,478,5642.95,0,2,1.6119,0.8489,0
56,78235.5,11104.73,36,433,34915.88,0,3,5.4028,0.1419,1
64,28647.75,47439.95,36,329,22540.33,1,20,9.9937,1.656,1
59,27487.71,35228.57,48,772,14210.87,2,21,6.5243,1.2816,1
67,20675.58,21624.47,24,684,10099.61,0,8,6.3847,1.0459,1
59,136242.45,37502.28,24,308,24854.26,0,11,2.3268,0.2753,1
49,32440.28,45206.77,60,435,31575.9,0,8,11.959,1.3935,1
46,46391.15,10646.79,24,589,17913.95,0,8,4.7486,0.2295,1
41,40912.13,11407.24,24,342,39388.71,0,15,11.6926,0.2788,1
37,26569.08,21618.6,36,404,21654.94,1,23,10.0517,0.8137,1
36,43504.82,10122.17,24,330,39167.0,0,4,10.9198,0.2327,1
51,51675.55,19299.08,36,518,38522.72,1,4,9.0702,0.3735,1
29,103700.97,32993.19,36,412,24189.91,3,13,2.9052,0.3182,1
51,25965.93,41015.27,24,559,23462.78,0,19,11.633,1.5796,1
34,34540.9,16492.88,36,311,4674.09,2,13,1.783,0.4775,1
69,68190.77,15523.07,60,770,37206.54,0,14,6.593,0.2276,1
57,50374.21,39427.66,36,639,32226.78,0,15,7.9379,0.7827,1
22,50934.06,20289.26,24,545,20268.31,0,6,4.9744,0.3983,1
68,27374.2,41286.82,60,549,12603.11,0,10,5.8265,1.5082,1
66,78204.09,49682.26,60,808,33622.57,0,3,5.2863,0.6353,1
34,114482.17,49024.1,24,603,12014.94,1,4,1.4735,0.4282,0
53,108304.28,33808.97,48,812,21903.38,0,13,2.5049,0.3122,1
55,43644.44,20010.23,36,660,8353.65,0,8,2.4497,0.4585,1
59,10406.92,5143.51,36,343,32278.29,0,22,37.3842,0.4942,1
67,56400.79,37425.95,48,618,30235.95,0,8,6.599,0.6636,1
40,52061.77,48942.43,60,788,12025.09,0,23,2.9597,0.9401,1
22,26612.3,5263.25,48,593,5135.56,0,10,2.3652,0.1978,1
61,29941.65,2296.05,24,808,7494.26,0,18,3.0419,0.0767,1
39,26975.0,41925.26,48,820,24846.01,0,18,11.4415,1.5542,1
57,57798.29,6908.43,60,625,6426.58,0,11,1.3582,0.1195,0
38,29928.21,5917.9,24,552,13144.96,0,14,5.3695,0.1977,1
36,54125.05,45696.13,24,607,33648.35,0,1,7.8823,0.8443,1
24,204010.08,5818.92,24,622,3730.04,0,11,0.2337,0.0285,0
32,43848.51,7472.85,36,335,23456.65,0,2,6.4762,0.1704,1
49,24440.08,29339.54,36,590,16293.14,3,14,8.4,1.2005,1
27,20496.17,38327.08,24,841,5252.47,0,13,4.0102,1.87,1
34,59756.98,21179.47,48,788,20622.68,0,18,4.2299,0.3544,1
32,163037.6,22188.28,36,535,20907.49,0,2,1.5842,0.1361,1
55,28539.38,32366.05,60,684,15434.41,0,14,6.7165,1.1341,1
25,13453.85,26260.41,36,660,2685.23,0,10,3.0457,1.9519,1
37,136554.56,2894.16,48,555,8671.25,0,21,0.7673,0.0212,0
62,221849.09,7451.99,36,658,16486.42,0,8,0.903,0.0336,0
52,77190.79,29916.8,48,842,11450.34,0,6,1.877,0.3876,1
30,63470.63,40095.8,48,324,6840.95,1,6,1.4513,0.6317,1
63,51023.18,38628.95,36,300,19735.16,0,6,4.8938,0.7571,1
37,73762.99,37522.71,48,657,16205.22,0,16,2.7635,0.5087,1
25,71745.69,39021.09,48,417,26765.14,0,3,4.6126,0.5439,1
65,58092.51,4133.29,60,778,22637.04,0,24,4.6903,0.0712,1
62,27684.13,44964.88,24,758,7204.96,1,3,3.9352,1.6242,1
29,57908.35,44685.59,24,412,27662.62,0,6,6.1182,0.7717,1
69,46210.03,27532.35,36,494,18882.53,1,1,5.1021,0.5958,1
53,30295.98,13932.53,48,319,4981.54,0,21,2.0881,0.4599,1
56,57827.28,30424.57,36,585,1228.86,0,4,0.4304,0.5261,0
56,36617.5,28778.52,36,757,25243.72,0,9,8.5346,0.7859,1
38,51054.1,12701.95,24,747,24936.52,0,17,5.9856,0.2488,1
29,64465.98,30950.25,48,384,32908.58,0,13,6.2458,0.4801,1
49,70185.16,40270.12,36,573,30616.12,0,2,5.4259,0.5738,1
34,37162.86,40693.13,36,702,35161.39,0,2,11.7187,1.095,1
45,64230.61,4865.5,24,552,12050.53,0,18,2.2892,0.0758,1
35,73858.65,11463.84,24,664,16820.34,0,20,2.8104,0.1552,1
26,87933.05,34074.72,24,559,2946.02,0,24,0.5958,0.3875,0
62,58859.97,43271.93,36,733,16748.24,0,12,3.6596,0.7352,1
49,70488.81,27018.42,48,421,9180.75,0,6,1.6588,0.3833,1
35,38069.17,35961.23,24,816,32310.03,0,5,10.6569,0.9446,1
49,230072.98,3011.46,24,842,26422.53,1,19,1.3847,0.0131,0
24,47170.92,31204.2,48,818,31376.77,0,12,8.1474,0.6615,1
38,96058.33,48171.64,36,311,23903.09,0,4,3.1532,0.5015,1
69,36605.16,33728.7,36,309,24118.52,0,5,8.2137,0.9214,1
64,61380.8,46269.23,48,456,9791.38,1,11,2.1027,0.7538,1
59,60021.29,29168.45,24,440,26957.95,0,7,5.6327,0.486,1
36,67284.71,42482.18,60,436,6186.82,0,24,1.2297,0.6314,1
31,29472.07,7959.8,48,699,11395.76,0,17,4.7075,0.2701,1
34,61924.15,7928.64,60,742,7607.93,1,23,1.4999,0.128,1
23,36690.58,7768.61,36,741,38005.9,0,14,12.5008,0.2117,1
62,80151.55,25464.78,36,566,35974.45,0,7,5.4919,0.3177,1
58,28942.39,17852.65,60,812,35056.03,0,12,14.6582,0.6168,1
65,58896.67,36520.92,24,576,38426.85,0,6,8.1394,0.6201,1
62,48195.23,45325.85,60,655,24697.47,0,15,6.3374,0.9405,1
38,149185.16,31729.99,24,392,35840.57,0,19,2.9893,0.2127,1
40,95862.72,12234.11,48,435,12028.4,0,24,1.5376,0.1276,1
68,111691.78,46682.09,36,410,15697.94,1,22,1.8259,0.418,1
45,30855.4,27337.15,36,343,18945.16,0,4,7.6633,0.886,1
58,38947.98,36557.39,60,510,4031.5,0,19,1.4298,0.9386,1
33,48901.29,44744.28,48,642,33075.38,2,21,8.3452,0.915,1
24,97414.98,49511.93,60,658,5207.44,1,14,0.7431,0.5083,0
34,61429.52,26291.07,60,660,32086.3,0,21,6.3535,0.428,1
53,31272.47,40787.01,60,630,36929.14,0,24,14.4315,1.3042,1
48,32075.74,29209.62,24,710,22929.32,0,22,9.0335,0.9106,1
57,100256.07,25349.79,36,807,7053.11,0,14,0.9285,0.2529,0
28,62630.27,27810.2,36,531,17749.89,0,0,3.5489,0.444,1
64,50588.36,25245.21,60,469,5984.71,3,3,1.5194,0.499,1
54,48135.14,22209.35,24,703,5202.0,0,19,1.5275,0.4614,1
64,83887.96,36738.59,36,533,30365.1,1,20,4.4896,0.4379,1
25,26039.63,13984.44,24,819,16024.95,0,20,7.6534,0.537,1
25,50570.14,31586.31,48,601,505.09,0,3,0.276,0.6246,1
51,52416.29,36222.09,24,399,2414.35,2,14,0.8983,0.691,1
65,23212.68,44820.36,24,552,32801.27,0,2,17.9223,1.9309,1
29,43284.9,17930.1,48,607,24978.08,0,5,7.0283,0.4142,1
62,193283.76,43308.76,36,686,33858.31,0,13,2.1768,0.2241,0
52,29702.76,47373.98,36,422,11310.02,2,1,5.1009,1.5949,1
53,52871.72,33136.61,24,431,12915.69,0,24,3.2448,0.6267,1
23,14097.08,39028.78,24,535,24866.43,0,21,22.5516,2.7686,1
50,45100.68,21473.93,48,520,26773.56,0,20,7.2427,0.4761,1
32,25729.03,47702.5,48,361,1547.41,0,15,1.1852,1.854,1
49,39692.1,34201.35,36,702,36334.99,0,2,11.2723,0.8617,1
23,63303.76,16887.53,36,470,32066.94,0,19,6.1676,0.2668,1
46,24947.79,21404.54,48,775,5708.6,2,5,2.9604,0.858,1
50,56648.5,31652.26,24,313,907.74,0,2,0.4717,0.5587,1
29,30703.62,13238.49,48,569,30882.01,0,22,12.1775,0.4312,1
46,21998.47,38187.89,36,353,36163.72,1,14,20.3057,1.7359,1
22,88399.57,12785.19,24,712,13223.15,1,4,1.8673,0.1446,0
23,27533.4,30405.88,60,430,13171.69,1,0,5.9615,1.1043,1
66,38013.51,35456.31,60,816,20827.44,0,24,6.7613,0.9327,1
24,34806.43,43267.9,48,600,27144.98,0,24,9.6694,1.2431,1
45,55833.56,37227.22,36,726,26082.95,0,16,5.8281,0.6668,1
33,49980.16,40343.6,24,415,30228.98,0,19,7.6614,0.8072,1
59,44394.06,45820.73,60,535,5002.38,0,11,1.5586,1.0321,1
64,32040.57,30693.03,24,312,21032.7,2,19,8.3562,0.9579,1
55,41806.97,42621.44,24,517,20500.01,1,9,6.3939,1.0195,1
43,58472.1,13129.87,24,628,38019.22,1,23,7.9148,0.2245,1
29,52613.91,41107.19,24,367,36770.94,0,1,8.7772,0.7813,1
22,96092.01,12640.96,48,690,30137.73,1,22,3.7965,0.1316,1
61,77482.42,46862.2,24,391,35138.13,0,7,5.7444,0.6048,1
64,95213.69,17838.72,60,403,29952.05,0,18,3.8124,0.1874,1
51,110419.84,10248.22,60,725,28959.05,0,15,3.1657,0.0928,1
64,54844.18,9112.1,48,603,9020.52,1,18,2.0152,0.1661,1
67,81811.48,10989.07,60,678,24881.48,0,8,3.6764,0.1343,1
22,59958.93,23481.93,24,647,36684.46,0,7,7.5377,0.3916,1
52,108668.54,27063.17,60,474,30130.69,0,16,3.3771,0.249,1
38,17104.31,45861.72,36,691,24386.55,1,14,18.0028,2.6813,1
33,40565.09,20288.71,24,704,10697.93,0,1,3.4147,0.5002,1
66,62695.46,12439.15,48,387,27306.32,0,3,5.2761,0.1984,1
25,69007.92,37703.41,36,548,14208.86,0,5,2.6529,0.5464,1
62,48504.74,8463.41,60,665,3076.74,2,14,0.7961,0.1745,1
64,18078.88,44829.6,36,388,9954.38,0,12,7.4339,2.4797,1
30,44066.95,21651.18,60,755,15874.71,0,2,4.4212,0.4913,1
63,79995.27,31464.39,60,714,39868.36,0,19,6.0593,0.3933,1
45,40562.9,10936.85,60,754,30524.61,0,15,9.0842,0.2696,1
54,51818.42,8985.4,48,810,11542.85,0,13,2.7164,0.1734,0
57,154806.24,40344.29,36,474,30614.4,1,3,2.46,0.2606,1
50,43821.23,22625.71,48,508,14626.83,1,9,4.1345,0.5163,1
27,44603.64,49363.66,60,612,24512.57,0,22,6.8161,1.1067,1
26,55077.89,27166.3,24,670,30704.89,0,22,6.9364,0.4932,1
23,56529.81,42591.34,24,612,29762.98,0,22,6.6947,0.7534,1
33,53144.55,49038.26,48,803,6031.31,0,3,1.5925,0.9227,0
23,62063.94,15495.21,24,385,33108.77,2,11,6.5264,0.2497,1
46,24003.64,40442.32,36,565,36956.05,0,4,19.0368,1.6848,1
44,45582.41,3056.3,24,519,9720.12,0,3,2.5924,0.067,1
26,23458.15,34628.2,24,594,13511.94,0,8,7.6501,1.4762,1
63,50694.88,37769.65,60,805,37558.8,0,19,9.0396,0.745,1
69,70456.13,24913.46,36,462,39355.2,0,0,6.8208,0.3536,1
62,45106.51,9781.05,36,426,18413.24,0,15,4.9709,0.2168,1
32,27775.14,31602.59,24,416,1864.23,0,7,1.3743,1.1378,1
69,37852.37,45081.38,60,705,37349.2,0,12,12.0787,1.191,1
56,144437.98,46703.32,24,655,1503.01,0,21,0.2865,0.3233,0
22,116987.01,37812.91,24,521,13543.27,0,17,1.5508,0.3232,1
31,35407.2,14658.24,48,675,4042.75,0,0,1.4736,0.414,0
59,35301.73,43775.69,60,613,20713.9,0,6,7.2892,1.24,1
54,45923.46,44663.51,48,449,1984.13,0,13,0.7616,0.9726,1
46,103136.34,19627.63,24,535,9403.66,0,7,1.1893,0.1903,1
38,17144.37,10783.12,24,467,18624.33,1,15,13.3504,0.629,1
41,35133.02,43983.65,60,794,3429.71,0,13,1.4218,1.2519,1
56,62742.32,44484.67,36,711,19476.72,0,9,3.9614,0.709,1
60,58543.64,6843.49,24,368,10972.0,0,8,2.3074,0.1169,1
66,37926.69,48415.25,24,566,11043.09,3,19,4.1323,1.2765,1
64,42134.62,27587.87,48,449,37512.87,0,6,10.8474,0.6548,1
42,59788.98,49699.05,48,824,27764.05,0,4,5.7802,0.8312,1
50,38321.34,23360.4,60,681,37214.46,0,13,11.7753,0.6096,1
63,25898.33,27597.6,48,673,23239.75,0,17,11.0346,1.0656,1
50,43859.98,14771.98,36,805,36333.31,0,18,10.053,0.3368,1
28,54918.97,45149.48,24,536,33578.41,0,7,7.7481,0.8221,1
54,13702.49,23298.18,48,624,39914.8,2,9,35.3806,1.7003,1
67,62027.55,41101.47,36,549,20372.59,0,10,4.1622,0.6626,1
29,87948.39,5827.25,24,750,27996.98,0,4,3.8531,0.0663,1
40,39562.87,39835.84,24,721,6846.43,1,14,2.5801,1.0069,1
60,39995.84,25531.67,36,515,37609.94,1,2,11.4969,0.6384,1
45,31475.02,2259.58,24,320,16250.53,0,23,6.2315,0.0718,1
39,44737.59,12860.62,36,604,36707.02,0,22,9.9418,0.2875,1
25,35069.84,11299.05,36,652,4478.15,1,6,1.6397,0.3222,1
31,116840.3,38084.7,48,744,20852.55,3,6,2.2231,0.326,1
35,52826.27,24905.71,60,565,555.32,0,20,0.2204,0.4715,1
28,13514.16,9666.48,36,467,16932.72,0,19,15.274,0.7153,1
39,69031.68,14326.54,48,357,3785.76,2,21,0.71,0.2075,1
43,137514.4,26195.69,24,623,18242.6,1,5,1.6872,0.1905,1
47,66532.17,2942.63,48,565,22453.89,0,21,4.0609,0.0442,1
60,100108.51,22358.03,36,361,34164.73,3,23,4.1698,0.2233,1
52,73593.26,34546.95,48,388,12169.58,0,5,2.1017,0.4694,1
46,88839.83,26852.22,60,715,22888.94,0,9,3.1522,0.3023,1
47,86281.97,30708.78,24,375,3125.04,0,19,0.6126,0.3559,1
39,86877.23,17677.67,48,704,36583.45,0,11,5.104,0.2035,1
62,59278.72,10787.63,24,664,18343.36,0,3,3.8043,0.182,1
49,17517.93,40867.58,36,684,10477.31,2,4,7.9547,2.3329,1
59,25499.81,45470.47,60,308,18797.62,0,22,9.2026,1.7832,1
61,25781.85,26515.55,60,814,19519.49,0,15,9.2909,1.0285,1
53,10771.32,16641.98,48,668,29860.21,0,12,33.6526,1.545,1
39,37765.12,26537.83,24,608,38995.68,0,0,12.7424,0.7027,1
57,114609.27,44191.3,24,469,7852.66,0,0,1.015,0.3856,1
39,20705.91,35187.5,48,446,2652.49,0,15,1.9621,1.6994,1
53,75875.2,43213.57,48,817,26400.44,0,20,4.3177,0.5695,1
67,67336.81,17762.21,48,379,35440.85,0,4,6.3818,0.2638,1
36,56273.63,36175.0,48,751,22819.15,0,16,5.0268,0.6428,1
43,99662.86,33346.35,60,765,3654.86,0,22,0.507,0.3346,0
27,47820.59,29437.59,48,711,17160.11,2,6,4.46,0.6156,1
46,122138.97,27354.79,24,594,26361.94,1,3,2.702,0.224,1
52,43490.82,28446.94,36,429,13457.88,1,1,3.9313,0.6541,1
32,60235.57,42784.21,24,464,33873.82,1,1,7.1034,0.7103,1
28,45027.95,45967.74,48,749,9375.4,0,3,2.7538,1.0209,1
25,28161.79,7417.3,60,806,14897.54,0,1,6.4007,0.2634,1
62,21852.02,29301.04,48,368,36699.09,0,0,20.4885,1.3409,1
48,69226.92,46083.6,36,799,23155.22,0,16,4.2357,0.6657,1
25,110015.01,8467.52,48,434,746.28,0,7,0.1006,0.077,1
69,56754.64,21817.25,36,801,10138.84,0,17,2.2719,0.3844,1
46,66727.41,6275.85,48,644,30255.99,0,8,5.4646,0.0941,1
25,19291.25,7446.87,60,353,2555.9,0,1,1.6671,0.386,1
42,61768.86,45397.32,24,631,39725.72,0,3,8.0851,0.735,1
35,14076.31,23416.62,36,719,35967.29,0,22,31.2165,1.6635,1
33,23924.34,35059.5,24,612,9341.16,0,6,5.4181,1.4654,1
48,109154.07,8667.89,48,437,35872.44,0,10,3.9635,0.0794,1
53,49423.93,3053.48,24,654,28129.2,1,7,6.8606,0.0618,1
63,52234.66,44743.23,60,801,17301.36,1,2,4.146,0.8566,1
43,68342.07,29578.19,60,524,8246.64,2,16,1.5346,0.4328,1
53,79132.44,2959.41,24,398,8408.35,0,3,1.2938,0.0374,1
63,41668.62,49632.3,24,606,23965.94,1,15,7.4974,1.1911,1
38,58439.68,25625.23,60,690,16934.42,0,2,3.565,0.4385,1
50,47018.33,24842.07,36,390,24010.63,0,19,6.3041,0.5283,1
46,19551.53,31803.88,36,673,13545.09,0,21,8.8557,1.6267,1
36,39628.19,2379.42,60,503,9587.94,1,15,2.9154,0.06,1
33,62807.41,29318.64,60,416,33543.95,0,0,6.5023,0.4668,1
59,38910.15,32215.23,36,365,36841.72,0,12,11.6381,0.8279,1
53,39122.6,16253.77,24,430,28357.66,1,16,8.9058,0.4155,1
46,78379.63,36888.92,24,685,6882.76,0,11,1.2891,0.4706,1
68,53996.33,20116.73,48,391,4146.26,1,15,1.0146,0.3726,1
21,60543.97,36453.11,36,376,21793.81,0,1,4.5203,0.6021,1
69,18493.34,8903.61,60,551,22238.91,1,9,14.5267,0.4814,1
58,64150.81,45857.5,48,619,25750.04,0,2,4.9955,0.7148,1
22,25208.45,44213.95,24,353,36293.93,1,11,18.154,1.7539,1
69,48304.85,9230.07,36,444,26048.36,0,20,6.5347,0.1911,1
26,25902.07,47045.79,48,385,36687.78,0,24,17.4509,1.8163,1
66,85798.37,28773.45,24,440,5149.05,1,5,0.8878,0.3354,1
58,146937.82,35679.18,60,344,28515.28,1,4,2.3773,0.2428,1
62,44866.87,42334.1,24,416,37133.93,0,23,10.4035,0.9435,1
44,44616.82,6011.36,24,446,18780.83,0,0,5.1186,0.1347,1
38,90984.99,10125.65,36,320,38717.05,0,22,5.1435,0.1113,1
47,69087.72,15938.76,60,835,22324.27,0,15,3.9237,0.2307,1
61,46968.4,24905.82,36,457,37747.48,0,7,9.8209,0.5303,1
28,61140.27,18610.62,60,775,30066.47,0,12,5.962,0.3044,1
48,165692.36,26280.63,48,347,18581.56,0,24,1.3854,0.1586,1
30,32757.19,10924.02,24,718,1854.51,1,13,0.8461,0.3335,0
37,34491.51,34743.4,36,409,26466.97,1,10,9.5439,1.0073,1
49,78967.76,4675.27,60,828,10544.01,0,24,1.6141,0.0592,0
26,174113.15,19349.58,36,603,11901.88,0,11,0.8573,0.1111,0
34,54520.36,10593.6,24,781,1281.47,0,12,0.3792,0.1943,0
42,17575.54,37036.8,24,436,22527.27,0,7,16.4345,2.1073,1
26,61959.07,44415.36,48,376,11927.13,0,9,2.4892,0.7169,1
46,35775.94,5781.74,60,569,39304.34,0,2,13.2158,0.1616,1
59,65231.46,39681.82,60,384,30085.8,2,5,5.6563,0.6083,1
32,21685.63,44994.67,48,767,14620.75,1,20,8.6093,2.0749,1
55,20221.99,48750.57,48,541,12130.72,1,18,7.8012,2.4108,1
34,41022.57,29810.54,60,363,28741.44,0,17,8.5528,0.7267,1
42,132104.68,17714.81,60,539,10541.21,0,17,0.9844,0.1341,1
43,21526.28,17454.73,36,394,18196.23,2,19,10.4139,0.8109,1
68,40448.82,20190.56,60,697,6835.22,0,24,2.1276,0.4992,0
27,20367.95,31408.04,36,348,10537.28,0,17,6.7222,1.542,1
60,58333.0,25531.04,36,752,4386.22,1,15,1.0482,0.4377,0
45,55988.56,33374.48,36,444,17372.34,0,20,3.9221,0.5961,1
33,20861.33,3887.07,36,697,37107.92,0,12,21.4076,0.1863,1
41,106153.15,7082.31,24,602,4483.98,0,23,0.5402,0.0667,0
61,15470.28,48873.9,48,727,17774.56,0,10,14.5772,3.1592,1
30,126231.37,49778.5,48,316,12283.74,0,17,1.2663,0.3943,1
29,111823.98,37839.62,60,380,14837.08,3,15,1.6599,0.3384,1
35,58893.04,14307.06,48,483,30973.69,0,13,6.3719,0.2429,1
22,83923.99,47762.32,48,766,17684.2,0,6,2.6709,0.5691,1
45,44052.36,12257.73,24,582,26190.54,1,5,7.2735,0.2783,1
33,19453.4,37108.7,36,370,38901.8,0,16,24.6328,1.9076,1
54,56494.09,7532.4,36,389,24850.2,1,22,5.3229,0.1333,1
54,19100.11,33147.42,36,664,13826.86,1,14,9.2655,1.7355,1
55,48701.83,38456.72,48,502,16207.4,0,9,4.1909,0.7896,1
58,23339.31,43262.73,48,530,27988.41,0,24,14.8538,1.8536,1
23,88013.74,37246.69,60,305,27926.2,0,16,3.8922,0.4232,1
62,61580.55,46327.3,24,656,15040.06,2,1,3.307,0.7523,1
26,73642.91,27004.32,24,748,29116.47,0,22,4.9278,0.3667,1
68,60124.67,34516.57,60,445,22247.75,0,16,4.5551,0.5741,1
69,151522.32,19738.4,60,354,39226.6,2,12,3.1327,0.1303,1
39,90530.3,2498.69,60,366,36369.6,0,17,4.8264,0.0276,1
23,136239.97,38321.26,36,446,33042.2,0,18,3.0041,0.2813,1
38,28565.92,43753.31,36,531,1856.21,1,1,1.2903,1.5317,1
59,35399.35,10348.37,36,767,15527.17,0,1,5.361,0.2923,1
29,11453.07,3374.76,36,395,23145.0,0,17,24.3485,0.2947,1
32,38737.65,9896.09,60,790,21103.84,0,6,6.5886,0.2555,1
25,47986.29,44973.89,60,547,30660.84,0,9,7.8548,0.9372,1
23,63613.9,16184.5,60,431,36408.81,0,3,6.919,0.2544,1
31,35647.51,13217.8,36,824,31592.15,0,3,10.7584,0.3708,1
50,76255.18,2700.31,36,369,9197.94,0,23,1.4593,0.0354,1
24,73116.24,16258.65,48,648,19681.68,1,20,3.2858,0.2224,1
25,36895.94,36350.68,60,741,16047.66,0,0,5.4164,0.9852,1
21,27582.61,48036.29,24,555,30764.92,0,1,14.2553,1.7415,1
47,50998.15,17011.58,24,685,35857.4,0,9,8.6041,0.3336,1
48,52030.91,13552.9,48,804,11829.7,0,14,2.7934,0.2605,1
49,34042.22,44627.31,36,715,19811.94,0,11,7.4208,1.3109,1
38,41960.12,42920.23,60,618,29410.78,1,2,8.6156,1.0229,1
32,20937.24,17751.7,36,615,2473.14,0,3,1.7001,0.8479,1
33,73653.75,5302.65,36,629,38541.34,0,8,6.3033,0.072,1
61,74372.36,49615.49,24,431,32098.58,0,13,5.5127,0.6671,1
22,50483.02,34673.81,24,443,21939.27,0,9,5.5585,0.6868,1
57,77598.33,46475.86,60,546,31256.69,0,9,4.9534,0.5989,1
65,53034.29,18409.97,60,362,33536.14,0,4,7.6576,0.3471,1
36,129283.07,33088.9,36,802,20006.49,0,10,1.9423,0.2559,1
68,22519.91,34375.87,36,535,17882.83,0,13,10.0379,1.5265,1
44,55330.21,43899.46,48,696,33589.29,0,5,7.4832,0.7934,1
55,84289.22,49666.79,36,422,34457.04,0,10,5.102,0.5892,1
42,120001.56,7215.98,48,569,5383.29,0,10,0.5534,0.0601,1
56,78869.12,32293.61,36,307,36359.76,0,2,5.6687,0.4095,1
31,26297.04,18149.12,36,641,11433.36,0,12,5.4474,0.6902,1
66,18159.89,40959.6,36,614,26853.11,1,17,18.4963,2.2555,1
49,44270.5,38199.1,60,635,28517.76,1,17,7.9026,0.8629,1
55,60902.59,44840.89,60,555,11549.08,1,5,2.4228,0.7363,1
68,86408.47,18497.74,60,415,12514.96,1,12,1.7808,0.2141,1
35,25405.43,10857.46,48,688,28398.88,2,5,13.5208,0.4274,1
51,70717.11,3046.48,48,384,7415.5,0,11,1.2691,0.0431,1
62,9832.25,14264.32,60,349,34407.33,3,6,42.2834,1.4508,1
61,31454.7,19624.23,48,463,9304.37,1,13,3.7056,0.6239,1
63,82138.86,47411.22,60,447,14371.31,0,8,2.215,0.5772,1
36,23987.15,25585.89,24,435,11033.01,1,2,6.0528,1.0666,1
30,25282.05,28709.1,60,517,10189.27,1,14,5.0634,1.1356,1
69,35765.76,44246.18,24,805,39165.22,0,6,13.7591,1.2371,1
52,54513.05,44483.34,36,671,10506.32,1,6,2.5848,0.816,1
22,25105.62,27339.96,48,533,23344.0,0,23,11.4302,1.089,1
44,48080.39,7457.77,48,414,29942.56,1,20,7.5119,0.1551,1
43,37823.77,14984.78,60,488,2157.99,0,18,0.7639,0.3962,0
22,98199.77,23930.63,36,716,35322.09,0,1,4.3976,0.2437,1
58,36670.63,38056.14,36,496,6539.12,3,19,2.4858,1.0378,1
51,49861.46,36160.72,36,849,23728.6,0,23,5.9524,0.7252,1
60,54165.65,32850.0,36,823,25824.56,1,13,5.9234,0.6065,1
46,38107.17,44251.79,48,313,25367.85,1,4,8.2787,1.1612,1
49,77794.09,40527.03,60,544,29471.12,1,0,4.6502,0.521,1
23,88129.99,49141.48,60,601,37283.88,1,11,5.1882,0.5576,1
34,36556.73,44679.61,24,763,37112.08,2,11,12.7934,1.2222,1
45,58446.8,11391.51,48,732,23334.08,0,18,4.8396,0.1949,1
68,28098.81,4765.6,24,761,15111.79,0,20,6.5385,0.1696,1
21,68753.37,21896.53,36,583,13199.43,2,21,2.4099,0.3185,1
23,56370.08,31640.21,60,833,35524.15,0,1,7.6746,0.5613,1
46,39404.51,32868.97,24,667,34198.58,0,23,10.8317,0.8341,1
38,59752.09,14840.61,48,456,12184.97,1,12,2.5092,0.2484,1
29,69962.41,43274.29,60,762,6517.82,2,11,1.2416,0.6185,1
58,102563.02,17803.83,48,460,34515.11,2,22,4.0817,0.1736,1
43,62223.58,46117.5,60,473,24529.79,0,22,4.8789,0.7412,1
41,83537.11,24636.87,48,798,12868.99,0,6,1.9223,0.2949,1
21,153723.87,2498.75,48,849,24620.63,0,20,1.926,0.0163,1
41,26360.46,9777.98,60,635,3114.77,0,1,1.4921,0.3709,1
47,98991.92,6911.32,48,325,8010.4,0,7,0.9885,0.0698,0
62,28926.43,4113.24,48,803,22058.63,0,18,9.1865,0.1422,1
26,31950.07,36272.83,36,598,21797.15,3,18,8.5651,1.1353,1
64,48674.97,11231.16,60,736,10243.4,1,17,2.5715,0.2307,1
56,33269.01,42253.75,24,310,39292.5,0,1,14.8077,1.2701,1
48,30093.39,14694.5,60,537,16791.25,0,1,6.7933,0.4883,1
65,47275.96,3551.7,60,709,28487.26,0,12,7.2459,0.0751,1
37,40136.87,41392.42,36,633,10709.04,0,5,3.5455,1.0313,1
60,32886.53,24375.0,24,612,17266.86,1,7,6.6711,0.7412,1
23,27679.03,30776.26,24,300,33333.29,3,18,15.0073,1.1119,1
32,115276.58,18138.91,24,822,34019.6,0,5,3.62,0.1574,1
59,23858.12,4209.94,48,387,5842.75,0,18,2.9829,0.1765,1
32,44328.91,19768.5,48,541,14509.46,2,8,4.0393,0.446,1
22,95870.5,26877.75,48,431,8524.44,0,14,1.1371,0.2804,1
66,79676.37,2560.96,24,627,35665.6,0,16,5.3876,0.0321,1
42,56400.26,29565.92,60,410,30277.52,0,22,6.5468,0.5242,1
43,33718.94,44866.02,60,588,22750.79,0,7,8.3627,1.3306,1
50,48472.29,12456.35,24,716,26178.32,0,8,6.6093,0.257,1
25,24973.18,46484.92,24,373,36609.11,0,4,18.5219,1.8614,1
29,41312.45,6685.21,36,407,12479.38,2,5,3.6788,0.1618,1
41,40939.04,41620.94,48,815,1040.16,0,20,0.5591,1.0167,0
31,43381.06,42335.57,48,404,1541.04,0,20,0.6703,0.9759,1
25,30552.26,14372.47,48,681,2344.15,0,10,1.0383,0.4704,1
55,17720.39,47976.48,36,376,5575.0,0,6,4.6778,2.7074,1
47,103892.5,21996.74,36,502,23049.53,1,19,2.7329,0.2117,1
69,90931.5,8780.29,36,800,39252.92,0,14,5.2123,0.0966,1
22,82850.46,30402.29,24,540,17086.74,0,12,2.6583,0.367,0
44,61515.94,49837.51,36,671,28640.45,0,14,5.857,0.8102,1
51,54296.64,45165.99,60,504,31791.0,0,13,7.1924,0.8318,1
53,32331.23,15372.94,24,711,32155.18,0,5,12.1724,0.4755,1
59,34472.05,29695.36,24,513,18010.2,0,3,6.7002,0.8614,1
50,117384.87,7537.65,48,740,22222.87,3,17,2.2878,0.0642,1
66,134557.17,24168.55,48,830,13485.78,0,17,1.2476,0.1796,0
57,43877.11,27107.36,36,511,27670.51,2,3,7.7736,0.6178,1
48,49131.64,17133.36,60,352,15623.26,0,20,3.8856,0.3487,1
51,76068.76,25240.98,24,810,12787.01,0,0,2.1831,0.3318,1
31,51848.43,46157.05,24,387,25278.47,2,2,6.2957,0.8902,1
43,54253.39,26006.61,24,308,13979.59,0,4,3.3317,0.4794,1
22,47293.14,41887.53,48,382,16615.98,0,23,4.4375,0.8857,1
60,27925.58,17234.74,48,324,28579.51,0,19,12.4353,0.6172,1
61,39190.61,48627.4,60,524,34206.71,0,5,10.7221,1.2408,1
47,45242.86,6486.24,48,796,17674.66,0,3,4.7238,0.1434,1
55,10806.89,30108.16,60,729,21126.9,0,4,24.0166,2.786,1
22,51663.56,39914.61,48,727,29982.11,0,11,7.1572,0.7726,1
59,197509.02,41073.97,60,493,9385.46,0,6,0.6118,0.208,1
57,37887.58,11517.49,48,417,16892.73,0,12,5.4264,0.304,1
41,50004.87,21279.0,48,377,32552.55,0,7,7.9182,0.4255,1
25,29605.29,31961.42,36,451,35832.08,1,12,14.8838,1.0796,1
65,25429.38,17162.37,36,355,25973.73,1,11,12.4818,0.6749,1
41,40698.44,33598.21,36,656,16039.12,0,9,5.0043,0.8255,1
49,71530.27,20181.47,60,558,24433.95,0,9,4.1555,0.2821,1
40,42605.9,18841.58,60,834,7564.26,1,7,2.2189,0.4422,0
58,39165.58,7187.27,60,705,1657.18,0,13,0.5444,0.1835,0
40,65996.53,3884.14,60,414,3447.3,0,22,0.6386,0.0589,0
45,55274.02,42093.14,36,773,4772.81,0,3,1.29,0.7615,0
22,57963.24,25498.14,24,633,9413.55,0,19,2.1688,0.4399,1
52,100125.2,29017.91,48,608,18738.17,0,1,2.3182,0.2898,1
46,92853.71,19866.61,48,630,9676.18,0,8,1.304,0.214,1
26,120263.93,8563.62,60,843,23608.76,0,5,2.3699,0.0712,1
61,23677.99,23579.46,36,803,39932.84,1,18,20.5699,0.9958,1
23,81990.06,12989.94,24,387,20178.15,3,2,3.0325,0.1584,1
53,131596.24,42208.79,36,302,30395.79,0,12,2.8786,0.3207,1
21,18405.53,49365.85,48,682,12049.86,0,10,8.5268,2.6821,1
25,48433.32,44676.61,60,823,38533.75,0,13,9.7317,0.9224,1
33,35384.87,27357.16,60,447,10339.67,0,16,3.6611,0.7731,1
39,48310.24,32150.32,36,805,24066.92,0,17,6.1999,0.6655,1
32,97556.5,47509.88,60,383,39341.56,0,4,4.9366,0.487,1
68,21217.01,27856.73,24,697,32425.7,2,24,18.9959,1.3129,1
45,56783.02,32652.28,48,483,39685.32,0,2,8.5305,0.575,1
55,34934.52,32203.02,24,468,15499.65,2,6,5.785,0.9218,1
32,99367.96,35989.82,36,407,3566.44,1,5,0.5514,0.3622,1
50,63105.34,32733.68,48,492,10117.88,0,2,2.0537,0.5187,1
25,44593.89,34193.86,24,513,38325.73,0,19,10.6967,0.7668,1
54,31860.74,36842.93,24,659,15137.83,0,12,6.2797,1.1564,1
42,241531.01,40836.76,24,394,5428.56,0,10,0.3542,0.1691,0
59,57984.62,21346.64,48,842,23927.64,2,20,5.0439,0.3681,1
33,20910.93,37800.03,48,455,20266.73,0,1,12.0822,1.8077,1
67,30138.38,6809.78,60,823,2967.53,0,7,1.2268,0.226,0
23,62791.13,44057.03,36,571,18391.35,1,11,3.7486,0.7016,1
40,31633.89,15922.13,60,462,25498.31,1,11,9.7732,0.5033,1
51,34057.15,21366.1,36,479,9691.17,0,22,3.6238,0.6274,1
25,88570.62,40573.3,48,522,5415.41,0,14,0.8482,0.4581,1
44,83989.39,32575.38,24,415,34659.47,0,24,5.1459,0.3879,1
60,34796.63,16814.14,60,304,25205.2,0,7,8.7889,0.4832,1
53,98964.17,12819.16,48,365,6632.65,0,11,0.8366,0.1295,1
28,32004.46,47970.29,48,826,25349.77,1,22,9.8796,1.4989,1
44,135418.42,6213.27,48,748,29542.61,1,24,2.6294,0.0459,1
40,67678.75,2208.09,60,448,24102.36,1,9,4.2801,0.0326,1
36,58343.84,34300.88,48,400,5088.19,0,20,1.1935,0.5879,0
32,38914.34,31494.77,36,566,5427.42,0,2,1.9434,0.8093,1
33,34023.58,37405.47,36,365,2283.22,2,5,1.1718,1.0994,1
65,12138.06,37118.42,24,649,9743.16,0,24,11.1614,3.058,1
62,41089.69,43436.44,60,419,2856.14,0,21,1.0455,1.0571,1
59,48713.07,46261.21,60,544,32309.49,0,14,8.1491,0.9497,1
45,16388.56,39201.18,60,688,1108.52,0,13,1.2901,2.392,1
66,80340.6,13150.05,60,586,23450.17,0,2,3.5353,0.1637,1
52,44523.71,24247.82,60,347,32488.42,0,17,8.8652,0.5446,1
44,101602.89,32802.33,48,717,35847.09,1,20,4.3145,0.3228,1
68,32526.28,27889.53,48,650,16673.47,0,23,6.3657,0.8574,1
67,102934.95,9627.08,36,454,25026.51,2,23,2.9487,0.0935,1
64,37443.24,30285.11,60,637,38071.1,2,16,12.363,0.8088,1
29,47563.88,44553.38,60,560,27028.61,2,13,7.0065,0.9367,1
60,55791.07,22088.83,60,828,36093.15,0,13,7.8424,0.3959,1
43,47810.61,34108.78,36,502,27529.53,0,15,7.1475,0.7134,1
33,58842.17,31564.85,60,739,3185.89,0,18,0.757,0.5364,0
52,15448.56,20098.07,60,465,8276.88,2,10,6.6894,1.301,1
35,45087.82,29133.02,48,678,37647.82,0,4,10.1814,0.6461,1
56,46711.56,12090.18,36,737,33848.62,0,0,8.7818,0.2588,1
69,14885.03,28213.15,48,347,17197.51,0,21,14.3381,1.8954,1
25,72076.42,40343.82,24,528,6864.46,3,19,1.4227,0.5597,1
42,28372.85,38429.49,60,321,6708.23,2,24,3.1081,1.3544,1
36,86283.83,19181.82,24,574,36242.05,0,17,5.1516,0.2223,1
61,51615.17,7380.09,60,412,7065.21,0,13,1.6712,0.143,1
30,34732.49,40397.24,24,844,15758.06,0,4,6.0259,1.1631,1
44,89573.54,14721.88,48,388,36081.77,1,4,4.8749,0.1644,1
38,132869.17,4546.1,36,310,1820.6,0,21,0.1758,0.0342,1
69,50166.56,23369.26,24,326,25414.28,0,4,6.3121,0.4658,1
38,111851.98,37494.59,48,755,14348.53,0,9,1.6232,0.3352,1
27,44104.81,40807.68,24,330,4757.44,0,9,1.757,0.9252,1
24,87325.09,49145.7,24,746,22917.19,0,8,3.4306,0.5628,1
46,39320.99,11091.57,36,727,19653.6,0,13,6.0919,0.2821,1
25,146610.56,16102.15,48,813,4418.46,1,0,0.3891,0.1098,0
36,93562.45,31255.54,36,698,11054.85,0,23,1.5292,0.3341,0
55,65004.18,40944.5,60,831,29744.07,0,5,5.6168,0.6299,1
46,10717.97,13235.6,36,686,30356.08,1,24,34.3988,1.2349,1
38,64169.93,21675.89,36,629,24147.97,1,6,4.6284,0.3378,1
49,23366.07,21603.23,24,437,4864.24,2,11,2.9604,0.9246,1
43,60594.04,39100.96,24,781,34197.13,0,14,7.095,0.6453,1
34,105503.51,13564.75,24,599,7321.81,1,15,0.8971,0.1286,1
35,74116.85,48500.41,48,331,28977.07,0,2,4.8552,0.6544,1
69,82061.76,26502.26,36,756,2182.08,0,15,0.4267,0.323,0
53,39190.35,15539.21,60,841,13607.28,0,7,4.2458,0.3965,1
45,19638.35,15645.63,24,684,19395.28,0,13,12.2498,0.7967,1
41,30857.39,2878.4,60,631,1604.58,0,2,0.6427,0.0933,0
37,40221.55,35236.68,36,343,7276.37,0,11,2.4629,0.8761,1
43,48608.98,39245.52,36,846,13096.95,0,13,3.5023,0.8074,0
63,104974.92,3556.53,36,723,39309.04,0,18,4.5048,0.0339,1
37,75989.22,30124.86,60,344,31289.3,0,3,5.0204,0.3964,1
34,185690.23,39520.29,60,679,33707.51,0,11,2.2209,0.2128,1
49,26882.41,20059.52,60,796,26866.92,0,2,12.1423,0.7462,1
40,98556.05,22771.6,36,437,12049.58,0,21,1.5442,0.2311,1
50,82885.35,19358.0,36,707,28523.19,0,22,4.2074,0.2336,1
39,45709.56,17151.23,24,484,27112.77,0,15,7.3054,0.3752,1
59,27540.71,25574.8,48,788,24593.07,1,2,10.9478,0.9286,1
33,33884.48,9972.83,60,317,12283.7,0,2,4.4091,0.2943,1
38,32921.01,23153.01,48,371,10896.97,0,6,4.1479,0.7033,1
43,136817.15,47207.61,60,470,13783.82,0,9,1.278,0.345,1
66,80575.53,3315.3,60,376,12839.68,2,24,1.9204,0.0411,1
53,82404.37,9907.68,48,699,3574.39,1,15,0.5506,0.1202,0
59,51668.53,39329.71,48,820,32189.98,1,12,7.6664,0.7612,1
60,42732.81,8338.74,60,500,15085.65,0,18,4.2753,0.1951,1
38,60018.1,15021.48,36,538,28412.15,0,5,5.7641,0.2503,1
29,52129.13,23832.27,24,616,11557.02,0,20,2.889,0.4572,1
53,46276.16,47271.79,60,822,24279.64,0,23,6.5003,1.0215,1
52,61084.49,10808.06,24,619,1869.61,1,8,0.4558,0.1769,1
37,25860.45,46308.06,36,849,4688.52,0,23,2.7725,1.7907,1
39,57538.28,36489.18,36,821,14898.92,1,13,3.3187,0.6342,1
47,45867.86,34214.96,24,827,11115.1,0,16,3.2809,0.7459,1
26,31927.73,36730.04,60,776,14459.43,0,6,5.6646,1.1504,1
55,71996.76,3499.84,24,624,37262.34,1,7,6.235,0.0486,1
57,143933.92,6747.21,60,765,3419.08,0,4,0.2944,0.0469,0
54,105539.63,18072.39,48,341,18777.87,0,19,2.1779,0.1712,1
40,41374.96,5550.44,60,533,8331.14,1,22,2.4431,0.1341,1
45,73030.94,49404.31,48,736,14555.62,0,11,2.5608,0.6765,1
24,81310.63,29859.79,48,579,27242.88,1,21,4.1124,0.3672,1
30,52654.29,25392.5,24,503,38931.1,2,1,9.1136,0.4822,1
30,48320.11,39704.57,48,605,27941.74,0,15,7.1446,0.8217,1
44,60249.87,48894.04,24,809,35451.35,0,24,7.4666,0.8115,1
41,221360.37,47846.24,24,595,6316.72,1,2,0.4505,0.2161,1
31,57204.64,40067.11,36,321,7664.97,0,14,1.8414,0.7004,1
47,22915.01,20104.36,24,541,35132.35,1,16,18.8366,0.8773,1
36,26166.21,5166.06,36,693,24497.13,0,15,11.3004,0.1974,1
46,44235.59,6722.09,36,726,31788.72,0,2,8.6741,0.152,1
50,23199.12,2055.31,24,752,9302.96,3,14,4.8564,0.0886,1
69,45274.05,2091.34,60,806,14269.5,0,0,3.7914,0.0462,1
36,186302.39,46948.25,60,512,3700.86,0,11,0.2888,0.252,0
27,36067.25,46496.81,24,540,35875.63,0,9,12.5808,1.2892,1
36,25530.52,34042.58,48,708,38276.04,0,22,18.3241,1.3334,1
55,43280.31,36880.48,24,344,34369.82,0,5,9.9555,0.8521,1
36,46056.8,26634.01,48,536,17768.62,0,7,4.7741,0.5783,1
60,27084.14,13416.43,60,412,13974.82,0,19,6.2908,0.4954,1
32,23318.0,45890.48,48,806,18772.73,0,5,10.1529,1.968,1
55,110608.32,15329.19,24,749,25685.89,1,18,2.856,0.1386,1
69,66201.5,37504.22,48,837,17544.54,0,3,3.3218,0.5665,1
41,36693.54,13780.91,36,508,17154.0,0,21,5.7351,0.3756,1
63,24508.06,43767.12,36,589,17526.04,0,15,9.1766,1.7858,1
56,35937.44,33259.49,24,797,29910.8,0,4,10.4504,0.9255,1
68,23491.14,32849.36,24,482,31578.24,1,15,16.8303,1.3984,1
37,34624.29,6673.63,24,699,34886.26,0,17,12.1872,0.1927,1
52,169421.47,22134.51,60,507,10098.0,0,24,0.7414,0.1306,1
61,56574.45,27195.61,60,722,6721.44,0,12,1.5218,0.4807,1
26,33832.94,16113.74,60,689,14132.55,0,12,5.1078,0.4763,1
44,73697.29,44286.78,36,665,17107.7,1,17,2.9859,0.6009,1
47,28056.46,42208.16,48,735,28223.77,0,7,12.4477,1.5044,1
40,38431.21,25693.8,36,611,30438.25,0,20,9.7271,0.6686,1
45,16114.86,18321.5,48,638,39374.04,1,6,29.6043,1.1369,1
22,105286.6,40474.03,48,446,15439.79,0,21,1.8558,0.3844,1
29,43432.46,11450.79,24,756,16399.53,0,14,4.6629,0.2636,1
48,29993.66,5432.78,24,710,21912.16,2,1,8.8573,0.1811,1
58,72380.66,4194.1,60,581,32903.25,2,3,5.4666,0.0579,1
23,26143.79,3856.8,24,713,26606.89,0,15,12.2863,0.1475,1
40,27114.92,25466.66,36,396,23120.05,0,11,10.5451,0.9392,1
26,39048.95,14255.05,36,462,26100.82,0,15,8.1426,0.3651,1
59,23896.55,35138.01,36,736,18845.79,0,24,9.9538,1.4704,1
53,33121.26,33386.8,24,495,30482.62,0,22,11.548,1.008,1
21,43525.64,28016.96,24,460,3474.18,0,16,1.2797,0.6437,1
57,45948.44,18936.48,48,554,20606.45,0,19,5.4847,0.4121,1
26,22141.73,42821.9,48,369,32359.82,0,9,18.0213,1.934,1
65,42336.38,36065.73,24,711,12449.5,0,14,3.9547,0.8519,1
54,69452.64,15033.25,36,335,33814.93,0,18,5.9147,0.2165,1
67,76761.75,26081.06,24,604,31421.87,0,13,5.082,0.3398,1
35,36369.43,9501.02,60,769,23436.43,1,0,7.785,0.2612,1
65,43769.67,17781.26,60,608,10459.87,2,20,2.949,0.4062,1
46,42247.82,49862.73,36,496,34512.43,1,24,10.1963,1.1802,1
34,21268.51,12744.52,60,780,1683.77,0,3,1.0699,0.5992,1
27,35450.93,35518.51,24,635,23904.27,0,1,8.5925,1.0019,1
66,79042.19,13444.09,24,590,31411.3,1,22,4.8538,0.1701,1
51,79799.21,47030.46,48,729,19673.41,0,7,3.1058,0.5894,1
44,62763.89,16886.38,60,731,4562.82,0,1,0.9262,0.269,0
51,9929.55,18641.08,60,833,33442.27,0,10,40.7909,1.8773,1
49,30671.6,30505.27,60,809,36408.98,0,9,14.4436,0.9946,1
62,64897.0,30229.37,60,804,22750.73,1,10,4.3,0.4658,1
52,136958.82,29795.67,36,708,31592.61,1,8,2.8406,0.2176,1
37,48594.42,29516.22,36,701,24623.23,0,23,6.283,0.6074,1
34,51923.34,16984.97,24,340,23144.68,0,3,5.5125,0.3271,1
60,45803.19,22851.69,60,683,5665.49,0,3,1.5841,0.4989,0
56,22383.61,30484.81,48,590,17753.31,1,20,9.8581,1.3619,1
68,60545.83,34220.97,24,482,27312.35,2,0,5.6958,0.5652,1
44,19676.72,14150.19,24,339,18452.08,1,22,11.6127,0.7191,1
65,46576.67,35670.8,36,524,24901.7,1,3,6.671,0.7659,1
47,51711.21,46317.26,24,584,35844.94,0,0,8.766,0.8957,1
45,50492.44,38380.53,48,437,14965.75,0,3,3.7468,0.7601,1
52,22492.92,6043.17,60,634,33225.22,0,3,17.7794,0.2687,1
38,32034.99,24518.06,24,437,1647.28,2,0,0.9997,0.7654,1
66,74105.25,22892.66,48,773,34180.16,0,13,5.6121,0.3089,1
38,51211.26,18152.16,36,787,4713.75,0,15,1.2227,0.3545,0
57,32161.19,25583.37,36,445,13196.91,0,8,5.1892,0.7955,1
46,25779.12,23102.42,60,708,20781.07,0,23,9.8527,0.8962,1
29,79354.95,2296.18,24,809,26176.39,0,24,3.9728,0.0289,1
55,50041.99,13354.65,48,384,38147.92,0,6,9.2145,0.2669,1
28,24873.17,12261.54,36,308,12627.7,2,13,6.2565,0.493,1
40,43774.62,18764.46,48,388,3871.28,1,4,1.1684,0.4287,1
62,30222.3,10373.92,36,388,18624.01,0,13,7.5092,0.3433,1
42,58737.16,5254.47,36,518,14138.09,0,12,2.9182,0.0895,1
39,104002.61,11437.42,60,649,24204.71,0,22,2.8148,0.11,1
50,25629.42,43000.97,48,704,36949.91,0,1,17.7198,1.6778,1
48,53868.68,40257.89,48,460,25912.65,0,22,5.9592,0.7473,1
55,53283.96,23220.62,48,342,23331.56,1,19,5.3634,0.4358,1
63,13538.41,44135.12,36,773,10220.34,0,11,10.1456,3.26,1
31,80786.88,13167.95,60,557,10958.19,1,20,1.6603,0.163,1
51,172709.89,30042.04,48,458,17725.0,0,6,1.275,0.1739,1
69,53253.66,8860.39,24,431,35706.05,0,1,8.1291,0.1664,1
68,110832.13,42003.23,48,344,23389.61,0,20,2.6272,0.379,1
59,23092.5,8267.91,36,620,20038.59,0,17,10.5324,0.358,1
56,31848.37,3529.29,60,493,21930.63,0,9,8.2853,0.1108,1
50,51161.67,15125.32,48,817,33434.4,0,5,7.916,0.2956,1
43,29371.85,45244.88,48,562,27276.83,0,23,11.5292,1.5404,1
39,50154.26,8213.94,48,734,37133.29,0,6,8.9255,0.1638,1
32,89502.77,17872.17,24,829,23478.76,0,11,3.2477,0.1997,1
35,28858.54,17187.92,36,596,8243.13,0,20,3.6262,0.5956,1
51,91905.08,40479.02,24,800,1239.67,1,15,0.3821,0.4404,0
63,15460.19,22233.22,24,368,13026.0,1,18,10.8297,1.4381,1
57,34847.65,31355.22,36,324,2978.07,0,19,1.3254,0.8998,1
57,43557.65,21410.38,36,812,16579.07,3,17,4.7313,0.4915,1
35,28108.44,28469.94,48,482,7921.66,0,21,3.6351,1.0129,1
49,35140.58,4997.15,36,353,16494.07,2,13,5.6799,0.1422,1
63,113287.82,19953.41,48,380,16268.53,0,14,1.7673,0.1761,1
46,103152.02,43045.08,24,459,11412.63,0,7,1.5363,0.4173,1
64,75510.01,35171.24,48,685,26286.37,0,23,4.2939,0.4658,1
22,91557.95,49127.79,36,748,17620.64,0,14,2.4883,0.5366,1
40,33785.19,39820.14,48,563,35791.52,2,24,13.0073,1.1786,1
35,23536.22,23672.47,24,608,3505.18,0,20,2.29,1.0058,1
24,30195.24,34461.46,36,343,16719.63,0,11,7.025,1.1413,1
42,33010.78,39243.86,36,500,31150.01,0,21,11.7199,1.1888,1
58,34005.96,14944.82,60,583,20034.14,1,17,7.1575,0.4395,1
43,67297.83,4880.86,48,446,38660.21,1,9,6.9117,0.0725,1
46,59510.42,21480.67,48,739,7405.51,0,19,1.5835,0.361,1
31,44117.1,8944.31,48,703,12982.96,0,13,3.5821,0.2027,1
48,45777.75,15307.57,24,483,5088.09,0,18,1.501,0.3344,1
22,94556.55,47448.58,24,846,10245.82,2,24,1.5512,0.5018,0
28,22581.95,42659.96,36,508,27065.02,0,15,15.012,1.8891,1
49,78731.91,30438.26,36,381,19734.37,1,21,3.1367,0.3866,1
31,13811.04,21260.32,24,562,6901.66,0,21,6.7663,1.5394,1
57,34907.7,14687.86,48,338,19250.46,0,19,6.7228,0.4208,1
38,121340.03,29430.0,48,585,33972.36,0,5,3.4204,0.2425,1
34,58718.21,27591.69,24,322,17873.12,1,12,3.8876,0.4699,1
30,37049.68,39477.48,48,773,1021.97,0,10,0.5974,1.0655,0
55,84896.85,46544.97,24,602,2669.4,1,0,0.6514,0.5483,1
29,70056.86,17788.99,48,505,17805.75,1,8,3.1134,0.2539,1
55,68375.43,11902.26,48,731,23933.18,0,18,4.2438,0.1741,1
31,43442.11,21334.38,60,394,35518.05,0,4,9.9094,0.4911,1
64,87200.65,23001.98,36,774,39287.48,0,6,5.4944,0.2638,1
32,33311.54,3913.77,48,675,39224.86,2,1,14.1596,0.1175,1
23,32379.78,43361.43,48,436,22536.81,0,19,8.687,1.3392,1
59,150929.45,49788.43,24,450,1911.35,0,14,0.3169,0.3299,0
34,36317.33,46314.02,60,501,8932.54,0,5,3.2066,1.2753,1
48,14485.35,43311.92,60,549,17656.1,3,0,15.2247,2.99,1
31,92734.62,49644.81,24,373,35247.2,0,21,4.8287,0.5353,1
59,110944.05,45574.8,24,621,1351.58,1,4,0.3516,0.4108,0
45,42554.88,35041.65,24,848,20618.91,0,1,6.226,0.8234,1
41,13951.75,10004.32,48,465,26311.89,0,21,22.8103,0.7171,1
30,47423.31,9504.81,24,300,11885.08,0,20,3.1076,0.2004,1
63,169970.59,4341.43,36,637,12969.3,0,13,0.9242,0.0255,1
35,55355.73,21767.88,24,590,15842.87,0,16,3.631,0.3932,1
39,77778.07,40823.56,48,370,11346.47,0,11,1.8818,0.5249,1
68,80506.02,25534.21,36,407,17768.94,0,5,2.7543,0.3172,1
42,87796.43,19583.44,48,789,6744.67,0,6,0.9776,0.2231,1
41,149869.17,7243.32,36,480,8373.61,1,15,0.6866,0.0483,1
64,93720.54,4484.16,36,324,1966.88,0,24,0.2678,0.0478,1
52,46703.29,21160.6,36,450,16746.93,1,12,4.454,0.4531,1
43,25096.29,6796.42,48,564,28439.86,0,1,13.6665,0.2708,1
33,63438.65,6970.31,36,502,20493.01,0,21,3.9131,0.1099,1
25,43648.7,20976.72,60,774,21460.98,0,21,5.9962,0.4806,1
24,75363.01,26136.49,60,519,18272.88,0,16,2.9789,0.3468,1
48,29210.33,10960.78,48,381,23601.44,3,23,9.7896,0.3752,1
34,40930.58,34862.51,60,463,9572.22,0,4,2.9767,0.8517,1
28,49350.14,22097.22,36,568,8696.87,0,1,2.264,0.4478,1
29,27902.61,6412.28,24,482,37707.6,0,20,16.3317,0.2298,1
55,50207.33,32577.64,24,479,18291.17,0,19,4.6962,0.6489,1
57,78598.94,19133.35,36,771,33173.44,0,22,5.1459,0.2434,1
41,154211.92,4511.43,60,410,36714.85,0,23,2.8628,0.0293,1
38,31533.76,47503.12,36,344,24787.89,0,0,9.935,1.5064,1
53,84414.59,29417.45,24,849,12302.33,0,0,1.9231,0.3485,0
28,14960.82,24930.58,24,831,27352.23,0,7,22.7723,1.6664,1
69,48799.55,43238.59,48,730,17521.1,0,10,4.53,0.886,1
37,51143.45,46963.54,24,657,38936.19,1,11,9.5949,0.9183,1
63,79898.61,12575.45,48,358,32545.94,0,3,4.9274,0.1574,1
51,35889.21,40886.94,60,523,32690.32,0,23,11.1583,1.1393,1
54,56775.19,41891.84,36,488,23753.22,0,6,5.2664,0.7379,1
26,95325.27,4611.33,48,358,832.41,0,24,0.1169,0.0484,1
42,24925.91,36173.32,36,307,33356.92,1,12,16.5427,1.4512,1
34,15136.85,5022.46,48,783,1502.19,0,6,1.2738,0.3318,0
23,93686.63,30544.32,60,705,5333.14,0,3,0.7483,0.326,1
32,26943.39,34123.37,60,771,33627.43,0,11,15.2302,1.2665,1
56,64483.88,19618.82,48,320,9142.4,0,20,1.7774,0.3042,1
32,157952.98,44277.8,48,683,33724.48,0,22,2.6322,0.2803,0
65,80969.6,40424.56,60,711,9835.86,0,17,1.5576,0.4993,0
22,27369.85,46446.07,36,604,30942.98,1,12,14.1323,1.697,1
22,20387.04,17114.7,60,609,21915.97,0,18,13.0678,0.8395,1
35,30727.63,3033.33,36,530,27004.26,0,2,10.5788,0.0987,1
43,54377.06,40950.14,48,535,33604.21,0,13,7.6041,0.7531,1
49,42194.71,12702.91,36,345,39369.12,0,15,11.2968,0.3011,1
37,110981.06,24423.49,48,521,3884.83,1,24,0.4751,0.2201,0
52,73150.66,41231.42,36,455,27572.64,2,1,4.711,0.5637,1
27,31622.31,12374.49,48,394,38369.66,0,19,14.6583,0.3913,1
50,81441.53,16971.62,24,382,15264.93,0,23,2.3534,0.2084,1
48,121036.92,23075.84,24,544,13682.92,0,0,1.4519,0.1907,1
34,40576.71,15047.59,60,309,27359.09,0,24,8.1652,0.3708,1
64,65365.45,24143.43,60,388,16377.07,0,13,3.0804,0.3694,1
50,29005.97,2460.64,48,625,8971.19,0,21,3.7327,0.0848,1
37,45024.04,12185.02,36,585,6877.95,3,3,1.9234,0.2706,1
52,28704.14,41962.56,48,514,8108.89,1,4,3.7555,1.4619,1
66,103112.32,21847.13,24,371,28320.29,0,6,3.4018,0.2119,1
26,36276.83,32547.48,24,507,36788.46,2,10,12.6178,0.8972,1
44,63832.76,13149.82,48,438,32337.54,3,11,6.1307,0.206,1
26,71764.71,33194.18,24,678,18203.96,1,7,3.2752,0.4625,1
47,316616.5,49998.75,60,701,21379.75,1,20,0.8419,0.1579,0
38,41796.14,30573.81,48,822,24996.85,0,6,7.3597,0.7315,1
44,30752.08,32161.21,60,639,23407.89,0,2,9.3433,1.0458,1
57,46942.0,7352.95,60,475,38754.67,0,1,9.9384,0.1566,1
44,29427.68,21362.31,60,656,35524.38,2,17,14.6313,0.7259,1
58,36589.59,43314.8,24,677,2219.84,0,9,1.3199,1.1838,1
54,75844.87,42045.05,36,615,33512.75,0,18,5.4871,0.5544,1
60,32760.78,27075.16,36,374,5005.41,0,21,2.1089,0.8265,1
67,68677.89,45365.8,36,398,27763.28,0,14,5.0712,0.6606,1
35,70113.38,8860.98,60,564,11783.18,0,16,2.042,0.1264,1
31,56932.63,33593.09,48,382,31048.64,0,18,6.6918,0.59,1
42,73255.25,13946.41,60,527,839.95,0,2,0.1757,0.1904,0
44,41083.39,32986.95,60,430,15599.74,1,12,4.7171,0.8029,1
21,14740.53,6195.19,48,309,1350.13,0,1,1.2042,0.4203,1
38,50795.24,47293.24,36,844,38164.44,0,14,9.3264,0.9311,1
64,51378.52,39743.94,36,543,1106.91,0,16,0.5164,0.7736,1
32,39257.83,11646.16,36,525,6633.95,0,0,2.1267,0.2967,1
63,72310.67,32589.28,60,527,21801.28,0,13,3.7081,0.4507,1
48,77542.66,38438.99,60,544,26022.97,0,0,4.1263,0.4957,1
60,55876.23,12053.4,24,743,29295.15,0,23,6.3993,0.2157,1
27,52009.58,6479.85,36,760,10252.64,0,21,2.4071,0.1246,0
43,101851.17,18885.43,60,681,12389.3,0,24,1.4968,0.1854,0
41,25734.69,8516.21,24,491,9976.16,1,10,4.8173,0.3309,1
54,40182.0,29154.16,60,821,10140.88,0,2,3.1736,0.7256,1
31,89204.92,22357.52,60,457,31380.82,0,12,4.2715,0.2506,1
42,67606.88,24196.37,36,555,37945.95,0,22,6.8546,0.3579,1
62,42573.29,28057.45,48,846,24034.22,0,21,6.9392,0.659,1
55,61966.17,49138.5,60,805,6718.51,0,8,1.4597,0.793,0
49,35280.13,40046.51,60,466,3084.6,0,14,1.2762,1.1351,1
62,54001.56,32214.63,60,321,9947.47,0,8,2.3298,0.5965,1
48,74075.01,19457.87,36,366,7522.88,0,24,1.3063,0.2627,1
38,106417.05,3299.33,60,316,23351.59,0,6,2.6394,0.031,1
34,72878.11,7593.33,24,554,28068.26,1,24,4.6738,0.1042,1
38,111099.14,37081.63,36,487,681.34,1,6,0.1848,0.3338,0
48,20628.25,19721.79,24,627,17865.0,0,24,10.8706,0.9561,1
44,12995.68,18053.0,36,679,25107.68,0,1,23.6471,1.3892,1
28,13233.73,44670.96,60,645,8118.59,0,1,8.0368,3.3755,1
62,95763.22,25256.43,60,539,36088.35,0,22,4.5749,0.2637,1
65,70418.58,45179.7,24,772,22185.98,0,21,4.1015,0.6416,1
28,31856.97,44558.65,24,606,14143.21,0,21,6.0269,1.3987,1
24,38912.22,5848.7,36,475,1237.69,1,20,0.4318,0.1503,1
47,59987.2,47377.42,36,612,19630.12,1,0,4.1901,0.7898,1
56,31761.72,5693.83,48,843,13769.87,3,22,5.2473,0.1793,1
25,30021.85,48248.29,48,634,38797.08,0,17,15.9093,1.6071,1
53,33098.87,23725.52,48,678,15460.82,0,15,5.7845,0.7168,1
69,31435.63,38521.31,60,839,36879.79,1,23,14.3233,1.2254,1
54,50337.95,35894.93,24,632,27599.15,0,9,6.9359,0.7131,1
50,132962.84,26887.76,24,439,3421.54,0,22,0.4099,0.2022,0
28,26788.64,31733.83,48,584,37342.46,0,15,17.0237,1.1846,1
59,46913.66,47596.07,48,642,7153.71,0,12,2.0835,1.0145,1
67,64625.83,46512.87,36,568,18196.93,0,1,3.6188,0.7197,1
46,67597.92,33407.65,48,485,36958.66,0,1,6.6845,0.4942,1
57,36187.67,33570.5,24,409,33226.14,0,9,11.4818,0.9277,1
54,71055.71,13853.06,36,334,19759.48,0,23,3.402,0.195,1
27,63071.06,41773.93,48,521,8673.36,0,11,1.8158,0.6623,1
60,37393.21,32364.96,60,813,20615.81,0,4,6.789,0.8655,1
48,21771.68,41659.94,48,398,22131.56,0,7,12.6767,1.9135,1
59,24686.47,33576.92,60,309,39879.0,0,16,19.6571,1.3601,1
59,76688.98,16367.36,48,508,33049.24,0,8,5.2248,0.2134,1
48,115409.09,11095.11,36,337,34522.02,2,23,3.6216,0.0961,1
34,49043.02,5694.36,60,393,39454.4,1,21,9.6771,0.1161,1
58,113680.06,30127.76,60,532,21171.11,0,14,2.2878,0.265,1
24,47504.12,15634.47,36,462,23616.45,0,12,6.0754,0.3291,1
62,24669.19,32264.46,60,541,18450.55,0,13,9.2366,1.3079,1
38,43231.29,4815.51,36,397,5455.43,0,7,1.5514,0.1114,0
64,119984.06,20031.83,48,682,21247.64,0,16,2.1668,0.167,1
68,34129.61,14506.55,36,588,23512.26,0,10,8.4086,0.425,1
45,45180.85,19776.04,36,440,9872.25,0,7,2.768,0.4377,1
27,99845.66,4605.6,36,502,31421.56,1,13,3.7918,0.0461,1
58,95805.47,36760.71,36,787,5417.05,0,0,0.8064,0.3837,0
48,58897.61,7601.47,24,703,20328.97,0,11,4.2064,0.1291,1
25,67561.17,2691.33,60,716,26677.17,0,19,4.7463,0.0398,1
23,92754.35,47421.88,48,605,2669.79,0,9,0.4732,0.5113,1
64,58990.72,11258.07,36,436,32260.11,0,11,6.626,0.1908,1
51,105694.28,41746.94,24,429,12514.09,0,18,1.6183,0.395,1
67,73362.18,48294.59,24,415,28851.09,0,14,5.0484,0.6583,1
62,44858.22,27637.82,48,437,4774.27,0,2,1.4312,0.6161,1
40,63621.85,27253.67,60,714,25001.8,0,8,4.8014,0.4284,1
39,38899.43,19636.03,48,460,22509.88,0,7,7.0702,0.5048,1
68,27465.19,22428.55,36,547,6425.1,0,9,3.0794,0.8166,1
31,24714.24,25139.62,60,433,25177.42,0,7,12.4283,1.0172,1
60,43306.14,9300.53,60,825,27807.31,0,15,7.7483,0.2148,1
23,59147.42,19507.36,48,570,20190.84,0,10,4.1788,0.3298,1
43,144441.6,41173.21,48,524,23353.78,0,22,2.0115,0.2851,0
27,62921.8,10755.11,60,420,35553.07,0,23,6.8146,0.1709,1
43,54989.38,37032.96,48,762,28059.27,1,23,6.2916,0.6735,1
27,46176.09,33276.16,60,539,36285.21,0,21,9.5737,0.7206,1
66,39560.19,4750.29,48,320,22317.59,0,7,6.7997,0.1201,1
54,53021.61,3076.59,60,747,7406.7,0,17,1.6879,0.058,0
62,41545.42,18921.37,36,628,10228.49,0,6,3.1062,0.4554,1
39,40339.63,35224.17,24,747,7468.22,0,2,2.6582,0.8732,1
29,80214.92,17860.06,48,554,13742.32,0,7,2.1115,0.2227,1
68,28439.05,34051.2,60,461,19362.68,0,4,8.4096,1.1973,1
38,42194.61,33941.99,24,602,10609.29,0,4,3.4195,0.8044,1
61,32449.18,40714.62,24,487,19287.57,0,18,7.7601,1.2547,1
68,52604.81,6775.31,24,329,14892.14,1,16,3.4615,0.1288,1
65,81818.27,29702.19,48,735,22436.22,0,13,3.3814,0.363,1
62,60475.5,4999.86,48,614,17426.29,0,17,3.4785,0.0827,1
45,42935.73,10445.46,36,687,17646.67,0,1,5.0131,0.2433,1
34,86183.06,17624.04,48,779,19879.54,0,22,2.8191,0.2045,1
64,83251.73,35954.68,48,434,39521.07,0,17,5.8046,0.4319,1
45,50196.45,48746.14,48,337,22483.66,2,6,5.6177,0.9711,1
39,127490.64,18441.0,24,587,29071.84,0,16,2.8087,0.1446,1
59,63046.86,27014.94,36,368,16961.45,0,17,3.3712,0.4285,1
35,62035.1,14434.67,24,366,13371.04,3,15,2.7028,0.2327,1
36,23822.69,34423.5,36,491,36704.8,0,22,18.9707,1.445,1
47,17850.43,19596.12,48,419,29823.23,0,6,20.3232,1.0978,1
60,50922.59,25116.62,60,700,23505.98,0,17,5.6379,0.4932,1
30,89174.71,29255.02,48,699,13789.04,0,11,1.9376,0.3281,1
24,59700.99,34939.63,24,822,10685.48,3,15,2.4404,0.5852,0
39,86727.95,4882.48,24,313,10456.83,0,13,1.475,0.0563,1
48,38249.59,28635.25,24,845,20397.37,3,6,6.7736,0.7486,1
41,51508.26,22695.88,36,768,35055.41,0,24,8.3138,0.4406,1
67,49514.15,8420.72,24,453,35301.39,0,7,8.6405,0.1701,1
34,16632.36,11985.76,60,469,29926.92,0,13,21.736,0.7206,1
53,143394.04,44426.72,60,685,21928.4,0,21,1.8971,0.3098,1
68,100562.72,43845.25,48,605,9778.93,0,19,1.2759,0.436,0
30,85567.45,3599.85,36,617,19414.67,1,13,2.7367,0.0421,1
39,105974.76,35091.27,36,653,27941.54,0,2,3.2743,0.3311,0
50,37043.36,28600.99,48,510,24003.16,0,7,7.9687,0.7721,1
42,79020.68,47111.16,24,754,20804.35,3,18,3.4574,0.5962,1
23,36992.25,45584.27,24,491,17414.36,0,11,6.2652,1.2323,1
57,53572.98,29818.97,48,634,30224.31,0,10,6.9092,0.5566,1
61,17234.34,8669.84,48,366,33768.29,0,20,23.6381,0.5031,1
38,44834.27,24071.12,48,411,29054.99,1,10,7.9109,0.5369,1
31,19571.84,36807.89,48,406,37548.14,0,2,23.4919,1.8807,1
68,23098.36,47683.36,36,325,31305.0,0,8,16.9516,2.0644,1
22,47466.46,19463.81,36,365,18298.89,0,10,4.7628,0.4101,1
32,32059.89,39664.23,24,713,24861.76,0,22,9.9243,1.2372,1
26,60076.49,34800.36,36,799,20422.5,2,18,4.2724,0.5793,1
63,133916.51,5758.05,36,300,22079.77,1,9,1.9929,0.043,1
60,33758.01,28782.89,36,758,35880.14,0,22,13.0386,0.8526,1
64,41820.35,10808.42,48,668,12383.91,0,15,3.6181,0.2584,1
49,73035.9,34810.37,36,441,1017.24,0,3,0.326,0.4766,1
50,32795.82,31284.07,24,313,27978.05,0,0,10.7141,0.9539,1
22,31912.81,48706.31,36,767,7650.04,1,3,3.3853,1.5262,1
29,37546.41,46898.37,48,830,6592.18,1,7,2.4192,1.2491,1
67,83160.55,2449.9,36,709,39702.81,0,15,5.7389,0.0295,1
22,16967.77,5841.41,60,449,11037.62,0,5,7.8749,0.3443,1
49,29481.24,38918.45,24,632,8548.83,0,0,4.1398,1.3201,1
53,122827.08,34910.87,36,373,8043.84,2,15,0.8806,0.2842,1
30,7635.05,40445.39,24,737,16787.96,0,0,29.0343,5.2973,1
54,45414.11,14807.12,48,682,16672.0,0,19,4.4868,0.326,1
64,122756.73,42767.49,24,650,25483.73,0,15,2.6653,0.3484,1
28,154197.88,23236.13,60,565,4593.73,0,21,0.3876,0.1507,1
57,79190.61,14571.61,60,704,25600.07,0,3,3.9161,0.184,1
53,99022.55,2509.17,24,722,18418.5,0,24,2.2447,0.0253,1
67,27745.59,43825.47,48,378,8702.34,0,1,4.1587,1.5795,1
26,29147.56,27696.5,24,608,31239.73,0,13,13.3365,0.9502,1
64,137104.47,48818.34,36,332,19225.48,0,5,1.8014,0.3561,1
60,41843.66,36304.71,36,727,28823.92,0,22,8.5554,0.8676,1
65,15895.02,5860.02,24,634,36862.5,0,19,28.0138,0.3687,1
39,63009.94,30233.18,36,754,14459.49,1,11,2.9137,0.4798,1
52,43713.04,2821.98,36,711,35967.23,0,4,9.8952,0.0646,1
47,51466.12,28773.53,48,769,8413.49,0,13,2.1015,0.5591,1
21,11745.59,18809.68,24,814,9274.15,0,4,10.2757,1.6014,1
63,10007.35,32878.2,36,420,26716.05,0,17,33.1308,3.2854,1
53,58778.75,27995.56,24,449,4553.95,0,15,1.1679,0.4763,1
60,40868.78,14544.82,24,452,18463.81,0,20,5.5993,0.3559,1
52,37267.71,9792.83,36,555,8946.37,0,15,2.9683,0.2628,1
25,61962.84,21426.15,48,362,23048.83,0,9,4.5502,0.3458,1
37,30720.07,49368.14,48,592,32369.49,0,10,13.0461,1.607,1
28,41803.51,22913.53,60,367,2175.77,0,20,0.7342,0.5481,1
62,37449.4,37941.78,24,524,16825.75,0,4,5.8981,1.0131,1
54,83388.66,4734.73,60,753,29361.57,0,3,4.2366,0.0568,1
29,15877.77,20185.56,48,589,14019.04,1,19,10.9131,1.2713,1
43,33242.62,29855.51,36,546,2147.39,0,6,1.0745,0.8981,0
55,94264.22,38057.43,36,615,23859.52,0,5,3.1719,0.4037,1
27,29664.8,27362.42,48,591,5246.5,0,14,2.3529,0.9224,0
35,52678.98,26734.19,48,779,15111.83,0,14,3.5693,0.5075,1
40,133474.32,38667.53,24,513,39626.06,0,23,3.7074,0.2897,1
45,53908.02,17037.81,60,817,16221.79,0,16,3.6742,0.3161,1
23,177070.23,6349.31,60,492,33792.85,0,9,2.2973,0.0359,1
66,113542.85,18663.22,48,733,34462.35,0,17,3.6833,0.1644,1
44,33156.75,9631.82,24,373,10881.83,2,10,4.0836,0.2905,1
54,22961.81,48365.32,36,373,24022.45,2,17,13.2564,2.1063,1
66,34120.35,29720.55,48,562,37924.62,1,1,13.5557,0.8711,1
42,61576.3,23436.82,60,385,24450.14,0,2,4.841,0.3806,1
31,60340.34,45778.49,24,357,32623.55,0,5,6.8672,0.7587,1
68,73036.76,45217.35,24,716,18771.24,2,2,3.3937,0.6191,1
28,28134.68,21953.47,24,580,28913.43,0,6,12.7223,0.7803,1
59,30730.91,43986.91,60,507,1363.15,0,2,0.8186,1.4314,0
63,68536.38,5073.24,24,442,31605.2,0,14,5.5708,0.074,1
55,161868.62,44514.52,36,712,27038.05,2,12,2.0961,0.275,1
69,25382.84,16908.01,60,351,14674.53,3,5,7.0708,0.6661,1
66,46935.96,29125.87,48,316,16970.94,0,1,4.4941,0.6205,1
58,39502.23,14945.05,24,718,13401.25,0,1,4.2602,0.3783,1
28,53488.61,49270.38,60,723,21209.32,1,18,4.9425,0.9211,1
57,23900.65,5445.44,48,500,4792.69,2,7,2.4633,0.2278,1
47,51682.49,23453.85,48,717,33874.14,0,8,7.9786,0.4538,1
48,101973.66,31807.43,36,741,19383.12,0,1,2.3849,0.3119,1
60,18501.49,31549.39,48,801,2202.54,0,6,1.8549,1.7052,1
54,89109.35,37460.4,36,381,22341.99,0,16,3.1488,0.4204,1
52,23934.02,36771.94,60,379,37255.43,0,14,18.9863,1.5364,1
35,57232.99,40070.85,36,488,3954.69,0,3,1.0626,0.7001,0
64,65728.42,13245.8,60,779,5366.11,1,21,1.02,0.2015,0
37,61396.35,19784.31,60,455,15793.74,0,22,3.1514,0.3222,1
53,40131.32,20337.59,24,459,29557.16,0,12,9.0915,0.5068,1
67,72947.43,47880.3,36,343,24382.57,0,2,4.2298,0.6564,1
66,23055.5,21646.97,60,461,18589.4,0,11,9.8633,0.9389,1
36,84858.82,12649.72,24,809,39713.46,0,2,5.6905,0.1491,1
49,37085.46,32352.53,36,812,7838.83,0,20,2.8273,0.8724,1
29,59468.35,22508.81,36,507,32959.39,0,18,6.777,0.3785,1
53,39701.54,14003.84,48,396,5391.56,0,8,1.7178,0.3527,1
69,122916.8,36326.5,24,320,7594.48,0,15,0.8892,0.2955,0
49,63779.15,11212.41,48,654,12170.05,0,17,2.3337,0.1758,0
33,72521.39,32400.99,60,804,34987.28,0,15,5.8786,0.4468,1
41,78632.25,22665.47,36,703,18046.13,0,11,2.8501,0.2882,1
41,42421.34,17320.02,60,522,16133.52,0,6,4.6455,0.4083,1
25,58312.04,47407.15,24,699,19883.67,2,22,4.4983,0.813,1
30,54131.45,17571.56,36,761,25420.8,1,18,5.7436,0.3246,1
26,72181.6,18680.35,60,331,17228.02,2,23,2.9159,0.2588,1
33,37520.33,43790.64,36,788,38520.0,0,11,12.7088,1.1671,1
21,32082.22,8194.08,48,587,5846.01,0,10,2.2505,0.2554,1
40,99617.17,7187.3,24,736,19288.82,0,11,2.3596,0.0721,1
67,78592.15,15569.97,24,679,16909.61,0,18,2.6809,0.1981,1
66,29625.36,30398.52,24,736,27861.92,0,20,11.7988,1.0261,1
28,153482.32,20446.41,36,429,38541.79,0,16,3.0578,0.1332,1
30,34792.32,31210.62,60,740,11892.31,0,14,4.2811,0.8971,1
29,52636.97,9668.03,60,792,38235.4,0,9,8.7535,0.1837,1
69,98835.49,14549.64,24,544,33194.14,1,3,4.1038,0.1472,1
61,98271.79,29127.79,36,351,32513.88,2,17,4.0691,0.2964,1
23,32103.58,12423.16,36,529,3386.5,0,12,1.3948,0.387,1
31,66859.27,22294.62,36,764,37653.05,2,4,6.8692,0.3335,1
32,40695.42,29487.1,60,485,33637.65,0,19,10.0638,0.7246,1
30,63053.4,48735.24,24,461,27541.03,0,19,5.6279,0.7729,1
45,45460.59,5834.56,60,498,5550.44,0,3,1.4908,0.1283,1
69,38497.39,24099.87,48,700,17091.47,0,15,5.4841,0.626,1
69,27517.47,21021.01,36,771,33689.02,0,20,14.946,0.7639,1
45,99817.9,41563.58,48,755,17782.49,0,24,2.2419,0.4164,1
31,31373.91,45214.26,24,844,17739.98,0,24,7.5058,1.4411,1
56,118305.07,45536.63,24,712,11169.97,0,19,1.3255,0.3849,1
59,41098.19,20006.69,60,830,2521.94,2,8,0.8337,0.4868,0
46,65564.61,16623.45,24,420,20763.65,0,23,3.9271,0.2535,1
34,123444.9,23558.59,24,368,31091.54,0,20,3.1178,0.1908,1
59,37859.79,18511.34,60,592,6269.82,0,23,2.0851,0.4889,1
60,65062.79,36504.85,60,709,35804.21,0,6,6.7158,0.5611,1
21,65934.69,12251.41,60,579,22433.72,0,17,4.1201,0.1858,1
24,32861.45,33616.84,60,832,32585.81,0,9,12.1039,1.023,1
50,56013.92,46495.4,24,718,26848.07,2,14,6.1668,0.8301,1
32,76639.81,15435.85,48,327,5830.35,1,23,0.9632,0.2014,1
55,136021.61,34490.75,60,695,36310.39,1,8,3.2541,0.2536,1
33,38217.92,8890.93,24,727,28866.92,0,17,9.1802,0.2326,1
51,60326.44,7826.43,24,443,1905.37,1,10,0.4439,0.1297,1
58,45422.33,7550.93,24,392,23411.75,0,11,6.2682,0.1662,1
63,55051.08,8649.35,24,334,19464.99,0,1,4.3215,0.1571,1
43,34369.47,12375.91,24,769,34436.59,0,8,12.2035,0.3601,1
24,44292.7,29015.86,60,825,5350.0,0,16,1.5805,0.6551,0
36,121896.44,38815.31,60,614,23838.34,0,2,2.4104,0.3184,1
27,52915.79,8089.14,36,783,12756.06,0,13,2.9437,0.1529,1
42,51311.15,43760.72,36,675,10201.95,1,2,2.6702,0.8529,1
49,29394.46,42450.38,60,787,1390.15,0,5,0.8563,1.4442,0
31,94334.01,36914.63,60,795,13623.02,0,10,1.8112,0.3913,1
53,81485.18,22446.36,60,675,16145.79,0,22,2.4328,0.2755,1
49,52910.5,2074.75,48,790,18187.57,2,2,4.1347,0.0392,1
59,153380.08,37268.72,60,598,29521.51,0,14,2.3583,0.243,1
32,35612.2,44191.33,24,652,16439.93,0,7,6.1601,1.2409,1
27,26228.97,18093.75,48,653,8211.98,0,1,3.9295,0.6898,1
59,46306.83,36463.4,48,780,16226.78,2,10,4.4019,0.7874,1
62,29485.9,4978.29,24,703,3247.82,0,13,1.4062,0.1688,1
68,56635.93,36055.75,24,693,38896.93,0,2,8.5598,0.6366,1
46,51221.64,5278.81,36,702,3116.22,0,9,0.7644,0.1031,0
60,97903.66,30184.94,24,790,8474.69,0,17,1.1929,0.3083,0
29,37293.3,30682.56,60,823,17407.25,0,17,5.7657,0.8227,1
61,59826.98,16503.51,60,693,37369.53,1,11,7.5507,0.2759,1
54,54783.3,5797.89,36,403,7560.12,3,21,1.6913,0.1058,1
65,80782.89,47568.07,48,310,16291.25,0,18,2.5672,0.5888,1
33,24878.28,27707.72,48,524,39578.02,0,18,19.3688,1.1137,1
56,28604.9,29828.39,36,616,24280.88,2,8,10.5336,1.0428,1
45,34635.93,31521.0,60,721,24776.04,0,0,8.7659,0.9101,1
44,25575.47,44770.3,36,572,38978.11,0,24,18.872,1.7505,1
64,70784.68,4892.27,60,353,20490.88,1,11,3.4876,0.0691,1
37,71192.05,44877.81,60,472,601.15,0,1,0.2274,0.6304,1
22,94394.52,13504.47,24,546,1723.7,0,1,0.2907,0.1431,0
33,44916.5,5741.61,36,458,27415.23,1,4,7.3669,0.1278,1
51,37144.25,33548.76,36,405,8854.69,0,21,3.1617,0.9032,1
49,27769.75,48894.83,60,594,19399.99,1,23,8.7354,1.7607,1
48,107166.3,4747.62,60,575,22279.2,2,0,2.5036,0.0443,1
47,42901.07,22453.85,24,342,26860.33,0,11,7.7749,0.5234,1
35,31713.55,27429.66,60,493,3807.99,0,4,1.6139,0.8649,1
51,76899.5,14101.71,60,610,30521.73,2,13,4.7995,0.1834,1
60,39993.41,49177.86,48,402,36846.64,1,7,11.3632,1.2296,1
35,25843.62,32766.23,36,549,10601.95,0,10,5.3454,1.2679,1
53,29131.63,42528.83,24,695,15527.62,0,17,7.1261,1.4599,1
40,51756.93,21957.33,24,595,29880.82,0,9,7.1401,0.4242,1
62,25760.86,18989.88,60,537,10313.41,0,8,4.9517,0.7372,1
32,46567.01,28551.58,36,588,21918.66,0,14,5.8527,0.6131,1
57,29176.82,22893.37,48,836,26567.9,0,9,11.1232,0.7846,1
29,27789.3,36317.51,24,555,35231.32,0,3,15.8671,1.3069,1
43,36579.04,14759.27,60,820,14141.95,0,10,4.7201,0.4035,1
28,53936.84,23580.37,36,418,19959.61,2,22,4.5864,0.4372,1
52,59379.12,44966.37,48,418,7791.68,0,16,1.7639,0.7573,1
68,85356.82,38293.18,36,390,12650.61,0,17,1.928,0.4486,1
34,30643.22,10067.37,24,471,4249.99,1,16,1.8286,0.3285,1
47,112973.14,44569.51,60,415,8306.69,0,23,0.9612,0.3945,0
45,250840.07,30272.8,60,833,14175.35,0,0,0.7023,0.1207,0
33,38102.39,34605.78,24,648,17258.74,0,24,5.8896,0.9082,1
41,16978.29,16124.32,24,775,28421.66,0,11,20.5629,0.9497,1
65,17241.13,23194.12,36,744,18608.73,0,22,13.4003,1.3453,1
51,36384.99,40727.0,24,407,2437.44,0,14,1.3636,1.1193,0
57,32322.85,17872.46,36,421,30351.94,1,20,11.4526,0.5529,1
68,49172.18,9922.96,60,521,21545.47,0,16,5.2983,0.2018,1
63,66500.92,20158.64,48,758,37606.63,0,19,6.8618,0.3031,1
25,22659.9,5322.5,60,797,25591.98,0,2,13.5997,0.2349,1
33,44226.79,36457.11,60,669,21590.31,0,6,6.0229,0.8243,1
48,36185.46,9091.8,48,420,12129.94,1,0,4.0854,0.2513,1
63,166263.73,15686.04,48,500,9840.19,0,19,0.7338,0.0943,1
45,21397.95,44291.89,48,460,9586.33,3,10,5.8935,2.0699,1
55,31092.08,27943.89,60,517,16581.35,0,4,6.5793,0.8987,1
67,50017.05,17424.25,24,699,7269.17,1,2,1.9182,0.3484,1
59,31217.77,28288.01,60,684,33846.29,0,20,13.1916,0.9062,1
27,96748.42,12477.33,24,363,32305.3,0,19,4.0714,0.129,1
58,26584.28,3208.31,36,511,29289.48,3,20,13.2613,0.1207,1
52,28295.85,30979.16,60,368,2425.66,0,8,1.2477,1.0948,1
23,101885.99,36278.04,48,423,3340.28,0,23,0.4824,0.3561,0
65,23991.52,44229.52,60,676,25638.8,0,7,13.1926,1.8435,1
59,80882.57,39050.4,60,595,30084.25,2,1,4.56,0.4828,1
57,37363.82,46480.53,48,657,1555.28,0,18,0.8105,1.244,1
42,33826.37,49325.77,36,824,11974.76,3,15,4.7341,1.4582,1
28,36144.99,37756.9,36,367,5883.19,0,15,2.3014,1.0446,1
37,25026.04,43660.32,36,569,9635.52,1,3,5.2018,1.7446,1
47,84477.34,34339.11,36,432,20975.89,0,9,3.1151,0.4065,1
53,53190.77,10205.01,60,361,4815.17,0,16,1.1247,0.1919,0
66,83665.15,10721.72,60,460,9578.45,3,24,1.3995,0.1282,1
37,99290.86,7292.45,48,325,22813.88,0,14,2.7756,0.0734,1
62,67820.25,47262.79,24,585,20570.31,0,17,3.9881,0.6969,1
32,20503.16,34292.08,48,745,34374.85,0,1,20.5369,1.6725,1
68,27403.57,39915.67,36,548,6447.9,0,7,3.3091,1.4566,1
66,81678.68,17895.55,24,390,15110.45,0,9,2.3295,0.2191,1
47,50680.81,24100.24,48,335,37012.21,0,24,8.8825,0.4755,1
68,72419.26,3909.42,36,306,31934.03,0,0,5.3095,0.054,1
28,46473.75,44672.36,24,805,24095.61,1,17,6.7024,0.9612,1
43,37880.19,42944.16,24,620,30875.2,0,15,10.3477,1.1337,1
62,72474.66,39670.94,36,501,18211.04,1,9,3.1978,0.5474,1
69,17388.16,4798.5,24,843,36472.14,0,4,25.3083,0.276,1
49,40463.65,10363.99,48,555,24186.43,2,8,7.2368,0.2561,1
40,51015.55,18040.19,48,460,27977.61,1,9,6.6694,0.3536,1
36,55559.82,14627.01,48,329,26253.45,2,4,5.7361,0.2633,1
37,22545.75,42246.07,24,756,27074.2,0,6,15.3472,1.8738,1
36,23112.56,11352.12,24,561,25821.99,2,5,13.6523,0.4912,1
39,38719.9,27541.97,36,309,3413.69,0,13,1.2951,0.7113,1
28,47209.1,29426.29,36,658,24352.04,0,21,6.3978,0.6233,1
58,124621.34,22400.57,24,575,31444.28,0,17,3.1177,0.1797,1
58,28946.72,13553.02,48,423,515.64,1,12,0.3308,0.4682,1
49,36465.33,48094.13,24,567,35721.19,0,9,12.4146,1.3189,1
61,127376.24,21843.16,60,577,38113.23,2,13,3.6249,0.1715,1
56,92823.26,36910.88,48,375,5563.52,0,7,0.8187,0.3976,0
46,25124.56,10834.23,60,825,21634.56,0,21,10.4193,0.4312,1
51,73516.71,41494.94,36,475,4868.56,2,13,0.9828,0.5644,1
64,80776.54,12362.81,24,335,11678.81,2,3,1.8115,0.153,1
32,55130.17,34414.72,60,569,25048.96,0,22,5.5772,0.6242,1
37,24247.85,26311.81,24,301,12462.68,0,8,6.7102,1.0851,1
35,34293.03,9034.74,60,555,14939.23,0,22,5.2803,0.2635,1
29,33631.65,3197.56,24,813,29972.33,0,5,10.7419,0.0951,1
59,67328.94,46675.92,48,662,23211.83,3,1,4.3103,0.6933,1
62,37886.05,8033.14,36,406,20962.77,0,2,6.7104,0.212,1
68,41819.59,35837.67,48,433,13304.85,0,22,4.032,0.857,1
32,34159.75,33328.88,36,708,28313.97,0,10,10.2717,0.9757,1
52,19243.52,18402.56,48,750,17246.68,0,16,10.9939,0.9563,1
45,232595.9,10898.38,36,834,36003.14,0,0,1.8731,0.0469,0
59,62422.12,10559.76,48,650,24263.15,0,2,4.7066,0.1692,1
38,118563.96,30095.74,24,327,21763.35,0,13,2.3296,0.2538,1
35,25100.35,28252.22,48,836,32223.81,2,10,15.687,1.1256,1
52,121933.21,44044.88,60,364,19674.93,0,20,2.0085,0.3612,1
26,38642.8,32720.15,60,493,11531.89,0,15,3.7504,0.8467,1
64,67384.13,41325.2,24,506,6626.33,0,13,1.4867,0.6133,1
63,88880.69,3555.83,24,598,22691.83,1,18,3.0837,0.04,1
55,121366.02,34207.67,24,339,17281.84,0,8,1.8497,0.2819,1
54,47675.48,13218.01,60,763,16196.35,0,22,4.1321,0.2772,1
58,26833.13,14136.27,48,322,14301.58,1,1,6.5275,0.5268,1
25,48588.18,36587.67,24,427,27028.68,0,9,7.0519,0.753,1
38,69886.57,40084.78,48,562,21000.36,1,2,3.7493,0.5736,1
36,35542.05,19843.3,36,334,21720.93,0,14,7.5197,0.5583,1
28,38030.14,39923.69,48,786,12670.93,0,11,4.2606,1.0498,1
45,19361.39,23299.74,48,400,24739.21,0,18,15.634,1.2034,1
52,27257.96,43166.98,60,381,16438.88,0,8,7.5538,1.5836,1
46,63996.21,3195.38,48,616,30894.46,0,13,5.8055,0.0499,1
42,83213.55,6007.76,60,629,21416.46,0,14,3.1028,0.0722,1
51,94945.06,39264.89,36,495,11933.37,0,22,1.6461,0.4136,1
63,192061.86,31956.3,60,713,6335.32,0,10,0.4291,0.1664,0
30,119718.43,28832.97,36,808,28147.47,2,10,2.9016,0.2408,1
32,44747.35,31470.98,36,780,15158.68,0,2,4.2996,0.7033,1
48,27961.76,46649.15,24,367,3087.69,0,10,2.1593,1.6683,1
26,42037.3,33465.78,48,692,36639.29,0,0,10.6581,0.7961,1
40,35217.71,33078.85,48,572,15772.49,0,3,5.6091,0.9393,1
25,54150.9,38454.6,24,598,29964.76,1,20,6.9953,0.7101,1
43,83664.14,43597.79,24,440,18627.15,0,24,2.9323,0.5211,1
29,65372.67,14571.8,48,484,35691.58,0,19,6.6074,0.2229,1
49,126193.68,31603.95,24,488,1648.35,0,9,0.282,0.2504,0
36,62150.59,30030.8,24,318,10746.57,0,17,2.3165,0.4832,1
66,22802.86,8472.78,36,380,22058.15,0,0,11.732,0.3716,1
42,34822.0,26975.21,24,797,13267.55,1,20,4.9595,0.7747,1
28,62414.01,5338.42,24,841,29836.2,0,2,5.7792,0.0855,1
40,56229.78,10878.06,60,517,27692.52,0,24,5.9486,0.1935,1
34,107468.33,45822.23,48,824,1508.21,0,2,0.275,0.4264,0
59,49228.25,7723.67,60,637,24220.26,0,18,5.9354,0.1569,1
57,44097.5,29787.98,24,420,33517.51,0,17,9.4587,0.6755,1
54,19065.02,17527.07,24,768,12967.07,0,12,8.6215,0.9193,1
31,30211.15,28655.04,60,671,6004.68,2,2,2.5748,0.9485,1
60,58998.27,13278.73,24,781,29662.73,2,24,6.1458,0.2251,1
53,55591.87,23330.21,36,478,36066.88,0,22,7.9252,0.4197,1
51,70047.71,43632.0,60,410,26447.72,1,17,4.6554,0.6229,1
64,64237.86,20058.41,60,308,33918.72,1,18,6.3987,0.3123,1
54,45797.19,18945.49,48,521,39947.27,0,7,10.5706,0.4137,1
27,26875.84,23413.67,60,407,20225.75,1,13,9.205,0.8712,1
69,49037.63,6823.66,36,636,37443.9,2,23,9.2093,0.1392,1
43,47736.56,20592.66,24,503,14102.31,0,0,3.7607,0.4314,1
66,111646.51,2331.21,60,826,29953.11,0,0,3.2236,0.0209,1
27,108761.43,26163.06,60,752,36107.91,0,7,4.032,0.2406,1
45,36780.84,42701.17,48,494,21074.57,0,11,7.166,1.161,1
23,33753.75,28499.51,48,560,25245.46,1,7,9.1862,0.8443,1
58,21759.15,31170.81,24,308,38834.51,1,10,22.1332,1.4325,1
40,44403.22,3467.04,60,515,10421.61,0,13,2.8321,0.0781,1
54,36881.88,43256.72,36,412,14561.13,0,17,5.1286,1.1728,1
69,234308.98,20480.17,24,639,31004.93,2,11,1.6316,0.0874,1
64,25103.75,48792.93,36,346,13968.33,0,7,7.325,1.9437,1
64,50774.45,7782.34,60,788,20280.63,0,0,4.8238,0.1533,1
50,33332.35,47344.25,24,621,2493.08,0,20,1.6077,1.4204,0
37,49750.22,32445.96,48,397,22836.62,0,9,5.6713,0.6522,1
30,40133.32,4512.33,48,744,25258.0,0,4,7.5803,0.1124,1
55,79769.64,48641.56,36,392,3762.88,0,13,0.7693,0.6098,0
40,63843.55,2665.91,24,551,10134.14,0,7,1.9257,0.0418,1
38,78185.47,37073.61,36,462,17610.88,1,23,2.861,0.4742,1
65,31219.49,44697.44,48,457,31359.02,0,11,12.4116,1.4317,1
64,93674.56,10438.95,60,437,1355.45,0,3,0.1959,0.1114,0
47,36716.44,18481.15,48,683,13588.31,0,17,4.5669,0.5033,1
69,21083.62,28939.01,60,611,693.26,0,14,0.6691,1.3726,0
56,43952.54,34630.85,36,589,21090.65,0,5,6.0208,0.7879,1
43,52471.18,43850.04,36,364,20201.64,0,10,4.8986,0.8357,1
52,23159.38,38531.38,36,497,30337.18,0,12,16.2738,1.6637,1
30,82797.85,19439.89,60,827,654.82,0,19,0.1419,0.2348,0
31,30130.82,41442.55,36,836,30469.19,0,1,12.5932,1.3754,1
58,29366.95,48371.68,36,549,35703.47,0,8,15.1383,1.6471,1
26,49019.6,12895.34,24,838,13038.09,3,8,3.3233,0.2631,1
61,81992.44,5556.59,60,416,13680.77,2,22,2.0158,0.0678,1
67,23635.52,22477.75,36,785,542.23,2,1,0.5923,0.951,1
54,86195.82,44307.06,36,662,17449.96,0,2,2.6007,0.514,1
56,13418.37,9213.99,60,325,24714.06,0,24,22.239,0.6867,1
57,59778.47,44518.31,60,792,5346.45,0,23,1.2222,0.7447,0
37,24889.06,49626.23,48,656,26458.01,1,9,13.2549,1.9939,1
60,30359.65,4592.11,48,711,14946.84,3,17,5.9457,0.1513,1
60,139069.98,25772.31,24,775,27083.42,0,20,2.4296,0.1853,1
32,27094.94,17786.5,36,713,10418.34,0,17,4.833,0.6565,1
41,47394.14,20896.63,60,421,31098.53,0,0,7.9622,0.4409,1
60,25847.61,23678.47,36,760,22179.69,1,24,10.6025,0.9161,1
39,77770.18,37505.79,48,728,21561.2,0,14,3.4475,0.4823,1
23,62652.93,30382.39,48,542,19782.27,1,12,3.9102,0.4849,1
38,68178.27,48137.65,48,702,33758.01,0,14,6.1182,0.7061,1
39,96618.12,17972.7,60,551,22393.06,0,22,2.8184,0.186,1
67,40027.19,27992.2,36,374,6804.17,0,3,2.273,0.6993,1
26,93405.41,41039.77,60,411,25219.34,0,18,3.3279,0.4394,1
36,119843.7,19905.36,36,659,20806.42,0,2,2.1387,0.1661,0
28,58143.37,24334.36,24,467,3222.85,0,12,0.8744,0.4185,0
68,25241.12,34878.78,48,549,23452.7,0,6,11.4952,1.3818,1
38,23790.11,43315.72,48,512,3635.7,0,24,2.2891,1.8207,1
68,63918.5,21952.71,48,742,29130.86,1,11,5.5549,0.3434,1
63,25231.41,27533.62,48,345,26363.84,0,22,12.8114,1.0912,1
59,21893.87,48805.87,60,317,19983.63,1,1,11.3988,2.2292,1
69,83303.45,4038.52,48,649,30076.98,0,15,4.3448,0.0485,1
69,37224.46,23514.98,36,519,11589.33,0,21,3.9466,0.6317,1
32,209324.32,32527.13,36,697,18133.83,1,7,1.0914,0.1554,1
65,33041.53,2404.52,48,397,1103.89,0,22,0.4191,0.0728,0
30,36373.1,30645.75,48,304,39537.59,0,11,13.2546,0.8425,1
27,60811.06,4697.6,60,458,2722.06,2,1,0.5526,0.0772,1
66,55422.4,43162.8,60,386,4625.98,3,15,1.1574,0.7788,1
21,46606.2,40740.13,36,419,20047.98,0,22,5.4533,0.8741,1
69,45946.0,3548.25,36,742,15348.18,0,14,4.0343,0.0772,1
56,343073.24,4342.59,24,471,21527.77,0,8,0.7593,0.0127,1
41,132781.81,38173.47,36,534,33482.95,1,14,3.1218,0.2875,1
57,81317.32,19738.15,24,777,6765.52,0,2,1.1198,0.2427,1
44,23499.82,29601.24,48,420,25761.5,1,10,13.4698,1.2596,1
45,46894.4,14975.76,48,796,1212.4,0,18,0.3901,0.3194,0
27,72862.3,10302.51,48,721,31706.76,0,14,5.2573,0.1414,1
62,76797.82,16211.7,36,434,32717.37,0,20,5.1826,0.2111,1
37,105510.36,13842.26,36,614,15485.42,0,24,1.8049,0.1312,1
49,33366.52,23518.76,48,368,7346.66,0,0,2.8184,0.7049,1
50,47900.37,37840.46,60,497,32536.91,2,6,8.3091,0.79,1
27,31163.13,28598.21,48,310,36413.76,0,22,14.2513,0.9177,1
53,109190.37,31240.56,24,429,3474.61,0,3,0.5249,0.2861,1
27,74555.29,24563.77,60,409,23402.37,0,21,3.8326,0.3295,1
44,36155.87,17587.21,60,326,37557.1,0,0,12.5623,0.4864,1
31,56102.0,8888.42,36,699,25927.57,0,19,5.5986,0.1584,1
29,50523.09,19019.14,36,619,32902.65,0,10,7.9404,0.3764,1
32,28912.83,33929.53,24,493,9577.97,0,18,4.562,1.1735,1
55,85656.44,37221.32,48,645,4542.25,0,11,0.745,0.4345,0
24,51337.94,24520.71,48,315,15359.42,0,20,3.7096,0.4776,1
56,35682.22,32959.87,36,372,16106.85,0,7,5.7247,0.9237,1
48,28616.37,12105.97,36,500,31555.05,0,12,13.3733,0.423,1
33,81859.35,43283.18,48,463,16548.63,0,4,2.5581,0.5288,1
43,57577.37,43564.95,60,306,9845.79,0,0,2.2033,0.7566,1
39,32312.45,17375.74,24,360,35510.45,0,17,13.4565,0.5377,1
62,36362.7,28290.19,24,651,31414.85,0,1,10.7562,0.778,1
57,49183.43,31119.78,24,784,26858.41,2,8,6.8694,0.6327,1
59,50934.01,24676.64,36,750,8680.95,1,12,2.2067,0.4845,1
44,55007.93,45734.82,60,713,8590.08,0,12,2.0402,0.8314,1
36,16957.85,37506.41,24,330,19908.53,0,22,15.1939,2.2117,1
53,52693.51,34280.5,60,390,21471.37,1,14,5.0198,0.6506,1
32,23588.38,26964.47,36,817,10615.76,0,19,5.7815,1.1431,1
54,114852.33,6072.67,36,745,5373.13,0,8,0.579,0.0529,0
27,91652.16,7175.43,48,584,14846.55,1,14,1.9634,0.0783,1
31,98129.0,16352.43,60,692,17448.79,0,24,2.1671,0.1666,0
51,11211.15,12153.07,60,438,2575.4,1,6,2.9734,1.084,1
49,40965.72,47721.49,60,629,22803.27,0,10,6.9127,1.1649,1
33,46779.27,21671.0,48,432,579.42,2,24,0.2645,0.4633,1
51,69216.73,44077.06,24,625,6471.33,1,24,1.4403,0.6368,1
22,84164.18,41267.82,24,829,6304.9,1,22,1.1441,0.4903,0
59,105955.6,41003.37,36,320,27658.41,0,4,3.2614,0.387,1
35,12211.05,12353.96,48,778,19692.72,0,8,19.6053,1.0117,1
31,30309.6,23471.45,60,757,33523.43,0,13,13.4273,0.7744,1
54,50750.63,17261.7,48,817,10961.52,0,18,2.6769,0.3401,0
59,80635.92,48579.73,36,835,8817.69,0,14,1.513,0.6025,0
24,79307.42,44083.73,24,524,32214.36,0,15,5.1523,0.5559,1
31,65182.19,13996.34,24,629,18046.06,0,19,3.4296,0.2147,1
49,33448.54,17048.98,36,667,11332.11,0,14,4.2354,0.5097,1
22,36102.58,27387.64,48,441,17021.26,0,21,5.8473,0.7586,1
36,33601.66,15373.08,36,498,17298.3,0,22,6.3302,0.4575,1
59,27210.76,41577.44,60,335,23098.25,0,14,10.492,1.528,1
33,26983.08,41323.1,60,765,1987.82,2,23,1.1903,1.5314,1
57,25478.34,36768.34,36,737,10293.99,0,3,5.3294,1.4431,1
37,59968.22,35086.89,60,490,18942.32,0,24,3.9075,0.5851,1
41,52817.52,28270.47,60,396,21920.58,0,18,5.0873,0.5352,1
64,28111.33,18661.39,24,803,6770.85,0,18,3.2222,0.6638,1
39,17555.29,42173.05,48,666,8148.09,0,4,6.1702,2.4023,1
27,39277.22,43223.94,24,449,29240.32,0,1,9.4838,1.1005,1
58,119137.47,4376.45,24,342,31529.51,0,0,3.1941,0.0367,1
28,49198.87,21133.73,48,596,3468.13,0,8,0.9533,0.4296,0
33,79224.91,3278.12,24,618,39608.16,0,7,6.02,0.0414,1
57,54613.02,42294.91,60,517,17608.39,0,11,4.0239,0.7744,1
22,47340.39,10500.48,36,787,23637.16,0,2,6.0656,0.2218,1
61,20255.24,34345.6,36,445,23949.21,0,20,14.7537,1.6956,1
31,38406.77,19154.04,48,627,14167.86,1,7,4.5514,0.4987,1
44,35565.35,41171.14,36,558,22019.23,0,17,7.8153,1.1576,1
26,119220.64,26464.97,36,418,23544.38,3,22,2.4438,0.222,1
46,54717.15,17571.29,36,441,30550.13,0,8,6.807,0.3211,1
27,105505.83,17545.79,36,589,26640.8,0,3,3.0855,0.1663,1
59,96419.9,17692.51,24,524,18143.75,0,15,2.3498,0.1835,1
39,29509.03,39851.8,60,528,8057.56,0,17,3.5467,1.3505,1
26,49054.92,36133.55,60,556,1493.82,0,24,0.5127,0.7366,1
63,134716.41,17322.28,36,544,26248.23,2,9,2.3809,0.1286,1
49,68727.7,25529.99,48,475,19369.34,0,16,3.4748,0.3715,1
63,66279.2,5655.36,24,654,38638.23,3,21,7.0382,0.0853,1
59,84808.3,41720.01,36,821,4383.52,0,7,0.7842,0.4919,0
22,65396.8,14765.83,36,438,3368.62,0,1,0.6934,0.2258,1
39,68037.42,44682.81,48,418,7660.5,0,9,1.5153,0.6567,1
24,58762.92,30646.24,24,558,15384.94,0,11,3.4025,0.5215,1
26,39980.44,29255.37,36,491,7419.4,0,6,2.4708,0.7317,1
69,25981.64,9810.5,48,429,18821.92,2,6,8.7876,0.3776,1
57,16088.0,5337.7,24,457,13918.46,0,12,10.5476,0.3318,1
48,40230.27,28525.6,24,560,39979.97,1,18,12.2799,0.7091,1
50,63701.45,24463.48,36,689,38684.77,0,9,7.4154,0.384,1
27,56564.83,7744.79,48,823,14910.23,0,19,3.1974,0.1369,1
29,71793.33,42108.21,48,431,31787.93,0,23,5.4599,0.5865,1
45,45450.26,22027.53,36,707,10045.08,0,5,2.8137,0.4847,1
53,250997.95,14501.97,36,452,2780.99,0,12,0.1522,0.0578,0
21,165438.42,39837.06,36,581,2099.28,0,17,0.2325,0.2408,0
26,19721.07,45827.08,48,345,1652.49,1,15,1.5865,2.3238,1
38,72686.09,16686.21,24,598,29569.44,2,21,4.9965,0.2296,1
30,87663.88,39245.59,36,320,14017.8,0,6,2.0681,0.4477,1
48,13718.34,33320.94,60,464,33041.48,0,7,29.3885,2.4289,1
31,54183.44,49506.93,60,567,35016.44,0,7,7.9378,0.9137,1
53,66846.16,11791.65,36,400,12567.46,0,15,2.3149,0.1764,1
21,48855.73,48112.59,60,672,11921.17,0,7,3.125,0.9848,1
33,61795.4,17133.06,24,332,12663.16,2,14,2.5977,0.2773,1
57,51402.29,21773.81,24,535,19280.22,1,7,4.7128,0.4236,1
40,74723.33,19223.64,60,497,1129.82,0,5,0.2329,0.2573,1
